
**** Build of configuration Debug for project Lab1.1_ASM_Blinky1_Jones ****

"C:\\ti\\ccs1281\\ccs\\utils\\bin\\gmake" -k -j 8 all -O 
 
Building file: "../main_Lab1.1.asm"
Invoking: MSP430 Compiler
"C:/ti/ccs1281/ccs/tools/compiler/ti-cgt-msp430_21.6.1.LTS/bin/cl430" -vmspx --code_model=small --data_model=small --use_hw_mpy=F5 --include_path="C:/ti/ccs1281/ccs/ccs_base/msp430/include" --include_path="C:/ALL_STORAGE_HERE/Classwork/Spring 2026/Microproccesors/CCS Workspace/Lab1.1_ASM_Blinky1_Jones" --include_path="C:/ti/ccs1281/ccs/tools/compiler/ti-cgt-msp430_21.6.1.LTS/include" --advice:power=all --advice:hw_config=all --define=__MSP430FR2355__ --define=_FRWP_ENABLE --define=_INFO_FRWP_ENABLE -g --printf_support=minimal --diag_warning=225 --diag_wrap=off --display_error_number --silicon_errata=CPU21 --silicon_errata=CPU22 --silicon_errata=CPU40 --preproc_with_compile --preproc_dependency="main_Lab1.1.d_raw"  "../main_Lab1.1.asm"
Finished building: "../main_Lab1.1.asm"
 
Building target: "Lab1.1_ASM_Blinky1_Jones.out"
Invoking: MSP430 Linker
"C:/ti/ccs1281/ccs/tools/compiler/ti-cgt-msp430_21.6.1.LTS/bin/cl430" -vmspx --code_model=small --data_model=small --use_hw_mpy=F5 --advice:power=all --advice:hw_config=all --define=__MSP430FR2355__ --define=_FRWP_ENABLE --define=_INFO_FRWP_ENABLE -g --printf_support=minimal --diag_warning=225 --diag_wrap=off --display_error_number --silicon_errata=CPU21 --silicon_errata=CPU22 --silicon_errata=CPU40 -z -m"Lab1.1_ASM_Blinky1_Jones.map" --heap_size=0 --stack_size=0 --cinit_hold_wdt=on -i"C:/ti/ccs1281/ccs/ccs_base/msp430/include" -i"C:/ti/ccs1281/ccs/ccs_base/msp430/lib/FR2xx" -i"C:/ti/ccs1281/ccs/tools/compiler/ti-cgt-msp430_21.6.1.LTS/lib" -i"C:/ti/ccs1281/ccs/tools/compiler/ti-cgt-msp430_21.6.1.LTS/include" --priority --reread_libs --define=_FRWP_ENABLE --define=_INFO_FRWP_ENABLE --diag_wrap=off --display_error_number --warn_sections --xml_link_info="Lab1.1_ASM_Blinky1_Jones_linkInfo.xml" --entry_point=RESET --use_hw_mpy=F5 -o "Lab1.1_ASM_Blinky1_Jones.out" "./main_Lab1.1.obj" "../lnk_msp430fr2355.cmd"  -lfrwp_init.a -llibc.a 
<Linking>
warning #10366-D: automatic library build: using library "C:\ti\ccs1281\ccs\tools\compiler\ti-cgt-msp430_21.6.1.LTS\lib\rts430x_sc_sd_eabi.lib" for the first time, so it must be built.  This may take a few minutes.
Creating library c:/users/jones/appdata/local/temp/ti_mkl~1/rts430x_sc_sd_eabi.lib
Finished building target: "Lab1.1_ASM_Blinky1_Jones.out"
 

**** Build Finished ****

**** Build of configuration Debug for project Lab1.1_ASM_Blinky1_Jones ****

"C:\\ti\\ccs1281\\ccs\\utils\\bin\\gmake" -k -j 8 all -O 
 
Building file: "../main_Lab1.1.asm"
Invoking: MSP430 Compiler
"C:/ti/ccs1281/ccs/tools/compiler/ti-cgt-msp430_21.6.1.LTS/bin/cl430" -vmspx --code_model=small --data_model=small --use_hw_mpy=F5 --include_path="C:/ti/ccs1281/ccs/ccs_base/msp430/include" --include_path="C:/ALL_STORAGE_HERE/Classwork/Spring 2026/Microproccesors/CCS Workspace/Lab1.1_ASM_Blinky1_Jones" --include_path="C:/ti/ccs1281/ccs/tools/compiler/ti-cgt-msp430_21.6.1.LTS/include" --advice:power=all --advice:hw_config=all --define=__MSP430FR2355__ --define=_FRWP_ENABLE --define=_INFO_FRWP_ENABLE -g --printf_support=minimal --diag_warning=225 --diag_wrap=off --display_error_number --silicon_errata=CPU21 --silicon_errata=CPU22 --silicon_errata=CPU40 --preproc_with_compile --preproc_dependency="main_Lab1.1.d_raw"  "../main_Lab1.1.asm"
No Assembly Errors, 1 Assembly Warning
"../main_Lab1.1.asm", WARNING! at line 38: [W5369] Silicon Errata CPU40: A jump instruction at the end of a section should be followed by a NOP.
			jmp		main			; Repeat main loop forever
 
Finished building: "../main_Lab1.1.asm"
 
Building target: "Lab1.1_ASM_Blinky1_Jones.out"
Invoking: MSP430 Linker
"C:/ti/ccs1281/ccs/tools/compiler/ti-cgt-msp430_21.6.1.LTS/bin/cl430" -vmspx --code_model=small --data_model=small --use_hw_mpy=F5 --advice:power=all --advice:hw_config=all --define=__MSP430FR2355__ --define=_FRWP_ENABLE --define=_INFO_FRWP_ENABLE -g --printf_support=minimal --diag_warning=225 --diag_wrap=off --display_error_number --silicon_errata=CPU21 --silicon_errata=CPU22 --silicon_errata=CPU40 -z -m"Lab1.1_ASM_Blinky1_Jones.map" --heap_size=0 --stack_size=0 --cinit_hold_wdt=on -i"C:/ti/ccs1281/ccs/ccs_base/msp430/include" -i"C:/ti/ccs1281/ccs/ccs_base/msp430/lib/FR2xx" -i"C:/ti/ccs1281/ccs/tools/compiler/ti-cgt-msp430_21.6.1.LTS/lib" -i"C:/ti/ccs1281/ccs/tools/compiler/ti-cgt-msp430_21.6.1.LTS/include" --priority --reread_libs --define=_FRWP_ENABLE --define=_INFO_FRWP_ENABLE --diag_wrap=off --display_error_number --warn_sections --xml_link_info="Lab1.1_ASM_Blinky1_Jones_linkInfo.xml" --entry_point=RESET --use_hw_mpy=F5 -o "Lab1.1_ASM_Blinky1_Jones.out" "./main_Lab1.1.obj" "../lnk_msp430fr2355.cmd"  -lfrwp_init.a -llibc.a 
<Linking>
Finished building target: "Lab1.1_ASM_Blinky1_Jones.out"
 

**** Build Finished ****

**** Build of configuration Debug for project Lab1.1_ASM_Blinky1_Jones ****

"C:\\ti\\ccs1281\\ccs\\utils\\bin\\gmake" -k -j 8 all -O 
 
Building file: "../main_Lab1.1.asm"
Invoking: MSP430 Compiler
"C:/ti/ccs1281/ccs/tools/compiler/ti-cgt-msp430_21.6.1.LTS/bin/cl430" -vmspx --code_model=small --data_model=small --use_hw_mpy=F5 --include_path="C:/ti/ccs1281/ccs/ccs_base/msp430/include" --include_path="C:/ALL_STORAGE_HERE/Classwork/Spring 2026/Microproccesors/CCS Workspace/Lab1.1_ASM_Blinky1_Jones" --include_path="C:/ti/ccs1281/ccs/tools/compiler/ti-cgt-msp430_21.6.1.LTS/include" --advice:power=all --advice:hw_config=all --define=__MSP430FR2355__ --define=_FRWP_ENABLE --define=_INFO_FRWP_ENABLE -g --printf_support=minimal --diag_warning=225 --diag_wrap=off --display_error_number --silicon_errata=CPU21 --silicon_errata=CPU22 --silicon_errata=CPU40 --preproc_with_compile --preproc_dependency="main_Lab1.1.d_raw"  "../main_Lab1.1.asm"
1 Assembly Error, 1 Assembly Warning
 
>> Compilation failure
subdir_rules.mk:9: recipe for target 'main_Lab1.1.obj' failed
"../main_Lab1.1.asm", ERROR!   at line 33: [E0002] Illegal mnemonic specified
			#mov.w	#0FFFFH, R4		; Put a big number into R4
 
"../main_Lab1.1.asm", WARNING! at line 39: [W5369] Silicon Errata CPU40: A jump instruction at the end of a section should be followed by a NOP.
			jmp		main			; Repeat main loop forever
 
 
Errors in Source - Assembler Aborted
gmake: *** [main_Lab1.1.obj] Error 1
gmake: Target 'all' not remade because of errors.

**** Build Finished ****

**** Build of configuration Debug for project Lab1.1_ASM_Blinky1_Jones ****

"C:\\ti\\ccs1281\\ccs\\utils\\bin\\gmake" -k -j 8 all -O 
 
Building file: "../main_Lab1.1.asm"
Invoking: MSP430 Compiler
"C:/ti/ccs1281/ccs/tools/compiler/ti-cgt-msp430_21.6.1.LTS/bin/cl430" -vmspx --code_model=small --data_model=small --use_hw_mpy=F5 --include_path="C:/ti/ccs1281/ccs/ccs_base/msp430/include" --include_path="C:/ALL_STORAGE_HERE/Classwork/Spring 2026/Microproccesors/CCS Workspace/Lab1.1_ASM_Blinky1_Jones" --include_path="C:/ti/ccs1281/ccs/tools/compiler/ti-cgt-msp430_21.6.1.LTS/include" --advice:power=all --advice:hw_config=all --define=__MSP430FR2355__ --define=_FRWP_ENABLE --define=_INFO_FRWP_ENABLE -g --printf_support=minimal --diag_warning=225 --diag_wrap=off --display_error_number --silicon_errata=CPU21 --silicon_errata=CPU22 --silicon_errata=CPU40 --preproc_with_compile --preproc_dependency="main_Lab1.1.d_raw"  "../main_Lab1.1.asm"
No Assembly Errors, 1 Assembly Warning
"../main_Lab1.1.asm", WARNING! at line 38: [W5369] Silicon Errata CPU40: A jump instruction at the end of a section should be followed by a NOP.
			jmp		main			; Repeat main loop forever
 
Finished building: "../main_Lab1.1.asm"
 
Building target: "Lab1.1_ASM_Blinky1_Jones.out"
Invoking: MSP430 Linker
"C:/ti/ccs1281/ccs/tools/compiler/ti-cgt-msp430_21.6.1.LTS/bin/cl430" -vmspx --code_model=small --data_model=small --use_hw_mpy=F5 --advice:power=all --advice:hw_config=all --define=__MSP430FR2355__ --define=_FRWP_ENABLE --define=_INFO_FRWP_ENABLE -g --printf_support=minimal --diag_warning=225 --diag_wrap=off --display_error_number --silicon_errata=CPU21 --silicon_errata=CPU22 --silicon_errata=CPU40 -z -m"Lab1.1_ASM_Blinky1_Jones.map" --heap_size=0 --stack_size=0 --cinit_hold_wdt=on -i"C:/ti/ccs1281/ccs/ccs_base/msp430/include" -i"C:/ti/ccs1281/ccs/ccs_base/msp430/lib/FR2xx" -i"C:/ti/ccs1281/ccs/tools/compiler/ti-cgt-msp430_21.6.1.LTS/lib" -i"C:/ti/ccs1281/ccs/tools/compiler/ti-cgt-msp430_21.6.1.LTS/include" --priority --reread_libs --define=_FRWP_ENABLE --define=_INFO_FRWP_ENABLE --diag_wrap=off --display_error_number --warn_sections --xml_link_info="Lab1.1_ASM_Blinky1_Jones_linkInfo.xml" --entry_point=RESET --use_hw_mpy=F5 -o "Lab1.1_ASM_Blinky1_Jones.out" "./main_Lab1.1.obj" "../lnk_msp430fr2355.cmd"  -lfrwp_init.a -llibc.a 
<Linking>
Finished building target: "Lab1.1_ASM_Blinky1_Jones.out"
 

**** Build Finished ****

**** Build of configuration Debug for project Lab1.1_ASM_Blinky1_Jones ****

"C:\\ti\\ccs1281\\ccs\\utils\\bin\\gmake" -k -j 8 all -O 
 
gmake[1]: 'Lab1.1_ASM_Blinky1_Jones.out' is up to date.

**** Build Finished ****

**** Build of configuration Debug for project Lab1.1_ASM_Blinky1_Jones ****

"C:\\ti\\ccs1281\\ccs\\utils\\bin\\gmake" -k -j 8 all -O 
 
gmake[1]: 'Lab1.1_ASM_Blinky1_Jones.out' is up to date.

**** Build Finished ****

**** Build of configuration Debug for project Lab5.1_ASM_Debugger_Jones ****

"C:\\ti\\ccs1281\\ccs\\utils\\bin\\gmake" -k -j 8 all -O 
 
Building file: "../Lab5.1main.asm"
Invoking: MSP430 Compiler
"C:/ti/ccs1281/ccs/tools/compiler/ti-cgt-msp430_21.6.1.LTS/bin/cl430" -vmspx --code_model=small --data_model=small --use_hw_mpy=F5 --include_path="C:/ti/ccs1281/ccs/ccs_base/msp430/include" --include_path="C:/ALL_STORAGE_HERE/Classwork/Spring 2026/Microproccesors/CCS Workspace/Lab5.1_ASM_Debugger_Jones" --include_path="C:/ti/ccs1281/ccs/tools/compiler/ti-cgt-msp430_21.6.1.LTS/include" --advice:power=all --advice:hw_config=all --define=__MSP430FR2355__ --define=_FRWP_ENABLE --define=_INFO_FRWP_ENABLE -g --printf_support=minimal --diag_warning=225 --diag_wrap=off --display_error_number --silicon_errata=CPU21 --silicon_errata=CPU22 --silicon_errata=CPU40 --preproc_with_compile --preproc_dependency="Lab5.1main.d_raw"  "../Lab5.1main.asm"
No Assembly Errors, 1 Assembly Warning
"../Lab5.1main.asm", WARNING! at line 35: [W5369] Silicon Errata CPU40: A jump instruction at the end of a section should be followed by a NOP.
			jmp 	main 				; Return to
 
Finished building: "../Lab5.1main.asm"
 
Building target: "Lab5.1_ASM_Debugger_Jones.out"
Invoking: MSP430 Linker
"C:/ti/ccs1281/ccs/tools/compiler/ti-cgt-msp430_21.6.1.LTS/bin/cl430" -vmspx --code_model=small --data_model=small --use_hw_mpy=F5 --advice:power=all --advice:hw_config=all --define=__MSP430FR2355__ --define=_FRWP_ENABLE --define=_INFO_FRWP_ENABLE -g --printf_support=minimal --diag_warning=225 --diag_wrap=off --display_error_number --silicon_errata=CPU21 --silicon_errata=CPU22 --silicon_errata=CPU40 -z -m"Lab5.1_ASM_Debugger_Jones.map" --heap_size=0 --stack_size=0 --cinit_hold_wdt=on -i"C:/ti/ccs1281/ccs/ccs_base/msp430/include" -i"C:/ti/ccs1281/ccs/ccs_base/msp430/lib/FR2xx" -i"C:/ti/ccs1281/ccs/tools/compiler/ti-cgt-msp430_21.6.1.LTS/lib" -i"C:/ti/ccs1281/ccs/tools/compiler/ti-cgt-msp430_21.6.1.LTS/include" --priority --reread_libs --define=_FRWP_ENABLE --define=_INFO_FRWP_ENABLE --diag_wrap=off --display_error_number --warn_sections --xml_link_info="Lab5.1_ASM_Debugger_Jones_linkInfo.xml" --entry_point=RESET --use_hw_mpy=F5 -o "Lab5.1_ASM_Debugger_Jones.out" "./Lab5.1main.obj" "../lnk_msp430fr2355.cmd"  -lfrwp_init.a -llibc.a 
<Linking>
Finished building target: "Lab5.1_ASM_Debugger_Jones.out"
 

**** Build Finished ****

**** Build of configuration Debug for project Lab5.1_ASM_Debugger_Jones ****

"C:\\ti\\ccs1281\\ccs\\utils\\bin\\gmake" -k -j 8 all -O 
 
Building file: "../Lab5.1main.asm"
Invoking: MSP430 Compiler
"C:/ti/ccs1281/ccs/tools/compiler/ti-cgt-msp430_21.6.1.LTS/bin/cl430" -vmspx --code_model=small --data_model=small --use_hw_mpy=F5 --include_path="C:/ti/ccs1281/ccs/ccs_base/msp430/include" --include_path="C:/ALL_STORAGE_HERE/Classwork/Spring 2026/Microproccesors/CCS Workspace/Lab5.1_ASM_Debugger_Jones" --include_path="C:/ti/ccs1281/ccs/tools/compiler/ti-cgt-msp430_21.6.1.LTS/include" --advice:power=all --advice:hw_config=all --define=__MSP430FR2355__ --define=_FRWP_ENABLE --define=_INFO_FRWP_ENABLE -g --printf_support=minimal --diag_warning=225 --diag_wrap=off --display_error_number --silicon_errata=CPU21 --silicon_errata=CPU22 --silicon_errata=CPU40 --preproc_with_compile --preproc_dependency="Lab5.1main.d_raw"  "../Lab5.1main.asm"
1 Assembly Error, No Assembly Warnings
 
>> Compilation failure
subdir_rules.mk:9: recipe for target 'Lab5.1main.obj' failed
"../Lab5.1main.asm", ERROR!   at line 35: [E0002] Illegal mnemonic specified
			jump 	main 				; Return to
 
 
Errors in Source - Assembler Aborted
gmake: *** [Lab5.1main.obj] Error 1
gmake: Target 'all' not remade because of errors.

**** Build Finished ****

**** Build of configuration Debug for project Lab5.1_ASM_Debugger_Jones ****

"C:\\ti\\ccs1281\\ccs\\utils\\bin\\gmake" -k -j 8 all -O 
 
Building file: "../Lab5.1main.asm"
Invoking: MSP430 Compiler
"C:/ti/ccs1281/ccs/tools/compiler/ti-cgt-msp430_21.6.1.LTS/bin/cl430" -vmspx --code_model=small --data_model=small --use_hw_mpy=F5 --include_path="C:/ti/ccs1281/ccs/ccs_base/msp430/include" --include_path="C:/ALL_STORAGE_HERE/Classwork/Spring 2026/Microproccesors/CCS Workspace/Lab5.1_ASM_Debugger_Jones" --include_path="C:/ti/ccs1281/ccs/tools/compiler/ti-cgt-msp430_21.6.1.LTS/include" --advice:power=all --advice:hw_config=all --define=__MSP430FR2355__ --define=_FRWP_ENABLE --define=_INFO_FRWP_ENABLE -g --printf_support=minimal --diag_warning=225 --diag_wrap=off --display_error_number --silicon_errata=CPU21 --silicon_errata=CPU22 --silicon_errata=CPU40 --preproc_with_compile --preproc_dependency="Lab5.1main.d_raw"  "../Lab5.1main.asm"
No Assembly Errors, 1 Assembly Warning
"../Lab5.1main.asm", WARNING! at line 49: [W5369] Silicon Errata CPU40: A jump instruction at the end of a section should be followed by a NOP.
			jmp 	main 		; repeat loop
 
Finished building: "../Lab5.1main.asm"
 
Building target: "Lab5.1_ASM_Debugger_Jones.out"
Invoking: MSP430 Linker
"C:/ti/ccs1281/ccs/tools/compiler/ti-cgt-msp430_21.6.1.LTS/bin/cl430" -vmspx --code_model=small --data_model=small --use_hw_mpy=F5 --advice:power=all --advice:hw_config=all --define=__MSP430FR2355__ --define=_FRWP_ENABLE --define=_INFO_FRWP_ENABLE -g --printf_support=minimal --diag_warning=225 --diag_wrap=off --display_error_number --silicon_errata=CPU21 --silicon_errata=CPU22 --silicon_errata=CPU40 -z -m"Lab5.1_ASM_Debugger_Jones.map" --heap_size=0 --stack_size=0 --cinit_hold_wdt=on -i"C:/ti/ccs1281/ccs/ccs_base/msp430/include" -i"C:/ti/ccs1281/ccs/ccs_base/msp430/lib/FR2xx" -i"C:/ti/ccs1281/ccs/tools/compiler/ti-cgt-msp430_21.6.1.LTS/lib" -i"C:/ti/ccs1281/ccs/tools/compiler/ti-cgt-msp430_21.6.1.LTS/include" --priority --reread_libs --define=_FRWP_ENABLE --define=_INFO_FRWP_ENABLE --diag_wrap=off --display_error_number --warn_sections --xml_link_info="Lab5.1_ASM_Debugger_Jones_linkInfo.xml" --entry_point=RESET --use_hw_mpy=F5 -o "Lab5.1_ASM_Debugger_Jones.out" "./Lab5.1main.obj" "../lnk_msp430fr2355.cmd"  -lfrwp_init.a -llibc.a 
<Linking>
Finished building target: "Lab5.1_ASM_Debugger_Jones.out"
 

**** Build Finished ****

**** Build of configuration Debug for project Lab5.1_ASM_Debugger_Jones ****

"C:\\ti\\ccs1281\\ccs\\utils\\bin\\gmake" -k -j 8 all -O 
 
Building file: "../Lab5.1main.asm"
Invoking: MSP430 Compiler
"C:/ti/ccs1281/ccs/tools/compiler/ti-cgt-msp430_21.6.1.LTS/bin/cl430" -vmspx --code_model=small --data_model=small --use_hw_mpy=F5 --include_path="C:/ti/ccs1281/ccs/ccs_base/msp430/include" --include_path="C:/ALL_STORAGE_HERE/Classwork/Spring 2026/Microproccesors/CCS Workspace/Lab5.1_ASM_Debugger_Jones" --include_path="C:/ti/ccs1281/ccs/tools/compiler/ti-cgt-msp430_21.6.1.LTS/include" --advice:power=all --advice:hw_config=all --define=__MSP430FR2355__ --define=_FRWP_ENABLE --define=_INFO_FRWP_ENABLE -g --printf_support=minimal --diag_warning=225 --diag_wrap=off --display_error_number --silicon_errata=CPU21 --silicon_errata=CPU22 --silicon_errata=CPU40 --preproc_with_compile --preproc_dependency="Lab5.1main.d_raw"  "../Lab5.1main.asm"
4 Assembly Errors, 1 Assembly Warning
 
>> Compilation failure
subdir_rules.mk:9: recipe for target 'Lab5.1main.obj' failed
"../Lab5.1main.asm", ERROR!   at line 62: [E0004] Invalid data size for relocation
	Block3: .byte 	01h, 23h, 45h, 67h, 89h, ABh, CDh, EFh
 
"../Lab5.1main.asm", ERROR!   at line 62: [E0004] Invalid data size for relocation
	Block3: .byte 	01h, 23h, 45h, 67h, 89h, ABh, CDh, EFh
 
"../Lab5.1main.asm", ERROR!   at line 62: [E0004] Invalid data size for relocation
	Block3: .byte 	01h, 23h, 45h, 67h, 89h, ABh, CDh, EFh
 
"../Lab5.1main.asm", WARNING! at line 49: [W5369] Silicon Errata CPU40: A jump instruction at the end of a section should be followed by a NOP.
			jmp 	main 		; repeat loop
 
"../Lab5.1main.asm", ERROR!   at EOF: [E0300] The following symbols are undefined:
  DDDDh
  CDh
  AAAAh
  FFFFh
  CCCCh
  EFh
  EEEEh
  ABh
  BBBBh
 
Errors in Source - Assembler Aborted
gmake: *** [Lab5.1main.obj] Error 1
gmake: Target 'all' not remade because of errors.

**** Build Finished ****

**** Build of configuration Debug for project Lab5.1_ASM_Debugger_Jones ****

"C:\\ti\\ccs1281\\ccs\\utils\\bin\\gmake" -k -j 8 all -O 
 
Building file: "../Lab5.1main.asm"
Invoking: MSP430 Compiler
"C:/ti/ccs1281/ccs/tools/compiler/ti-cgt-msp430_21.6.1.LTS/bin/cl430" -vmspx --code_model=small --data_model=small --use_hw_mpy=F5 --include_path="C:/ti/ccs1281/ccs/ccs_base/msp430/include" --include_path="C:/ALL_STORAGE_HERE/Classwork/Spring 2026/Microproccesors/CCS Workspace/Lab5.1_ASM_Debugger_Jones" --include_path="C:/ti/ccs1281/ccs/tools/compiler/ti-cgt-msp430_21.6.1.LTS/include" --advice:power=all --advice:hw_config=all --define=__MSP430FR2355__ --define=_FRWP_ENABLE --define=_INFO_FRWP_ENABLE -g --printf_support=minimal --diag_warning=225 --diag_wrap=off --display_error_number --silicon_errata=CPU21 --silicon_errata=CPU22 --silicon_errata=CPU40 --preproc_with_compile --preproc_dependency="Lab5.1main.d_raw"  "../Lab5.1main.asm"
No Assembly Errors, 1 Assembly Warning
"../Lab5.1main.asm", WARNING! at line 49: [W5369] Silicon Errata CPU40: A jump instruction at the end of a section should be followed by a NOP.
			jmp 	main 		; repeat loop
 
Finished building: "../Lab5.1main.asm"
 
Building target: "Lab5.1_ASM_Debugger_Jones.out"
Invoking: MSP430 Linker
"C:/ti/ccs1281/ccs/tools/compiler/ti-cgt-msp430_21.6.1.LTS/bin/cl430" -vmspx --code_model=small --data_model=small --use_hw_mpy=F5 --advice:power=all --advice:hw_config=all --define=__MSP430FR2355__ --define=_FRWP_ENABLE --define=_INFO_FRWP_ENABLE -g --printf_support=minimal --diag_warning=225 --diag_wrap=off --display_error_number --silicon_errata=CPU21 --silicon_errata=CPU22 --silicon_errata=CPU40 -z -m"Lab5.1_ASM_Debugger_Jones.map" --heap_size=0 --stack_size=0 --cinit_hold_wdt=on -i"C:/ti/ccs1281/ccs/ccs_base/msp430/include" -i"C:/ti/ccs1281/ccs/ccs_base/msp430/lib/FR2xx" -i"C:/ti/ccs1281/ccs/tools/compiler/ti-cgt-msp430_21.6.1.LTS/lib" -i"C:/ti/ccs1281/ccs/tools/compiler/ti-cgt-msp430_21.6.1.LTS/include" --priority --reread_libs --define=_FRWP_ENABLE --define=_INFO_FRWP_ENABLE --diag_wrap=off --display_error_number --warn_sections --xml_link_info="Lab5.1_ASM_Debugger_Jones_linkInfo.xml" --entry_point=RESET --use_hw_mpy=F5 -o "Lab5.1_ASM_Debugger_Jones.out" "./Lab5.1main.obj" "../lnk_msp430fr2355.cmd"  -lfrwp_init.a -llibc.a 
<Linking>
Finished building target: "Lab5.1_ASM_Debugger_Jones.out"
 

**** Build Finished ****

**** Build of configuration Debug for project Lab5.1_ASM_Debugger_Jones ****

"C:\\ti\\ccs1281\\ccs\\utils\\bin\\gmake" -k -j 8 all -O 
 
Building file: "../Lab5.1main.asm"
Invoking: MSP430 Compiler
"C:/ti/ccs1281/ccs/tools/compiler/ti-cgt-msp430_21.6.1.LTS/bin/cl430" -vmspx --code_model=small --data_model=small --use_hw_mpy=F5 --include_path="C:/ti/ccs1281/ccs/ccs_base/msp430/include" --include_path="C:/ALL_STORAGE_HERE/Classwork/Spring 2026/Microproccesors/CCS Workspace/Lab5.1_ASM_Debugger_Jones" --include_path="C:/ti/ccs1281/ccs/tools/compiler/ti-cgt-msp430_21.6.1.LTS/include" --advice:power=all --advice:hw_config=all --define=__MSP430FR2355__ --define=_FRWP_ENABLE --define=_INFO_FRWP_ENABLE -g --printf_support=minimal --diag_warning=225 --diag_wrap=off --display_error_number --silicon_errata=CPU21 --silicon_errata=CPU22 --silicon_errata=CPU40 --preproc_with_compile --preproc_dependency="Lab5.1main.d_raw"  "../Lab5.1main.asm"
No Assembly Errors, 1 Assembly Warning
"../Lab5.1main.asm", WARNING! at line 70: [W5369] Silicon Errata CPU40: A jump instruction at the end of a section should be followed by a NOP.
			jmp		main			; reapeats main
 
Finished building: "../Lab5.1main.asm"
 
Building target: "Lab5.1_ASM_Debugger_Jones.out"
Invoking: MSP430 Linker
"C:/ti/ccs1281/ccs/tools/compiler/ti-cgt-msp430_21.6.1.LTS/bin/cl430" -vmspx --code_model=small --data_model=small --use_hw_mpy=F5 --advice:power=all --advice:hw_config=all --define=__MSP430FR2355__ --define=_FRWP_ENABLE --define=_INFO_FRWP_ENABLE -g --printf_support=minimal --diag_warning=225 --diag_wrap=off --display_error_number --silicon_errata=CPU21 --silicon_errata=CPU22 --silicon_errata=CPU40 -z -m"Lab5.1_ASM_Debugger_Jones.map" --heap_size=0 --stack_size=0 --cinit_hold_wdt=on -i"C:/ti/ccs1281/ccs/ccs_base/msp430/include" -i"C:/ti/ccs1281/ccs/ccs_base/msp430/lib/FR2xx" -i"C:/ti/ccs1281/ccs/tools/compiler/ti-cgt-msp430_21.6.1.LTS/lib" -i"C:/ti/ccs1281/ccs/tools/compiler/ti-cgt-msp430_21.6.1.LTS/include" --priority --reread_libs --define=_FRWP_ENABLE --define=_INFO_FRWP_ENABLE --diag_wrap=off --display_error_number --warn_sections --xml_link_info="Lab5.1_ASM_Debugger_Jones_linkInfo.xml" --entry_point=RESET --use_hw_mpy=F5 -o "Lab5.1_ASM_Debugger_Jones.out" "./Lab5.1main.obj" "../lnk_msp430fr2355.cmd"  -lfrwp_init.a -llibc.a 
<Linking>
Finished building target: "Lab5.1_ASM_Debugger_Jones.out"
 

**** Build Finished ****

**** Build of configuration Debug for project Lab5.1_ASM_Debugger_Jones ****

"C:\\ti\\ccs1281\\ccs\\utils\\bin\\gmake" -k -j 8 all -O 
 
gmake[1]: 'Lab5.1_ASM_Debugger_Jones.out' is up to date.

**** Build Finished ****

**** Build of configuration Debug for project Lab5.1_ASM_Debugger_Jones ****

"C:\\ti\\ccs1281\\ccs\\utils\\bin\\gmake" -k -j 8 all -O 
 
gmake[1]: 'Lab5.1_ASM_Debugger_Jones.out' is up to date.

**** Build Finished ****

**** Build of configuration Debug for project Lab5.1_ASM_Debugger_Jones ****

"C:\\ti\\ccs1281\\ccs\\utils\\bin\\gmake" -k -j 8 all -O 
 
gmake[1]: 'Lab5.1_ASM_Debugger_Jones.out' is up to date.

**** Build Finished ****

**** Build of configuration Debug for project Chp6.1-6.3_CodeExample ****

"C:\\ti\\ccs1281\\ccs\\utils\\bin\\gmake" -k -j 8 all -O 
 
Building file: "../6.1-6.3main.asm"
Invoking: MSP430 Compiler
"C:/ti/ccs1281/ccs/tools/compiler/ti-cgt-msp430_21.6.1.LTS/bin/cl430" -vmspx --code_model=small --data_model=small --use_hw_mpy=F5 --include_path="C:/ti/ccs1281/ccs/ccs_base/msp430/include" --include_path="C:/ALL_STORAGE_HERE/Classwork/Spring 2026/Microproccesors/CCS Workspace/Chp6.1-6.3_CodeExample" --include_path="C:/ti/ccs1281/ccs/tools/compiler/ti-cgt-msp430_21.6.1.LTS/include" --advice:power=all --advice:hw_config=all --define=__MSP430FR2355__ --define=_FRWP_ENABLE --define=_INFO_FRWP_ENABLE -g --printf_support=minimal --diag_warning=225 --diag_wrap=off --display_error_number --silicon_errata=CPU21 --silicon_errata=CPU22 --silicon_errata=CPU40 --preproc_with_compile --preproc_dependency="6.1-6.3main.d_raw"  "../6.1-6.3main.asm"
No Assembly Errors, 1 Assembly Warning
"../6.1-6.3main.asm", WARNING! at line 44: [W5369] Silicon Errata CPU40: A jump instruction at the end of a section should be followed by a NOP.
				jmp		main
 
Finished building: "../6.1-6.3main.asm"
 
Building target: "Chp6.1-6.3_CodeExample.out"
Invoking: MSP430 Linker
"C:/ti/ccs1281/ccs/tools/compiler/ti-cgt-msp430_21.6.1.LTS/bin/cl430" -vmspx --code_model=small --data_model=small --use_hw_mpy=F5 --advice:power=all --advice:hw_config=all --define=__MSP430FR2355__ --define=_FRWP_ENABLE --define=_INFO_FRWP_ENABLE -g --printf_support=minimal --diag_warning=225 --diag_wrap=off --display_error_number --silicon_errata=CPU21 --silicon_errata=CPU22 --silicon_errata=CPU40 -z -m"Chp6.1-6.3_CodeExample.map" --heap_size=0 --stack_size=0 --cinit_hold_wdt=on -i"C:/ti/ccs1281/ccs/ccs_base/msp430/include" -i"C:/ti/ccs1281/ccs/ccs_base/msp430/lib/FR2xx" -i"C:/ti/ccs1281/ccs/tools/compiler/ti-cgt-msp430_21.6.1.LTS/lib" -i"C:/ti/ccs1281/ccs/tools/compiler/ti-cgt-msp430_21.6.1.LTS/include" --priority --reread_libs --define=_FRWP_ENABLE --define=_INFO_FRWP_ENABLE --diag_wrap=off --display_error_number --warn_sections --xml_link_info="Chp6.1-6.3_CodeExample_linkInfo.xml" --entry_point=RESET --use_hw_mpy=F5 -o "Chp6.1-6.3_CodeExample.out" "./6.1-6.3main.obj" "../lnk_msp430fr2355.cmd"  -lfrwp_init.a -llibc.a 
<Linking>
Finished building target: "Chp6.1-6.3_CodeExample.out"
 

**** Build Finished ****

**** Build of configuration Debug for project Chp6.1-6.3_CodeExample ****

"C:\\ti\\ccs1281\\ccs\\utils\\bin\\gmake" -k -j 8 all -O 
 
gmake[1]: 'Chp6.1-6.3_CodeExample.out' is up to date.

**** Build Finished ****

**** Build of configuration Debug for project Chp6.1-6.3_CodeExample ****

"C:\\ti\\ccs1281\\ccs\\utils\\bin\\gmake" -k -j 8 all -O 
 
Building file: "../6.1-6.3main.asm"
Invoking: MSP430 Compiler
"C:/ti/ccs1281/ccs/tools/compiler/ti-cgt-msp430_21.6.1.LTS/bin/cl430" -vmspx --code_model=small --data_model=small --use_hw_mpy=F5 --include_path="C:/ti/ccs1281/ccs/ccs_base/msp430/include" --include_path="C:/ALL_STORAGE_HERE/Classwork/Spring 2026/Microproccesors/CCS Workspace/Chp6.1-6.3_CodeExample" --include_path="C:/ti/ccs1281/ccs/tools/compiler/ti-cgt-msp430_21.6.1.LTS/include" --advice:power=all --advice:hw_config=all --define=__MSP430FR2355__ --define=_FRWP_ENABLE --define=_INFO_FRWP_ENABLE -g --printf_support=minimal --diag_warning=225 --diag_wrap=off --display_error_number --silicon_errata=CPU21 --silicon_errata=CPU22 --silicon_errata=CPU40 --preproc_with_compile --preproc_dependency="6.1-6.3main.d_raw"  "../6.1-6.3main.asm"
No Assembly Errors, 1 Assembly Warning
"../6.1-6.3main.asm", WARNING! at line 44: [W5369] Silicon Errata CPU40: A jump instruction at the end of a section should be followed by a NOP.
				jmp		main
 
Finished building: "../6.1-6.3main.asm"
 
Building target: "Chp6.1-6.3_CodeExample.out"
Invoking: MSP430 Linker
"C:/ti/ccs1281/ccs/tools/compiler/ti-cgt-msp430_21.6.1.LTS/bin/cl430" -vmspx --code_model=small --data_model=small --use_hw_mpy=F5 --advice:power=all --advice:hw_config=all --define=__MSP430FR2355__ --define=_FRWP_ENABLE --define=_INFO_FRWP_ENABLE -g --printf_support=minimal --diag_warning=225 --diag_wrap=off --display_error_number --silicon_errata=CPU21 --silicon_errata=CPU22 --silicon_errata=CPU40 -z -m"Chp6.1-6.3_CodeExample.map" --heap_size=0 --stack_size=0 --cinit_hold_wdt=on -i"C:/ti/ccs1281/ccs/ccs_base/msp430/include" -i"C:/ti/ccs1281/ccs/ccs_base/msp430/lib/FR2xx" -i"C:/ti/ccs1281/ccs/tools/compiler/ti-cgt-msp430_21.6.1.LTS/lib" -i"C:/ti/ccs1281/ccs/tools/compiler/ti-cgt-msp430_21.6.1.LTS/include" --priority --reread_libs --define=_FRWP_ENABLE --define=_INFO_FRWP_ENABLE --diag_wrap=off --display_error_number --warn_sections --xml_link_info="Chp6.1-6.3_CodeExample_linkInfo.xml" --entry_point=RESET --use_hw_mpy=F5 -o "Chp6.1-6.3_CodeExample.out" "./6.1-6.3main.obj" "../lnk_msp430fr2355.cmd"  -lfrwp_init.a -llibc.a 
<Linking>
Finished building target: "Chp6.1-6.3_CodeExample.out"
 

**** Build Finished ****

**** Build of configuration Debug for project Chp6.1-6.3_CodeExample ****

"C:\\ti\\ccs1281\\ccs\\utils\\bin\\gmake" -k -j 8 all -O 
 
Building file: "../6.1-6.3main.asm"
Invoking: MSP430 Compiler
"C:/ti/ccs1281/ccs/tools/compiler/ti-cgt-msp430_21.6.1.LTS/bin/cl430" -vmspx --code_model=small --data_model=small --use_hw_mpy=F5 --include_path="C:/ti/ccs1281/ccs/ccs_base/msp430/include" --include_path="C:/ALL_STORAGE_HERE/Classwork/Spring 2026/Microproccesors/CCS Workspace/Chp6.1-6.3_CodeExample" --include_path="C:/ti/ccs1281/ccs/tools/compiler/ti-cgt-msp430_21.6.1.LTS/include" --advice:power=all --advice:hw_config=all --define=__MSP430FR2355__ --define=_FRWP_ENABLE --define=_INFO_FRWP_ENABLE -g --printf_support=minimal --diag_warning=225 --diag_wrap=off --display_error_number --silicon_errata=CPU21 --silicon_errata=CPU22 --silicon_errata=CPU40 --preproc_with_compile --preproc_dependency="6.1-6.3main.d_raw"  "../6.1-6.3main.asm"
No Assembly Errors, 1 Assembly Warning
"../6.1-6.3main.asm", WARNING! at line 44: [W5369] Silicon Errata CPU40: A jump instruction at the end of a section should be followed by a NOP.
				jmp		main
 
Finished building: "../6.1-6.3main.asm"
 
Building target: "Chp6.1-6.3_CodeExample.out"
Invoking: MSP430 Linker
"C:/ti/ccs1281/ccs/tools/compiler/ti-cgt-msp430_21.6.1.LTS/bin/cl430" -vmspx --code_model=small --data_model=small --use_hw_mpy=F5 --advice:power=all --advice:hw_config=all --define=__MSP430FR2355__ --define=_FRWP_ENABLE --define=_INFO_FRWP_ENABLE -g --printf_support=minimal --diag_warning=225 --diag_wrap=off --display_error_number --silicon_errata=CPU21 --silicon_errata=CPU22 --silicon_errata=CPU40 -z -m"Chp6.1-6.3_CodeExample.map" --heap_size=0 --stack_size=0 --cinit_hold_wdt=on -i"C:/ti/ccs1281/ccs/ccs_base/msp430/include" -i"C:/ti/ccs1281/ccs/ccs_base/msp430/lib/FR2xx" -i"C:/ti/ccs1281/ccs/tools/compiler/ti-cgt-msp430_21.6.1.LTS/lib" -i"C:/ti/ccs1281/ccs/tools/compiler/ti-cgt-msp430_21.6.1.LTS/include" --priority --reread_libs --define=_FRWP_ENABLE --define=_INFO_FRWP_ENABLE --diag_wrap=off --display_error_number --warn_sections --xml_link_info="Chp6.1-6.3_CodeExample_linkInfo.xml" --entry_point=RESET --use_hw_mpy=F5 -o "Chp6.1-6.3_CodeExample.out" "./6.1-6.3main.obj" "../lnk_msp430fr2355.cmd"  -lfrwp_init.a -llibc.a 
<Linking>
Finished building target: "Chp6.1-6.3_CodeExample.out"
 

**** Build Finished ****

**** Build of configuration Debug for project Lab6.1_ASM_RegImmAbsMode_Jones ****

"C:\\ti\\ccs1281\\ccs\\utils\\bin\\gmake" -k -j 8 all -O 
 
Building file: "../Lab6.1main.asm"
Invoking: MSP430 Compiler
"C:/ti/ccs1281/ccs/tools/compiler/ti-cgt-msp430_21.6.1.LTS/bin/cl430" -vmspx --code_model=small --data_model=small --use_hw_mpy=F5 --include_path="C:/ti/ccs1281/ccs/ccs_base/msp430/include" --include_path="C:/ALL_STORAGE_HERE/Classwork/Spring 2026/Microproccesors/CCS Workspace/Lab6.1_ASM_RegImmAbsMode_Jones" --include_path="C:/ti/ccs1281/ccs/tools/compiler/ti-cgt-msp430_21.6.1.LTS/include" --advice:power=all --advice:hw_config=all --define=__MSP430FR2355__ --define=_FRWP_ENABLE --define=_INFO_FRWP_ENABLE -g --printf_support=minimal --diag_warning=225 --diag_wrap=off --display_error_number --silicon_errata=CPU21 --silicon_errata=CPU22 --silicon_errata=CPU40 --preproc_with_compile --preproc_dependency="Lab6.1main.d_raw"  "../Lab6.1main.asm"
No Assembly Errors, 1 Assembly Warning
"../Lab6.1main.asm", WARNING! at line 33: [W5369] Silicon Errata CPU40: A jump instruction at the end of a section should be followed by a NOP.
				jmp		main
 
Finished building: "../Lab6.1main.asm"
 
Building target: "Lab6.1_ASM_RegImmAbsMode_Jones.out"
Invoking: MSP430 Linker
"C:/ti/ccs1281/ccs/tools/compiler/ti-cgt-msp430_21.6.1.LTS/bin/cl430" -vmspx --code_model=small --data_model=small --use_hw_mpy=F5 --advice:power=all --advice:hw_config=all --define=__MSP430FR2355__ --define=_FRWP_ENABLE --define=_INFO_FRWP_ENABLE -g --printf_support=minimal --diag_warning=225 --diag_wrap=off --display_error_number --silicon_errata=CPU21 --silicon_errata=CPU22 --silicon_errata=CPU40 -z -m"Lab6.1_ASM_RegImmAbsMode_Jones.map" --heap_size=0 --stack_size=0 --cinit_hold_wdt=on -i"C:/ti/ccs1281/ccs/ccs_base/msp430/include" -i"C:/ti/ccs1281/ccs/ccs_base/msp430/lib/FR2xx" -i"C:/ti/ccs1281/ccs/tools/compiler/ti-cgt-msp430_21.6.1.LTS/lib" -i"C:/ti/ccs1281/ccs/tools/compiler/ti-cgt-msp430_21.6.1.LTS/include" --priority --reread_libs --define=_FRWP_ENABLE --define=_INFO_FRWP_ENABLE --diag_wrap=off --display_error_number --warn_sections --xml_link_info="Lab6.1_ASM_RegImmAbsMode_Jones_linkInfo.xml" --entry_point=RESET --use_hw_mpy=F5 -o "Lab6.1_ASM_RegImmAbsMode_Jones.out" "./Lab6.1main.obj" "../lnk_msp430fr2355.cmd"  -lfrwp_init.a -llibc.a 
<Linking>
Finished building target: "Lab6.1_ASM_RegImmAbsMode_Jones.out"
 

**** Build Finished ****

**** Build of configuration Debug for project Lab6.1_ASM_RegImmAbsMode_Jones ****

"C:\\ti\\ccs1281\\ccs\\utils\\bin\\gmake" -k -j 8 all -O 
 
gmake[1]: 'Lab6.1_ASM_RegImmAbsMode_Jones.out' is up to date.

**** Build Finished ****

**** Build of configuration Debug for project Lab6.1_ASM_RegImmAbsMode_Jones ****

"C:\\ti\\ccs1281\\ccs\\utils\\bin\\gmake" -k -j 8 all -O 
 
Building file: "../Lab6.1main.asm"
Invoking: MSP430 Compiler
"C:/ti/ccs1281/ccs/tools/compiler/ti-cgt-msp430_21.6.1.LTS/bin/cl430" -vmspx --code_model=small --data_model=small --use_hw_mpy=F5 --include_path="C:/ti/ccs1281/ccs/ccs_base/msp430/include" --include_path="C:/ALL_STORAGE_HERE/Classwork/Spring 2026/Microproccesors/CCS Workspace/Lab6.1_ASM_RegImmAbsMode_Jones" --include_path="C:/ti/ccs1281/ccs/tools/compiler/ti-cgt-msp430_21.6.1.LTS/include" --advice:power=all --advice:hw_config=all --define=__MSP430FR2355__ --define=_FRWP_ENABLE --define=_INFO_FRWP_ENABLE -g --printf_support=minimal --diag_warning=225 --diag_wrap=off --display_error_number --silicon_errata=CPU21 --silicon_errata=CPU22 --silicon_errata=CPU40 --preproc_with_compile --preproc_dependency="Lab6.1main.d_raw"  "../Lab6.1main.asm"
No Assembly Errors, 1 Assembly Warning
"../Lab6.1main.asm", WARNING! at line 38: [W5369] Silicon Errata CPU40: A jump instruction at the end of a section should be followed by a NOP.
				jmp		main
 
Finished building: "../Lab6.1main.asm"
 
Building target: "Lab6.1_ASM_RegImmAbsMode_Jones.out"
Invoking: MSP430 Linker
"C:/ti/ccs1281/ccs/tools/compiler/ti-cgt-msp430_21.6.1.LTS/bin/cl430" -vmspx --code_model=small --data_model=small --use_hw_mpy=F5 --advice:power=all --advice:hw_config=all --define=__MSP430FR2355__ --define=_FRWP_ENABLE --define=_INFO_FRWP_ENABLE -g --printf_support=minimal --diag_warning=225 --diag_wrap=off --display_error_number --silicon_errata=CPU21 --silicon_errata=CPU22 --silicon_errata=CPU40 -z -m"Lab6.1_ASM_RegImmAbsMode_Jones.map" --heap_size=0 --stack_size=0 --cinit_hold_wdt=on -i"C:/ti/ccs1281/ccs/ccs_base/msp430/include" -i"C:/ti/ccs1281/ccs/ccs_base/msp430/lib/FR2xx" -i"C:/ti/ccs1281/ccs/tools/compiler/ti-cgt-msp430_21.6.1.LTS/lib" -i"C:/ti/ccs1281/ccs/tools/compiler/ti-cgt-msp430_21.6.1.LTS/include" --priority --reread_libs --define=_FRWP_ENABLE --define=_INFO_FRWP_ENABLE --diag_wrap=off --display_error_number --warn_sections --xml_link_info="Lab6.1_ASM_RegImmAbsMode_Jones_linkInfo.xml" --entry_point=RESET --use_hw_mpy=F5 -o "Lab6.1_ASM_RegImmAbsMode_Jones.out" "./Lab6.1main.obj" "../lnk_msp430fr2355.cmd"  -lfrwp_init.a -llibc.a 
<Linking>
Finished building target: "Lab6.1_ASM_RegImmAbsMode_Jones.out"
 

**** Build Finished ****

**** Build of configuration Debug for project Lab6.1_ASM_RegImmAbsMode_Jones ****

"C:\\ti\\ccs1281\\ccs\\utils\\bin\\gmake" -k -j 8 all -O 
 
Building file: "../Lab6.1main.asm"
Invoking: MSP430 Compiler
"C:/ti/ccs1281/ccs/tools/compiler/ti-cgt-msp430_21.6.1.LTS/bin/cl430" -vmspx --code_model=small --data_model=small --use_hw_mpy=F5 --include_path="C:/ti/ccs1281/ccs/ccs_base/msp430/include" --include_path="C:/ALL_STORAGE_HERE/Classwork/Spring 2026/Microproccesors/CCS Workspace/Lab6.1_ASM_RegImmAbsMode_Jones" --include_path="C:/ti/ccs1281/ccs/tools/compiler/ti-cgt-msp430_21.6.1.LTS/include" --advice:power=all --advice:hw_config=all --define=__MSP430FR2355__ --define=_FRWP_ENABLE --define=_INFO_FRWP_ENABLE -g --printf_support=minimal --diag_warning=225 --diag_wrap=off --display_error_number --silicon_errata=CPU21 --silicon_errata=CPU22 --silicon_errata=CPU40 --preproc_with_compile --preproc_dependency="Lab6.1main.d_raw"  "../Lab6.1main.asm"
No Assembly Errors, 1 Assembly Warning
"../Lab6.1main.asm", WARNING! at line 43: [W5369] Silicon Errata CPU40: A jump instruction at the end of a section should be followed by a NOP.
				jmp		main
 
Finished building: "../Lab6.1main.asm"
 
Building target: "Lab6.1_ASM_RegImmAbsMode_Jones.out"
Invoking: MSP430 Linker
"C:/ti/ccs1281/ccs/tools/compiler/ti-cgt-msp430_21.6.1.LTS/bin/cl430" -vmspx --code_model=small --data_model=small --use_hw_mpy=F5 --advice:power=all --advice:hw_config=all --define=__MSP430FR2355__ --define=_FRWP_ENABLE --define=_INFO_FRWP_ENABLE -g --printf_support=minimal --diag_warning=225 --diag_wrap=off --display_error_number --silicon_errata=CPU21 --silicon_errata=CPU22 --silicon_errata=CPU40 -z -m"Lab6.1_ASM_RegImmAbsMode_Jones.map" --heap_size=0 --stack_size=0 --cinit_hold_wdt=on -i"C:/ti/ccs1281/ccs/ccs_base/msp430/include" -i"C:/ti/ccs1281/ccs/ccs_base/msp430/lib/FR2xx" -i"C:/ti/ccs1281/ccs/tools/compiler/ti-cgt-msp430_21.6.1.LTS/lib" -i"C:/ti/ccs1281/ccs/tools/compiler/ti-cgt-msp430_21.6.1.LTS/include" --priority --reread_libs --define=_FRWP_ENABLE --define=_INFO_FRWP_ENABLE --diag_wrap=off --display_error_number --warn_sections --xml_link_info="Lab6.1_ASM_RegImmAbsMode_Jones_linkInfo.xml" --entry_point=RESET --use_hw_mpy=F5 -o "Lab6.1_ASM_RegImmAbsMode_Jones.out" "./Lab6.1main.obj" "../lnk_msp430fr2355.cmd"  -lfrwp_init.a -llibc.a 
<Linking>
Finished building target: "Lab6.1_ASM_RegImmAbsMode_Jones.out"
 

**** Build Finished ****

**** Build of configuration Debug for project Lab6.1_ASM_RegImmAbsMode_Jones ****

"C:\\ti\\ccs1281\\ccs\\utils\\bin\\gmake" -k -j 8 all -O 
 
gmake[1]: 'Lab6.1_ASM_RegImmAbsMode_Jones.out' is up to date.

**** Build Finished ****

**** Build of configuration Debug for project Lab6.1_ASM_RegImmAbsMode_Jones ****

"C:\\ti\\ccs1281\\ccs\\utils\\bin\\gmake" -k -j 8 all -O 
 
gmake[1]: 'Lab6.1_ASM_RegImmAbsMode_Jones.out' is up to date.

**** Build Finished ****

**** Build of configuration Debug for project Lab6.1_ASM_RegImmAbsMode_Jones ****

"C:\\ti\\ccs1281\\ccs\\utils\\bin\\gmake" -k -j 8 all -O 
 
Building file: "../Lab6.1main.asm"
Invoking: MSP430 Compiler
"C:/ti/ccs1281/ccs/tools/compiler/ti-cgt-msp430_21.6.1.LTS/bin/cl430" -vmspx --code_model=small --data_model=small --use_hw_mpy=F5 --include_path="C:/ti/ccs1281/ccs/ccs_base/msp430/include" --include_path="C:/ALL_STORAGE_HERE/Classwork/Spring 2026/Microproccesors/CCS Workspace/Lab6.1_ASM_RegImmAbsMode_Jones" --include_path="C:/ti/ccs1281/ccs/tools/compiler/ti-cgt-msp430_21.6.1.LTS/include" --advice:power=all --advice:hw_config=all --define=__MSP430FR2355__ --define=_FRWP_ENABLE --define=_INFO_FRWP_ENABLE -g --printf_support=minimal --diag_warning=225 --diag_wrap=off --display_error_number --silicon_errata=CPU21 --silicon_errata=CPU22 --silicon_errata=CPU40 --preproc_with_compile --preproc_dependency="Lab6.1main.d_raw"  "../Lab6.1main.asm"
No Assembly Errors, 1 Assembly Warning
"../Lab6.1main.asm", WARNING! at line 43: [W5369] Silicon Errata CPU40: A jump instruction at the end of a section should be followed by a NOP.
				jmp		main
 
Finished building: "../Lab6.1main.asm"
 
Building target: "Lab6.1_ASM_RegImmAbsMode_Jones.out"
Invoking: MSP430 Linker
"C:/ti/ccs1281/ccs/tools/compiler/ti-cgt-msp430_21.6.1.LTS/bin/cl430" -vmspx --code_model=small --data_model=small --use_hw_mpy=F5 --advice:power=all --advice:hw_config=all --define=__MSP430FR2355__ --define=_FRWP_ENABLE --define=_INFO_FRWP_ENABLE -g --printf_support=minimal --diag_warning=225 --diag_wrap=off --display_error_number --silicon_errata=CPU21 --silicon_errata=CPU22 --silicon_errata=CPU40 -z -m"Lab6.1_ASM_RegImmAbsMode_Jones.map" --heap_size=0 --stack_size=0 --cinit_hold_wdt=on -i"C:/ti/ccs1281/ccs/ccs_base/msp430/include" -i"C:/ti/ccs1281/ccs/ccs_base/msp430/lib/FR2xx" -i"C:/ti/ccs1281/ccs/tools/compiler/ti-cgt-msp430_21.6.1.LTS/lib" -i"C:/ti/ccs1281/ccs/tools/compiler/ti-cgt-msp430_21.6.1.LTS/include" --priority --reread_libs --define=_FRWP_ENABLE --define=_INFO_FRWP_ENABLE --diag_wrap=off --display_error_number --warn_sections --xml_link_info="Lab6.1_ASM_RegImmAbsMode_Jones_linkInfo.xml" --entry_point=RESET --use_hw_mpy=F5 -o "Lab6.1_ASM_RegImmAbsMode_Jones.out" "./Lab6.1main.obj" "../lnk_msp430fr2355.cmd"  -lfrwp_init.a -llibc.a 
<Linking>
Finished building target: "Lab6.1_ASM_RegImmAbsMode_Jones.out"
 

**** Build Finished ****

**** Build of configuration Debug for project Lab6.1_ASM_RegImmAbsMode_Jones ****

"C:\\ti\\ccs1281\\ccs\\utils\\bin\\gmake" -k -j 8 all -O 
 
Building file: "../Lab6.1main.asm"
Invoking: MSP430 Compiler
"C:/ti/ccs1281/ccs/tools/compiler/ti-cgt-msp430_21.6.1.LTS/bin/cl430" -vmspx --code_model=small --data_model=small --use_hw_mpy=F5 --include_path="C:/ti/ccs1281/ccs/ccs_base/msp430/include" --include_path="C:/ALL_STORAGE_HERE/Classwork/Spring 2026/Microproccesors/CCS Workspace/Lab6.1_ASM_RegImmAbsMode_Jones" --include_path="C:/ti/ccs1281/ccs/tools/compiler/ti-cgt-msp430_21.6.1.LTS/include" --advice:power=all --advice:hw_config=all --define=__MSP430FR2355__ --define=_FRWP_ENABLE --define=_INFO_FRWP_ENABLE -g --printf_support=minimal --diag_warning=225 --diag_wrap=off --display_error_number --silicon_errata=CPU21 --silicon_errata=CPU22 --silicon_errata=CPU40 --preproc_with_compile --preproc_dependency="Lab6.1main.d_raw"  "../Lab6.1main.asm"
No Assembly Errors, 1 Assembly Warning
"../Lab6.1main.asm", WARNING! at line 42: [W5369] Silicon Errata CPU40: A jump instruction at the end of a section should be followed by a NOP.
				jmp		main
 
Finished building: "../Lab6.1main.asm"
 
Building target: "Lab6.1_ASM_RegImmAbsMode_Jones.out"
Invoking: MSP430 Linker
"C:/ti/ccs1281/ccs/tools/compiler/ti-cgt-msp430_21.6.1.LTS/bin/cl430" -vmspx --code_model=small --data_model=small --use_hw_mpy=F5 --advice:power=all --advice:hw_config=all --define=__MSP430FR2355__ --define=_FRWP_ENABLE --define=_INFO_FRWP_ENABLE -g --printf_support=minimal --diag_warning=225 --diag_wrap=off --display_error_number --silicon_errata=CPU21 --silicon_errata=CPU22 --silicon_errata=CPU40 -z -m"Lab6.1_ASM_RegImmAbsMode_Jones.map" --heap_size=0 --stack_size=0 --cinit_hold_wdt=on -i"C:/ti/ccs1281/ccs/ccs_base/msp430/include" -i"C:/ti/ccs1281/ccs/ccs_base/msp430/lib/FR2xx" -i"C:/ti/ccs1281/ccs/tools/compiler/ti-cgt-msp430_21.6.1.LTS/lib" -i"C:/ti/ccs1281/ccs/tools/compiler/ti-cgt-msp430_21.6.1.LTS/include" --priority --reread_libs --define=_FRWP_ENABLE --define=_INFO_FRWP_ENABLE --diag_wrap=off --display_error_number --warn_sections --xml_link_info="Lab6.1_ASM_RegImmAbsMode_Jones_linkInfo.xml" --entry_point=RESET --use_hw_mpy=F5 -o "Lab6.1_ASM_RegImmAbsMode_Jones.out" "./Lab6.1main.obj" "../lnk_msp430fr2355.cmd"  -lfrwp_init.a -llibc.a 
<Linking>
Finished building target: "Lab6.1_ASM_RegImmAbsMode_Jones.out"
 

**** Build Finished ****

**** Build of configuration Debug for project Lab6.1_ASM_RegImmAbsMode_Jones ****

"C:\\ti\\ccs1281\\ccs\\utils\\bin\\gmake" -k -j 8 all -O 
 
gmake[1]: 'Lab6.1_ASM_RegImmAbsMode_Jones.out' is up to date.

**** Build Finished ****

**** Build of configuration Debug for project Lab6.1_ASM_RegImmAbsMode_Jones ****

"C:\\ti\\ccs1281\\ccs\\utils\\bin\\gmake" -k -j 8 all -O 
 
Building file: "../Lab6.1main.asm"
Invoking: MSP430 Compiler
"C:/ti/ccs1281/ccs/tools/compiler/ti-cgt-msp430_21.6.1.LTS/bin/cl430" -vmspx --code_model=small --data_model=small --use_hw_mpy=F5 --include_path="C:/ti/ccs1281/ccs/ccs_base/msp430/include" --include_path="C:/ALL_STORAGE_HERE/Classwork/Spring 2026/Microproccesors/CCS Workspace/Lab6.1_ASM_RegImmAbsMode_Jones" --include_path="C:/ti/ccs1281/ccs/tools/compiler/ti-cgt-msp430_21.6.1.LTS/include" --advice:power=all --advice:hw_config=all --define=__MSP430FR2355__ --define=_FRWP_ENABLE --define=_INFO_FRWP_ENABLE -g --printf_support=minimal --diag_warning=225 --diag_wrap=off --display_error_number --silicon_errata=CPU21 --silicon_errata=CPU22 --silicon_errata=CPU40 --preproc_with_compile --preproc_dependency="Lab6.1main.d_raw"  "../Lab6.1main.asm"
No Assembly Errors, 1 Assembly Warning
"../Lab6.1main.asm", WARNING! at line 48: [W5369] Silicon Errata CPU40: A jump instruction at the end of a section should be followed by a NOP.
				jmp		main
 
Finished building: "../Lab6.1main.asm"
 
Building target: "Lab6.1_ASM_RegImmAbsMode_Jones.out"
Invoking: MSP430 Linker
"C:/ti/ccs1281/ccs/tools/compiler/ti-cgt-msp430_21.6.1.LTS/bin/cl430" -vmspx --code_model=small --data_model=small --use_hw_mpy=F5 --advice:power=all --advice:hw_config=all --define=__MSP430FR2355__ --define=_FRWP_ENABLE --define=_INFO_FRWP_ENABLE -g --printf_support=minimal --diag_warning=225 --diag_wrap=off --display_error_number --silicon_errata=CPU21 --silicon_errata=CPU22 --silicon_errata=CPU40 -z -m"Lab6.1_ASM_RegImmAbsMode_Jones.map" --heap_size=0 --stack_size=0 --cinit_hold_wdt=on -i"C:/ti/ccs1281/ccs/ccs_base/msp430/include" -i"C:/ti/ccs1281/ccs/ccs_base/msp430/lib/FR2xx" -i"C:/ti/ccs1281/ccs/tools/compiler/ti-cgt-msp430_21.6.1.LTS/lib" -i"C:/ti/ccs1281/ccs/tools/compiler/ti-cgt-msp430_21.6.1.LTS/include" --priority --reread_libs --define=_FRWP_ENABLE --define=_INFO_FRWP_ENABLE --diag_wrap=off --display_error_number --warn_sections --xml_link_info="Lab6.1_ASM_RegImmAbsMode_Jones_linkInfo.xml" --entry_point=RESET --use_hw_mpy=F5 -o "Lab6.1_ASM_RegImmAbsMode_Jones.out" "./Lab6.1main.obj" "../lnk_msp430fr2355.cmd"  -lfrwp_init.a -llibc.a 
<Linking>
Finished building target: "Lab6.1_ASM_RegImmAbsMode_Jones.out"
 

**** Build Finished ****

**** Build of configuration Debug for project Lab6.1_ASM_RegImmAbsMode_Jones ****

"C:\\ti\\ccs1281\\ccs\\utils\\bin\\gmake" -k -j 8 all -O 
 
gmake[1]: 'Lab6.1_ASM_RegImmAbsMode_Jones.out' is up to date.

**** Build Finished ****

**** Build of configuration Debug for project Lab6.1_ASM_RegImmAbsMode_Jones ****

"C:\\ti\\ccs1281\\ccs\\utils\\bin\\gmake" -k -j 8 all -O 
 
gmake[1]: 'Lab6.1_ASM_RegImmAbsMode_Jones.out' is up to date.

**** Build Finished ****

**** Build of configuration Debug for project Lab6.1_ASM_RegImmAbsMode_Jones ****

"C:\\ti\\ccs1281\\ccs\\utils\\bin\\gmake" -k -j 8 all -O 
 
gmake[1]: 'Lab6.1_ASM_RegImmAbsMode_Jones.out' is up to date.

**** Build Finished ****

**** Build of configuration Debug for project Lab6.1_ASM_RegImmAbsMode_Jones ****

"C:\\ti\\ccs1281\\ccs\\utils\\bin\\gmake" -k -j 8 all -O 
 
Building file: "../Lab6.1main.asm"
Invoking: MSP430 Compiler
"C:/ti/ccs1281/ccs/tools/compiler/ti-cgt-msp430_21.6.1.LTS/bin/cl430" -vmspx --code_model=small --data_model=small --use_hw_mpy=F5 --include_path="C:/ti/ccs1281/ccs/ccs_base/msp430/include" --include_path="C:/ALL_STORAGE_HERE/Classwork/Spring 2026/Microproccesors/CCS Workspace/Lab6.1_ASM_RegImmAbsMode_Jones" --include_path="C:/ti/ccs1281/ccs/tools/compiler/ti-cgt-msp430_21.6.1.LTS/include" --advice:power=all --advice:hw_config=all --define=__MSP430FR2355__ --define=_FRWP_ENABLE --define=_INFO_FRWP_ENABLE -g --printf_support=minimal --diag_warning=225 --diag_wrap=off --display_error_number --silicon_errata=CPU21 --silicon_errata=CPU22 --silicon_errata=CPU40 --preproc_with_compile --preproc_dependency="Lab6.1main.d_raw"  "../Lab6.1main.asm"
No Assembly Errors, 1 Assembly Warning
"../Lab6.1main.asm", WARNING! at line 52: [W5369] Silicon Errata CPU40: A jump instruction at the end of a section should be followed by a NOP.
				jmp		main
 
Finished building: "../Lab6.1main.asm"
 
Building target: "Lab6.1_ASM_RegImmAbsMode_Jones.out"
Invoking: MSP430 Linker
"C:/ti/ccs1281/ccs/tools/compiler/ti-cgt-msp430_21.6.1.LTS/bin/cl430" -vmspx --code_model=small --data_model=small --use_hw_mpy=F5 --advice:power=all --advice:hw_config=all --define=__MSP430FR2355__ --define=_FRWP_ENABLE --define=_INFO_FRWP_ENABLE -g --printf_support=minimal --diag_warning=225 --diag_wrap=off --display_error_number --silicon_errata=CPU21 --silicon_errata=CPU22 --silicon_errata=CPU40 -z -m"Lab6.1_ASM_RegImmAbsMode_Jones.map" --heap_size=0 --stack_size=0 --cinit_hold_wdt=on -i"C:/ti/ccs1281/ccs/ccs_base/msp430/include" -i"C:/ti/ccs1281/ccs/ccs_base/msp430/lib/FR2xx" -i"C:/ti/ccs1281/ccs/tools/compiler/ti-cgt-msp430_21.6.1.LTS/lib" -i"C:/ti/ccs1281/ccs/tools/compiler/ti-cgt-msp430_21.6.1.LTS/include" --priority --reread_libs --define=_FRWP_ENABLE --define=_INFO_FRWP_ENABLE --diag_wrap=off --display_error_number --warn_sections --xml_link_info="Lab6.1_ASM_RegImmAbsMode_Jones_linkInfo.xml" --entry_point=RESET --use_hw_mpy=F5 -o "Lab6.1_ASM_RegImmAbsMode_Jones.out" "./Lab6.1main.obj" "../lnk_msp430fr2355.cmd"  -lfrwp_init.a -llibc.a 
<Linking>
Finished building target: "Lab6.1_ASM_RegImmAbsMode_Jones.out"
 

**** Build Finished ****

**** Build of configuration Debug for project Lab6.1_ASM_RegImmAbsMode_Jones ****

"C:\\ti\\ccs1281\\ccs\\utils\\bin\\gmake" -k -j 8 all -O 
 
gmake[1]: 'Lab6.1_ASM_RegImmAbsMode_Jones.out' is up to date.

**** Build Finished ****

**** Build of configuration Debug for project Lab6.1_ASM_RegImmAbsMode_Jones ****

"C:\\ti\\ccs1281\\ccs\\utils\\bin\\gmake" -k -j 8 all -O 
 
Building file: "../Lab6.1main.asm"
Invoking: MSP430 Compiler
"C:/ti/ccs1281/ccs/tools/compiler/ti-cgt-msp430_21.6.1.LTS/bin/cl430" -vmspx --code_model=small --data_model=small --use_hw_mpy=F5 --include_path="C:/ti/ccs1281/ccs/ccs_base/msp430/include" --include_path="C:/ALL_STORAGE_HERE/Classwork/Spring 2026/Microproccesors/CCS Workspace/Lab6.1_ASM_RegImmAbsMode_Jones" --include_path="C:/ti/ccs1281/ccs/tools/compiler/ti-cgt-msp430_21.6.1.LTS/include" --advice:power=all --advice:hw_config=all --define=__MSP430FR2355__ --define=_FRWP_ENABLE --define=_INFO_FRWP_ENABLE -g --printf_support=minimal --diag_warning=225 --diag_wrap=off --display_error_number --silicon_errata=CPU21 --silicon_errata=CPU22 --silicon_errata=CPU40 --preproc_with_compile --preproc_dependency="Lab6.1main.d_raw"  "../Lab6.1main.asm"
No Assembly Errors, 1 Assembly Warning
"../Lab6.1main.asm", WARNING! at line 52: [W5369] Silicon Errata CPU40: A jump instruction at the end of a section should be followed by a NOP.
				jmp		main
 
Finished building: "../Lab6.1main.asm"
 
Building target: "Lab6.1_ASM_RegImmAbsMode_Jones.out"
Invoking: MSP430 Linker
"C:/ti/ccs1281/ccs/tools/compiler/ti-cgt-msp430_21.6.1.LTS/bin/cl430" -vmspx --code_model=small --data_model=small --use_hw_mpy=F5 --advice:power=all --advice:hw_config=all --define=__MSP430FR2355__ --define=_FRWP_ENABLE --define=_INFO_FRWP_ENABLE -g --printf_support=minimal --diag_warning=225 --diag_wrap=off --display_error_number --silicon_errata=CPU21 --silicon_errata=CPU22 --silicon_errata=CPU40 -z -m"Lab6.1_ASM_RegImmAbsMode_Jones.map" --heap_size=0 --stack_size=0 --cinit_hold_wdt=on -i"C:/ti/ccs1281/ccs/ccs_base/msp430/include" -i"C:/ti/ccs1281/ccs/ccs_base/msp430/lib/FR2xx" -i"C:/ti/ccs1281/ccs/tools/compiler/ti-cgt-msp430_21.6.1.LTS/lib" -i"C:/ti/ccs1281/ccs/tools/compiler/ti-cgt-msp430_21.6.1.LTS/include" --priority --reread_libs --define=_FRWP_ENABLE --define=_INFO_FRWP_ENABLE --diag_wrap=off --display_error_number --warn_sections --xml_link_info="Lab6.1_ASM_RegImmAbsMode_Jones_linkInfo.xml" --entry_point=RESET --use_hw_mpy=F5 -o "Lab6.1_ASM_RegImmAbsMode_Jones.out" "./Lab6.1main.obj" "../lnk_msp430fr2355.cmd"  -lfrwp_init.a -llibc.a 
<Linking>
Finished building target: "Lab6.1_ASM_RegImmAbsMode_Jones.out"
 

**** Build Finished ****

**** Build of configuration Debug for project Lab6.1_ASM_RegImmAbsMode_Jones ****

"C:\\ti\\ccs1281\\ccs\\utils\\bin\\gmake" -k -j 8 all -O 
 
Building file: "../Lab6.1main.asm"
Invoking: MSP430 Compiler
"C:/ti/ccs1281/ccs/tools/compiler/ti-cgt-msp430_21.6.1.LTS/bin/cl430" -vmspx --code_model=small --data_model=small --use_hw_mpy=F5 --include_path="C:/ti/ccs1281/ccs/ccs_base/msp430/include" --include_path="C:/ALL_STORAGE_HERE/Classwork/Spring 2026/Microproccesors/CCS Workspace/Lab6.1_ASM_RegImmAbsMode_Jones" --include_path="C:/ti/ccs1281/ccs/tools/compiler/ti-cgt-msp430_21.6.1.LTS/include" --advice:power=all --advice:hw_config=all --define=__MSP430FR2355__ --define=_FRWP_ENABLE --define=_INFO_FRWP_ENABLE -g --printf_support=minimal --diag_warning=225 --diag_wrap=off --display_error_number --silicon_errata=CPU21 --silicon_errata=CPU22 --silicon_errata=CPU40 --preproc_with_compile --preproc_dependency="Lab6.1main.d_raw"  "../Lab6.1main.asm"
No Assembly Errors, 1 Assembly Warning
"../Lab6.1main.asm", WARNING! at line 79: [W5369] Silicon Errata CPU40: A jump instruction at the end of a section should be followed by a NOP.
				jmp 	main
 
Finished building: "../Lab6.1main.asm"
 
Building target: "Lab6.1_ASM_RegImmAbsMode_Jones.out"
Invoking: MSP430 Linker
"C:/ti/ccs1281/ccs/tools/compiler/ti-cgt-msp430_21.6.1.LTS/bin/cl430" -vmspx --code_model=small --data_model=small --use_hw_mpy=F5 --advice:power=all --advice:hw_config=all --define=__MSP430FR2355__ --define=_FRWP_ENABLE --define=_INFO_FRWP_ENABLE -g --printf_support=minimal --diag_warning=225 --diag_wrap=off --display_error_number --silicon_errata=CPU21 --silicon_errata=CPU22 --silicon_errata=CPU40 -z -m"Lab6.1_ASM_RegImmAbsMode_Jones.map" --heap_size=0 --stack_size=0 --cinit_hold_wdt=on -i"C:/ti/ccs1281/ccs/ccs_base/msp430/include" -i"C:/ti/ccs1281/ccs/ccs_base/msp430/lib/FR2xx" -i"C:/ti/ccs1281/ccs/tools/compiler/ti-cgt-msp430_21.6.1.LTS/lib" -i"C:/ti/ccs1281/ccs/tools/compiler/ti-cgt-msp430_21.6.1.LTS/include" --priority --reread_libs --define=_FRWP_ENABLE --define=_INFO_FRWP_ENABLE --diag_wrap=off --display_error_number --warn_sections --xml_link_info="Lab6.1_ASM_RegImmAbsMode_Jones_linkInfo.xml" --entry_point=RESET --use_hw_mpy=F5 -o "Lab6.1_ASM_RegImmAbsMode_Jones.out" "./Lab6.1main.obj" "../lnk_msp430fr2355.cmd"  -lfrwp_init.a -llibc.a 
<Linking>
Finished building target: "Lab6.1_ASM_RegImmAbsMode_Jones.out"
 

**** Build Finished ****

**** Build of configuration Debug for project Lab6.1_ASM_RegImmAbsMode_Jones ****

"C:\\ti\\ccs1281\\ccs\\utils\\bin\\gmake" -k -j 8 all -O 
 
gmake[1]: 'Lab6.1_ASM_RegImmAbsMode_Jones.out' is up to date.

**** Build Finished ****

**** Build of configuration Debug for project Lab6.1_ASM_RegImmAbsMode_Jones ****

"C:\\ti\\ccs1281\\ccs\\utils\\bin\\gmake" -k -j 8 all -O 
 
Building file: "../Lab6.1main.asm"
Invoking: MSP430 Compiler
"C:/ti/ccs1281/ccs/tools/compiler/ti-cgt-msp430_21.6.1.LTS/bin/cl430" -vmspx --code_model=small --data_model=small --use_hw_mpy=F5 --include_path="C:/ti/ccs1281/ccs/ccs_base/msp430/include" --include_path="C:/ALL_STORAGE_HERE/Classwork/Spring 2026/Microproccesors/CCS Workspace/Lab6.1_ASM_RegImmAbsMode_Jones" --include_path="C:/ti/ccs1281/ccs/tools/compiler/ti-cgt-msp430_21.6.1.LTS/include" --advice:power=all --advice:hw_config=all --define=__MSP430FR2355__ --define=_FRWP_ENABLE --define=_INFO_FRWP_ENABLE -g --printf_support=minimal --diag_warning=225 --diag_wrap=off --display_error_number --silicon_errata=CPU21 --silicon_errata=CPU22 --silicon_errata=CPU40 --preproc_with_compile --preproc_dependency="Lab6.1main.d_raw"  "../Lab6.1main.asm"
No Assembly Errors, 1 Assembly Warning
"../Lab6.1main.asm", WARNING! at line 65: [W5369] Silicon Errata CPU40: A jump instruction at the end of a section should be followed by a NOP.
				jmp 	main
 
Finished building: "../Lab6.1main.asm"
 
Building target: "Lab6.1_ASM_RegImmAbsMode_Jones.out"
Invoking: MSP430 Linker
"C:/ti/ccs1281/ccs/tools/compiler/ti-cgt-msp430_21.6.1.LTS/bin/cl430" -vmspx --code_model=small --data_model=small --use_hw_mpy=F5 --advice:power=all --advice:hw_config=all --define=__MSP430FR2355__ --define=_FRWP_ENABLE --define=_INFO_FRWP_ENABLE -g --printf_support=minimal --diag_warning=225 --diag_wrap=off --display_error_number --silicon_errata=CPU21 --silicon_errata=CPU22 --silicon_errata=CPU40 -z -m"Lab6.1_ASM_RegImmAbsMode_Jones.map" --heap_size=0 --stack_size=0 --cinit_hold_wdt=on -i"C:/ti/ccs1281/ccs/ccs_base/msp430/include" -i"C:/ti/ccs1281/ccs/ccs_base/msp430/lib/FR2xx" -i"C:/ti/ccs1281/ccs/tools/compiler/ti-cgt-msp430_21.6.1.LTS/lib" -i"C:/ti/ccs1281/ccs/tools/compiler/ti-cgt-msp430_21.6.1.LTS/include" --priority --reread_libs --define=_FRWP_ENABLE --define=_INFO_FRWP_ENABLE --diag_wrap=off --display_error_number --warn_sections --xml_link_info="Lab6.1_ASM_RegImmAbsMode_Jones_linkInfo.xml" --entry_point=RESET --use_hw_mpy=F5 -o "Lab6.1_ASM_RegImmAbsMode_Jones.out" "./Lab6.1main.obj" "../lnk_msp430fr2355.cmd"  -lfrwp_init.a -llibc.a 
<Linking>
Finished building target: "Lab6.1_ASM_RegImmAbsMode_Jones.out"
 

**** Build Finished ****

**** Build of configuration Debug for project Lab6.1_ASM_RegImmAbsMode_Jones ****

"C:\\ti\\ccs1281\\ccs\\utils\\bin\\gmake" -k -j 8 all -O 
 
gmake[1]: 'Lab6.1_ASM_RegImmAbsMode_Jones.out' is up to date.

**** Build Finished ****

**** Build of configuration Debug for project Lab6.1_ASM_RegImmAbsMode_Jones ****

"C:\\ti\\ccs1281\\ccs\\utils\\bin\\gmake" -k -j 8 all -O 
 
Building file: "../Lab6.1main.asm"
Invoking: MSP430 Compiler
"C:/ti/ccs1281/ccs/tools/compiler/ti-cgt-msp430_21.6.1.LTS/bin/cl430" -vmspx --code_model=small --data_model=small --use_hw_mpy=F5 --include_path="C:/ti/ccs1281/ccs/ccs_base/msp430/include" --include_path="C:/ALL_STORAGE_HERE/Classwork/Spring 2026/Microproccesors/CCS Workspace/Lab6.1_ASM_RegImmAbsMode_Jones" --include_path="C:/ti/ccs1281/ccs/tools/compiler/ti-cgt-msp430_21.6.1.LTS/include" --advice:power=all --advice:hw_config=all --define=__MSP430FR2355__ --define=_FRWP_ENABLE --define=_INFO_FRWP_ENABLE -g --printf_support=minimal --diag_warning=225 --diag_wrap=off --display_error_number --silicon_errata=CPU21 --silicon_errata=CPU22 --silicon_errata=CPU40 --preproc_with_compile --preproc_dependency="Lab6.1main.d_raw"  "../Lab6.1main.asm"
No Assembly Errors, 1 Assembly Warning
"../Lab6.1main.asm", WARNING! at line 65: [W5369] Silicon Errata CPU40: A jump instruction at the end of a section should be followed by a NOP.
				jmp 	main
 
Finished building: "../Lab6.1main.asm"
 
Building target: "Lab6.1_ASM_RegImmAbsMode_Jones.out"
Invoking: MSP430 Linker
"C:/ti/ccs1281/ccs/tools/compiler/ti-cgt-msp430_21.6.1.LTS/bin/cl430" -vmspx --code_model=small --data_model=small --use_hw_mpy=F5 --advice:power=all --advice:hw_config=all --define=__MSP430FR2355__ --define=_FRWP_ENABLE --define=_INFO_FRWP_ENABLE -g --printf_support=minimal --diag_warning=225 --diag_wrap=off --display_error_number --silicon_errata=CPU21 --silicon_errata=CPU22 --silicon_errata=CPU40 -z -m"Lab6.1_ASM_RegImmAbsMode_Jones.map" --heap_size=0 --stack_size=0 --cinit_hold_wdt=on -i"C:/ti/ccs1281/ccs/ccs_base/msp430/include" -i"C:/ti/ccs1281/ccs/ccs_base/msp430/lib/FR2xx" -i"C:/ti/ccs1281/ccs/tools/compiler/ti-cgt-msp430_21.6.1.LTS/lib" -i"C:/ti/ccs1281/ccs/tools/compiler/ti-cgt-msp430_21.6.1.LTS/include" --priority --reread_libs --define=_FRWP_ENABLE --define=_INFO_FRWP_ENABLE --diag_wrap=off --display_error_number --warn_sections --xml_link_info="Lab6.1_ASM_RegImmAbsMode_Jones_linkInfo.xml" --entry_point=RESET --use_hw_mpy=F5 -o "Lab6.1_ASM_RegImmAbsMode_Jones.out" "./Lab6.1main.obj" "../lnk_msp430fr2355.cmd"  -lfrwp_init.a -llibc.a 
<Linking>
Finished building target: "Lab6.1_ASM_RegImmAbsMode_Jones.out"
 

**** Build Finished ****

**** Build of configuration Debug for project Lab6.1_ASM_RegImmAbsMode_Jones ****

"C:\\ti\\ccs1281\\ccs\\utils\\bin\\gmake" -k -j 8 all -O 
 
Building file: "../Lab6.1main.asm"
Invoking: MSP430 Compiler
"C:/ti/ccs1281/ccs/tools/compiler/ti-cgt-msp430_21.6.1.LTS/bin/cl430" -vmspx --code_model=small --data_model=small --use_hw_mpy=F5 --include_path="C:/ti/ccs1281/ccs/ccs_base/msp430/include" --include_path="C:/ALL_STORAGE_HERE/Classwork/Spring 2026/Microproccesors/CCS Workspace/Lab6.1_ASM_RegImmAbsMode_Jones" --include_path="C:/ti/ccs1281/ccs/tools/compiler/ti-cgt-msp430_21.6.1.LTS/include" --advice:power=all --advice:hw_config=all --define=__MSP430FR2355__ --define=_FRWP_ENABLE --define=_INFO_FRWP_ENABLE -g --printf_support=minimal --diag_warning=225 --diag_wrap=off --display_error_number --silicon_errata=CPU21 --silicon_errata=CPU22 --silicon_errata=CPU40 --preproc_with_compile --preproc_dependency="Lab6.1main.d_raw"  "../Lab6.1main.asm"
No Assembly Errors, 1 Assembly Warning
"../Lab6.1main.asm", WARNING! at line 65: [W5369] Silicon Errata CPU40: A jump instruction at the end of a section should be followed by a NOP.
				jmp 	main
 
Finished building: "../Lab6.1main.asm"
 
Building target: "Lab6.1_ASM_RegImmAbsMode_Jones.out"
Invoking: MSP430 Linker
"C:/ti/ccs1281/ccs/tools/compiler/ti-cgt-msp430_21.6.1.LTS/bin/cl430" -vmspx --code_model=small --data_model=small --use_hw_mpy=F5 --advice:power=all --advice:hw_config=all --define=__MSP430FR2355__ --define=_FRWP_ENABLE --define=_INFO_FRWP_ENABLE -g --printf_support=minimal --diag_warning=225 --diag_wrap=off --display_error_number --silicon_errata=CPU21 --silicon_errata=CPU22 --silicon_errata=CPU40 -z -m"Lab6.1_ASM_RegImmAbsMode_Jones.map" --heap_size=0 --stack_size=0 --cinit_hold_wdt=on -i"C:/ti/ccs1281/ccs/ccs_base/msp430/include" -i"C:/ti/ccs1281/ccs/ccs_base/msp430/lib/FR2xx" -i"C:/ti/ccs1281/ccs/tools/compiler/ti-cgt-msp430_21.6.1.LTS/lib" -i"C:/ti/ccs1281/ccs/tools/compiler/ti-cgt-msp430_21.6.1.LTS/include" --priority --reread_libs --define=_FRWP_ENABLE --define=_INFO_FRWP_ENABLE --diag_wrap=off --display_error_number --warn_sections --xml_link_info="Lab6.1_ASM_RegImmAbsMode_Jones_linkInfo.xml" --entry_point=RESET --use_hw_mpy=F5 -o "Lab6.1_ASM_RegImmAbsMode_Jones.out" "./Lab6.1main.obj" "../lnk_msp430fr2355.cmd"  -lfrwp_init.a -llibc.a 
<Linking>
Finished building target: "Lab6.1_ASM_RegImmAbsMode_Jones.out"
 

**** Build Finished ****

**** Build of configuration Debug for project Lab6.1_ASM_RegImmAbsMode_Jones ****

"C:\\ti\\ccs1281\\ccs\\utils\\bin\\gmake" -k -j 8 all -O 
 
gmake[1]: 'Lab6.1_ASM_RegImmAbsMode_Jones.out' is up to date.

**** Build Finished ****

**** Build of configuration Debug for project Chp6.4-6.5_CodeExample ****

"C:\\ti\\ccs1281\\ccs\\utils\\bin\\gmake" -k -j 8 all -O 
 
Building file: "../main.asm"
Invoking: MSP430 Compiler
"C:/ti/ccs1281/ccs/tools/compiler/ti-cgt-msp430_21.6.1.LTS/bin/cl430" -vmspx --code_model=small --data_model=small --use_hw_mpy=F5 --include_path="C:/ti/ccs1281/ccs/ccs_base/msp430/include" --include_path="C:/ALL_STORAGE_HERE/Classwork/Spring 2026/Microproccesors/CCS Workspace/Chp6.4-6.5_CodeExample" --include_path="C:/ti/ccs1281/ccs/tools/compiler/ti-cgt-msp430_21.6.1.LTS/include" --advice:power=all --advice:hw_config=all --define=__MSP430FR2355__ --define=_FRWP_ENABLE --define=_INFO_FRWP_ENABLE -g --printf_support=minimal --diag_warning=225 --diag_wrap=off --display_error_number --silicon_errata=CPU21 --silicon_errata=CPU22 --silicon_errata=CPU40 --preproc_with_compile --preproc_dependency="main.d_raw"  "../main.asm"
No Assembly Errors, 1 Assembly Warning
"../main.asm", WARNING! at line 34: [W5369] Silicon Errata CPU40: A jump instruction at the end of a section should be followed by a NOP.
				jmp 	main
 
Finished building: "../main.asm"
 
Building target: "Chp6.4-6.5_CodeExample.out"
Invoking: MSP430 Linker
"C:/ti/ccs1281/ccs/tools/compiler/ti-cgt-msp430_21.6.1.LTS/bin/cl430" -vmspx --code_model=small --data_model=small --use_hw_mpy=F5 --advice:power=all --advice:hw_config=all --define=__MSP430FR2355__ --define=_FRWP_ENABLE --define=_INFO_FRWP_ENABLE -g --printf_support=minimal --diag_warning=225 --diag_wrap=off --display_error_number --silicon_errata=CPU21 --silicon_errata=CPU22 --silicon_errata=CPU40 -z -m"Chp6.4-6.5_CodeExample.map" --heap_size=0 --stack_size=0 --cinit_hold_wdt=on -i"C:/ti/ccs1281/ccs/ccs_base/msp430/include" -i"C:/ti/ccs1281/ccs/ccs_base/msp430/lib/FR2xx" -i"C:/ti/ccs1281/ccs/tools/compiler/ti-cgt-msp430_21.6.1.LTS/lib" -i"C:/ti/ccs1281/ccs/tools/compiler/ti-cgt-msp430_21.6.1.LTS/include" --priority --reread_libs --define=_FRWP_ENABLE --define=_INFO_FRWP_ENABLE --diag_wrap=off --display_error_number --warn_sections --xml_link_info="Chp6.4-6.5_CodeExample_linkInfo.xml" --entry_point=RESET --use_hw_mpy=F5 -o "Chp6.4-6.5_CodeExample.out" "./main.obj" "../lnk_msp430fr2355.cmd"  -lfrwp_init.a -llibc.a 
<Linking>
Finished building target: "Chp6.4-6.5_CodeExample.out"
 

**** Build Finished ****

**** Build of configuration Debug for project Lab6.2_ASM_SymIndMode_Jones ****

"C:\\ti\\ccs1281\\ccs\\utils\\bin\\gmake" -k -j 8 all -O 
 
Building file: "../Lab6.2main.asm"
Invoking: MSP430 Compiler
"C:/ti/ccs1281/ccs/tools/compiler/ti-cgt-msp430_21.6.1.LTS/bin/cl430" -vmspx --code_model=small --data_model=small --use_hw_mpy=F5 --include_path="C:/ti/ccs1281/ccs/ccs_base/msp430/include" --include_path="C:/ALL_STORAGE_HERE/Classwork/Spring 2026/Microproccesors/CCS Workspace/Lab6.2_ASM_SymIndMode_Jones" --include_path="C:/ti/ccs1281/ccs/tools/compiler/ti-cgt-msp430_21.6.1.LTS/include" --advice:power=all --advice:hw_config=all --define=__MSP430FR2355__ --define=_FRWP_ENABLE --define=_INFO_FRWP_ENABLE -g --printf_support=minimal --diag_warning=225 --diag_wrap=off --display_error_number --silicon_errata=CPU21 --silicon_errata=CPU22 --silicon_errata=CPU40 --preproc_with_compile --preproc_dependency="Lab6.2main.d_raw"  "../Lab6.2main.asm"
No Assembly Errors, 1 Assembly Warning
"../Lab6.2main.asm", WARNING! at line 30: [W5369] Silicon Errata CPU40: A jump instruction at the end of a section should be followed by a NOP.
				jmp		main
 
Finished building: "../Lab6.2main.asm"
 
Building target: "Lab6.2_ASM_SymIndMode_Jones.out"
Invoking: MSP430 Linker
"C:/ti/ccs1281/ccs/tools/compiler/ti-cgt-msp430_21.6.1.LTS/bin/cl430" -vmspx --code_model=small --data_model=small --use_hw_mpy=F5 --advice:power=all --advice:hw_config=all --define=__MSP430FR2355__ --define=_FRWP_ENABLE --define=_INFO_FRWP_ENABLE -g --printf_support=minimal --diag_warning=225 --diag_wrap=off --display_error_number --silicon_errata=CPU21 --silicon_errata=CPU22 --silicon_errata=CPU40 -z -m"Lab6.2_ASM_SymIndMode_Jones.map" --heap_size=0 --stack_size=0 --cinit_hold_wdt=on -i"C:/ti/ccs1281/ccs/ccs_base/msp430/include" -i"C:/ti/ccs1281/ccs/ccs_base/msp430/lib/FR2xx" -i"C:/ti/ccs1281/ccs/tools/compiler/ti-cgt-msp430_21.6.1.LTS/lib" -i"C:/ti/ccs1281/ccs/tools/compiler/ti-cgt-msp430_21.6.1.LTS/include" --priority --reread_libs --define=_FRWP_ENABLE --define=_INFO_FRWP_ENABLE --diag_wrap=off --display_error_number --warn_sections --xml_link_info="Lab6.2_ASM_SymIndMode_Jones_linkInfo.xml" --entry_point=RESET --use_hw_mpy=F5 -o "Lab6.2_ASM_SymIndMode_Jones.out" "./Lab6.2main.obj" "../lnk_msp430fr2355.cmd"  -lfrwp_init.a -llibc.a 
<Linking>
Finished building target: "Lab6.2_ASM_SymIndMode_Jones.out"
 

**** Build Finished ****

**** Build of configuration Debug for project Lab6.2_ASM_SymIndMode_Jones ****

"C:\\ti\\ccs1281\\ccs\\utils\\bin\\gmake" -k -j 8 all -O 
 
Building file: "../Lab6.2main.asm"
Invoking: MSP430 Compiler
"C:/ti/ccs1281/ccs/tools/compiler/ti-cgt-msp430_21.6.1.LTS/bin/cl430" -vmspx --code_model=small --data_model=small --use_hw_mpy=F5 --include_path="C:/ti/ccs1281/ccs/ccs_base/msp430/include" --include_path="C:/ALL_STORAGE_HERE/Classwork/Spring 2026/Microproccesors/CCS Workspace/Lab6.2_ASM_SymIndMode_Jones" --include_path="C:/ti/ccs1281/ccs/tools/compiler/ti-cgt-msp430_21.6.1.LTS/include" --advice:power=all --advice:hw_config=all --define=__MSP430FR2355__ --define=_FRWP_ENABLE --define=_INFO_FRWP_ENABLE -g --printf_support=minimal --diag_warning=225 --diag_wrap=off --display_error_number --silicon_errata=CPU21 --silicon_errata=CPU22 --silicon_errata=CPU40 --preproc_with_compile --preproc_dependency="Lab6.2main.d_raw"  "../Lab6.2main.asm"
No Assembly Errors, 1 Assembly Warning
"../Lab6.2main.asm", WARNING! at line 30: [W5369] Silicon Errata CPU40: A jump instruction at the end of a section should be followed by a NOP.
				jmp		main
 
Finished building: "../Lab6.2main.asm"
 
Building target: "Lab6.2_ASM_SymIndMode_Jones.out"
Invoking: MSP430 Linker
"C:/ti/ccs1281/ccs/tools/compiler/ti-cgt-msp430_21.6.1.LTS/bin/cl430" -vmspx --code_model=small --data_model=small --use_hw_mpy=F5 --advice:power=all --advice:hw_config=all --define=__MSP430FR2355__ --define=_FRWP_ENABLE --define=_INFO_FRWP_ENABLE -g --printf_support=minimal --diag_warning=225 --diag_wrap=off --display_error_number --silicon_errata=CPU21 --silicon_errata=CPU22 --silicon_errata=CPU40 -z -m"Lab6.2_ASM_SymIndMode_Jones.map" --heap_size=0 --stack_size=0 --cinit_hold_wdt=on -i"C:/ti/ccs1281/ccs/ccs_base/msp430/include" -i"C:/ti/ccs1281/ccs/ccs_base/msp430/lib/FR2xx" -i"C:/ti/ccs1281/ccs/tools/compiler/ti-cgt-msp430_21.6.1.LTS/lib" -i"C:/ti/ccs1281/ccs/tools/compiler/ti-cgt-msp430_21.6.1.LTS/include" --priority --reread_libs --define=_FRWP_ENABLE --define=_INFO_FRWP_ENABLE --diag_wrap=off --display_error_number --warn_sections --xml_link_info="Lab6.2_ASM_SymIndMode_Jones_linkInfo.xml" --entry_point=RESET --use_hw_mpy=F5 -o "Lab6.2_ASM_SymIndMode_Jones.out" "./Lab6.2main.obj" "../lnk_msp430fr2355.cmd"  -lfrwp_init.a -llibc.a 
<Linking>
Finished building target: "Lab6.2_ASM_SymIndMode_Jones.out"
 

**** Build Finished ****

**** Build of configuration Debug for project Lab6.2_ASM_SymIndMode_Jones ****

"C:\\ti\\ccs1281\\ccs\\utils\\bin\\gmake" -k -j 8 all -O 
 
gmake[1]: 'Lab6.2_ASM_SymIndMode_Jones.out' is up to date.

**** Build Finished ****

**** Build of configuration Debug for project Lab6.2_ASM_SymIndMode_Jones ****

"C:\\ti\\ccs1281\\ccs\\utils\\bin\\gmake" -k -j 8 all -O 
 
Building file: "../Lab6.2main.asm"
Invoking: MSP430 Compiler
"C:/ti/ccs1281/ccs/tools/compiler/ti-cgt-msp430_21.6.1.LTS/bin/cl430" -vmspx --code_model=small --data_model=small --use_hw_mpy=F5 --include_path="C:/ti/ccs1281/ccs/ccs_base/msp430/include" --include_path="C:/ALL_STORAGE_HERE/Classwork/Spring 2026/Microproccesors/CCS Workspace/Lab6.2_ASM_SymIndMode_Jones" --include_path="C:/ti/ccs1281/ccs/tools/compiler/ti-cgt-msp430_21.6.1.LTS/include" --advice:power=all --advice:hw_config=all --define=__MSP430FR2355__ --define=_FRWP_ENABLE --define=_INFO_FRWP_ENABLE -g --printf_support=minimal --diag_warning=225 --diag_wrap=off --display_error_number --silicon_errata=CPU21 --silicon_errata=CPU22 --silicon_errata=CPU40 --preproc_with_compile --preproc_dependency="Lab6.2main.d_raw"  "../Lab6.2main.asm"
No Assembly Errors, 1 Assembly Warning
"../Lab6.2main.asm", WARNING! at line 34: [W5369] Silicon Errata CPU40: A jump instruction at the end of a section should be followed by a NOP.
				jmp		main
 
Finished building: "../Lab6.2main.asm"
 
Building target: "Lab6.2_ASM_SymIndMode_Jones.out"
Invoking: MSP430 Linker
"C:/ti/ccs1281/ccs/tools/compiler/ti-cgt-msp430_21.6.1.LTS/bin/cl430" -vmspx --code_model=small --data_model=small --use_hw_mpy=F5 --advice:power=all --advice:hw_config=all --define=__MSP430FR2355__ --define=_FRWP_ENABLE --define=_INFO_FRWP_ENABLE -g --printf_support=minimal --diag_warning=225 --diag_wrap=off --display_error_number --silicon_errata=CPU21 --silicon_errata=CPU22 --silicon_errata=CPU40 -z -m"Lab6.2_ASM_SymIndMode_Jones.map" --heap_size=0 --stack_size=0 --cinit_hold_wdt=on -i"C:/ti/ccs1281/ccs/ccs_base/msp430/include" -i"C:/ti/ccs1281/ccs/ccs_base/msp430/lib/FR2xx" -i"C:/ti/ccs1281/ccs/tools/compiler/ti-cgt-msp430_21.6.1.LTS/lib" -i"C:/ti/ccs1281/ccs/tools/compiler/ti-cgt-msp430_21.6.1.LTS/include" --priority --reread_libs --define=_FRWP_ENABLE --define=_INFO_FRWP_ENABLE --diag_wrap=off --display_error_number --warn_sections --xml_link_info="Lab6.2_ASM_SymIndMode_Jones_linkInfo.xml" --entry_point=RESET --use_hw_mpy=F5 -o "Lab6.2_ASM_SymIndMode_Jones.out" "./Lab6.2main.obj" "../lnk_msp430fr2355.cmd"  -lfrwp_init.a -llibc.a 
<Linking>
Finished building target: "Lab6.2_ASM_SymIndMode_Jones.out"
 

**** Build Finished ****

**** Build of configuration Debug for project Lab6.2_ASM_SymIndMode_Jones ****

"C:\\ti\\ccs1281\\ccs\\utils\\bin\\gmake" -k -j 8 all -O 
 
Building file: "../Lab6.2main.asm"
Invoking: MSP430 Compiler
"C:/ti/ccs1281/ccs/tools/compiler/ti-cgt-msp430_21.6.1.LTS/bin/cl430" -vmspx --code_model=small --data_model=small --use_hw_mpy=F5 --include_path="C:/ti/ccs1281/ccs/ccs_base/msp430/include" --include_path="C:/ALL_STORAGE_HERE/Classwork/Spring 2026/Microproccesors/CCS Workspace/Lab6.2_ASM_SymIndMode_Jones" --include_path="C:/ti/ccs1281/ccs/tools/compiler/ti-cgt-msp430_21.6.1.LTS/include" --advice:power=all --advice:hw_config=all --define=__MSP430FR2355__ --define=_FRWP_ENABLE --define=_INFO_FRWP_ENABLE -g --printf_support=minimal --diag_warning=225 --diag_wrap=off --display_error_number --silicon_errata=CPU21 --silicon_errata=CPU22 --silicon_errata=CPU40 --preproc_with_compile --preproc_dependency="Lab6.2main.d_raw"  "../Lab6.2main.asm"
No Assembly Errors, 1 Assembly Warning
"../Lab6.2main.asm", WARNING! at line 34: [W5369] Silicon Errata CPU40: A jump instruction at the end of a section should be followed by a NOP.
				jmp		main
 
Finished building: "../Lab6.2main.asm"
 
Building target: "Lab6.2_ASM_SymIndMode_Jones.out"
Invoking: MSP430 Linker
"C:/ti/ccs1281/ccs/tools/compiler/ti-cgt-msp430_21.6.1.LTS/bin/cl430" -vmspx --code_model=small --data_model=small --use_hw_mpy=F5 --advice:power=all --advice:hw_config=all --define=__MSP430FR2355__ --define=_FRWP_ENABLE --define=_INFO_FRWP_ENABLE -g --printf_support=minimal --diag_warning=225 --diag_wrap=off --display_error_number --silicon_errata=CPU21 --silicon_errata=CPU22 --silicon_errata=CPU40 -z -m"Lab6.2_ASM_SymIndMode_Jones.map" --heap_size=0 --stack_size=0 --cinit_hold_wdt=on -i"C:/ti/ccs1281/ccs/ccs_base/msp430/include" -i"C:/ti/ccs1281/ccs/ccs_base/msp430/lib/FR2xx" -i"C:/ti/ccs1281/ccs/tools/compiler/ti-cgt-msp430_21.6.1.LTS/lib" -i"C:/ti/ccs1281/ccs/tools/compiler/ti-cgt-msp430_21.6.1.LTS/include" --priority --reread_libs --define=_FRWP_ENABLE --define=_INFO_FRWP_ENABLE --diag_wrap=off --display_error_number --warn_sections --xml_link_info="Lab6.2_ASM_SymIndMode_Jones_linkInfo.xml" --entry_point=RESET --use_hw_mpy=F5 -o "Lab6.2_ASM_SymIndMode_Jones.out" "./Lab6.2main.obj" "../lnk_msp430fr2355.cmd"  -lfrwp_init.a -llibc.a 
<Linking>
Finished building target: "Lab6.2_ASM_SymIndMode_Jones.out"
 

**** Build Finished ****

**** Build of configuration Debug for project Lab6.2_ASM_SymIndMode_Jones ****

"C:\\ti\\ccs1281\\ccs\\utils\\bin\\gmake" -k -j 8 all -O 
 
Building file: "../Lab6.2main.asm"
Invoking: MSP430 Compiler
"C:/ti/ccs1281/ccs/tools/compiler/ti-cgt-msp430_21.6.1.LTS/bin/cl430" -vmspx --code_model=small --data_model=small --use_hw_mpy=F5 --include_path="C:/ti/ccs1281/ccs/ccs_base/msp430/include" --include_path="C:/ALL_STORAGE_HERE/Classwork/Spring 2026/Microproccesors/CCS Workspace/Lab6.2_ASM_SymIndMode_Jones" --include_path="C:/ti/ccs1281/ccs/tools/compiler/ti-cgt-msp430_21.6.1.LTS/include" --advice:power=all --advice:hw_config=all --define=__MSP430FR2355__ --define=_FRWP_ENABLE --define=_INFO_FRWP_ENABLE -g --printf_support=minimal --diag_warning=225 --diag_wrap=off --display_error_number --silicon_errata=CPU21 --silicon_errata=CPU22 --silicon_errata=CPU40 --preproc_with_compile --preproc_dependency="Lab6.2main.d_raw"  "../Lab6.2main.asm"
No Assembly Errors, 1 Assembly Warning
"../Lab6.2main.asm", WARNING! at line 39: [W5369] Silicon Errata CPU40: A jump instruction at the end of a section should be followed by a NOP.
				jmp		main
 
Finished building: "../Lab6.2main.asm"
 
Building target: "Lab6.2_ASM_SymIndMode_Jones.out"
Invoking: MSP430 Linker
"C:/ti/ccs1281/ccs/tools/compiler/ti-cgt-msp430_21.6.1.LTS/bin/cl430" -vmspx --code_model=small --data_model=small --use_hw_mpy=F5 --advice:power=all --advice:hw_config=all --define=__MSP430FR2355__ --define=_FRWP_ENABLE --define=_INFO_FRWP_ENABLE -g --printf_support=minimal --diag_warning=225 --diag_wrap=off --display_error_number --silicon_errata=CPU21 --silicon_errata=CPU22 --silicon_errata=CPU40 -z -m"Lab6.2_ASM_SymIndMode_Jones.map" --heap_size=0 --stack_size=0 --cinit_hold_wdt=on -i"C:/ti/ccs1281/ccs/ccs_base/msp430/include" -i"C:/ti/ccs1281/ccs/ccs_base/msp430/lib/FR2xx" -i"C:/ti/ccs1281/ccs/tools/compiler/ti-cgt-msp430_21.6.1.LTS/lib" -i"C:/ti/ccs1281/ccs/tools/compiler/ti-cgt-msp430_21.6.1.LTS/include" --priority --reread_libs --define=_FRWP_ENABLE --define=_INFO_FRWP_ENABLE --diag_wrap=off --display_error_number --warn_sections --xml_link_info="Lab6.2_ASM_SymIndMode_Jones_linkInfo.xml" --entry_point=RESET --use_hw_mpy=F5 -o "Lab6.2_ASM_SymIndMode_Jones.out" "./Lab6.2main.obj" "../lnk_msp430fr2355.cmd"  -lfrwp_init.a -llibc.a 
<Linking>
Finished building target: "Lab6.2_ASM_SymIndMode_Jones.out"
 

**** Build Finished ****

**** Build of configuration Debug for project Lab6.2_ASM_SymIndMode_Jones ****

"C:\\ti\\ccs1281\\ccs\\utils\\bin\\gmake" -k -j 8 all -O 
 
Building file: "../Lab6.2main.asm"
Invoking: MSP430 Compiler
"C:/ti/ccs1281/ccs/tools/compiler/ti-cgt-msp430_21.6.1.LTS/bin/cl430" -vmspx --code_model=small --data_model=small --use_hw_mpy=F5 --include_path="C:/ti/ccs1281/ccs/ccs_base/msp430/include" --include_path="C:/ALL_STORAGE_HERE/Classwork/Spring 2026/Microproccesors/CCS Workspace/Lab6.2_ASM_SymIndMode_Jones" --include_path="C:/ti/ccs1281/ccs/tools/compiler/ti-cgt-msp430_21.6.1.LTS/include" --advice:power=all --advice:hw_config=all --define=__MSP430FR2355__ --define=_FRWP_ENABLE --define=_INFO_FRWP_ENABLE -g --printf_support=minimal --diag_warning=225 --diag_wrap=off --display_error_number --silicon_errata=CPU21 --silicon_errata=CPU22 --silicon_errata=CPU40 --preproc_with_compile --preproc_dependency="Lab6.2main.d_raw"  "../Lab6.2main.asm"
No Assembly Errors, 1 Assembly Warning
"../Lab6.2main.asm", WARNING! at line 43: [W5369] Silicon Errata CPU40: A jump instruction at the end of a section should be followed by a NOP.
				jmp		main
 
Finished building: "../Lab6.2main.asm"
 
Building target: "Lab6.2_ASM_SymIndMode_Jones.out"
Invoking: MSP430 Linker
"C:/ti/ccs1281/ccs/tools/compiler/ti-cgt-msp430_21.6.1.LTS/bin/cl430" -vmspx --code_model=small --data_model=small --use_hw_mpy=F5 --advice:power=all --advice:hw_config=all --define=__MSP430FR2355__ --define=_FRWP_ENABLE --define=_INFO_FRWP_ENABLE -g --printf_support=minimal --diag_warning=225 --diag_wrap=off --display_error_number --silicon_errata=CPU21 --silicon_errata=CPU22 --silicon_errata=CPU40 -z -m"Lab6.2_ASM_SymIndMode_Jones.map" --heap_size=0 --stack_size=0 --cinit_hold_wdt=on -i"C:/ti/ccs1281/ccs/ccs_base/msp430/include" -i"C:/ti/ccs1281/ccs/ccs_base/msp430/lib/FR2xx" -i"C:/ti/ccs1281/ccs/tools/compiler/ti-cgt-msp430_21.6.1.LTS/lib" -i"C:/ti/ccs1281/ccs/tools/compiler/ti-cgt-msp430_21.6.1.LTS/include" --priority --reread_libs --define=_FRWP_ENABLE --define=_INFO_FRWP_ENABLE --diag_wrap=off --display_error_number --warn_sections --xml_link_info="Lab6.2_ASM_SymIndMode_Jones_linkInfo.xml" --entry_point=RESET --use_hw_mpy=F5 -o "Lab6.2_ASM_SymIndMode_Jones.out" "./Lab6.2main.obj" "../lnk_msp430fr2355.cmd"  -lfrwp_init.a -llibc.a 
<Linking>
Finished building target: "Lab6.2_ASM_SymIndMode_Jones.out"
 

**** Build Finished ****

**** Build of configuration Debug for project Lab6.2_ASM_SymIndMode_Jones ****

"C:\\ti\\ccs1281\\ccs\\utils\\bin\\gmake" -k -j 8 all -O 
 
Building file: "../Lab6.2main.asm"
Invoking: MSP430 Compiler
"C:/ti/ccs1281/ccs/tools/compiler/ti-cgt-msp430_21.6.1.LTS/bin/cl430" -vmspx --code_model=small --data_model=small --use_hw_mpy=F5 --include_path="C:/ti/ccs1281/ccs/ccs_base/msp430/include" --include_path="C:/ALL_STORAGE_HERE/Classwork/Spring 2026/Microproccesors/CCS Workspace/Lab6.2_ASM_SymIndMode_Jones" --include_path="C:/ti/ccs1281/ccs/tools/compiler/ti-cgt-msp430_21.6.1.LTS/include" --advice:power=all --advice:hw_config=all --define=__MSP430FR2355__ --define=_FRWP_ENABLE --define=_INFO_FRWP_ENABLE -g --printf_support=minimal --diag_warning=225 --diag_wrap=off --display_error_number --silicon_errata=CPU21 --silicon_errata=CPU22 --silicon_errata=CPU40 --preproc_with_compile --preproc_dependency="Lab6.2main.d_raw"  "../Lab6.2main.asm"
No Assembly Errors, 1 Assembly Warning
"../Lab6.2main.asm", WARNING! at line 48: [W5369] Silicon Errata CPU40: A jump instruction at the end of a section should be followed by a NOP.
				jmp		main
 
Finished building: "../Lab6.2main.asm"
 
Building target: "Lab6.2_ASM_SymIndMode_Jones.out"
Invoking: MSP430 Linker
"C:/ti/ccs1281/ccs/tools/compiler/ti-cgt-msp430_21.6.1.LTS/bin/cl430" -vmspx --code_model=small --data_model=small --use_hw_mpy=F5 --advice:power=all --advice:hw_config=all --define=__MSP430FR2355__ --define=_FRWP_ENABLE --define=_INFO_FRWP_ENABLE -g --printf_support=minimal --diag_warning=225 --diag_wrap=off --display_error_number --silicon_errata=CPU21 --silicon_errata=CPU22 --silicon_errata=CPU40 -z -m"Lab6.2_ASM_SymIndMode_Jones.map" --heap_size=0 --stack_size=0 --cinit_hold_wdt=on -i"C:/ti/ccs1281/ccs/ccs_base/msp430/include" -i"C:/ti/ccs1281/ccs/ccs_base/msp430/lib/FR2xx" -i"C:/ti/ccs1281/ccs/tools/compiler/ti-cgt-msp430_21.6.1.LTS/lib" -i"C:/ti/ccs1281/ccs/tools/compiler/ti-cgt-msp430_21.6.1.LTS/include" --priority --reread_libs --define=_FRWP_ENABLE --define=_INFO_FRWP_ENABLE --diag_wrap=off --display_error_number --warn_sections --xml_link_info="Lab6.2_ASM_SymIndMode_Jones_linkInfo.xml" --entry_point=RESET --use_hw_mpy=F5 -o "Lab6.2_ASM_SymIndMode_Jones.out" "./Lab6.2main.obj" "../lnk_msp430fr2355.cmd"  -lfrwp_init.a -llibc.a 
<Linking>
Finished building target: "Lab6.2_ASM_SymIndMode_Jones.out"
 

**** Build Finished ****

**** Build of configuration Debug for project Lab6.2_ASM_SymIndMode_Jones ****

"C:\\ti\\ccs1281\\ccs\\utils\\bin\\gmake" -k -j 8 all -O 
 
Building file: "../Lab6.2main.asm"
Invoking: MSP430 Compiler
"C:/ti/ccs1281/ccs/tools/compiler/ti-cgt-msp430_21.6.1.LTS/bin/cl430" -vmspx --code_model=small --data_model=small --use_hw_mpy=F5 --include_path="C:/ti/ccs1281/ccs/ccs_base/msp430/include" --include_path="C:/ALL_STORAGE_HERE/Classwork/Spring 2026/Microproccesors/CCS Workspace/Lab6.2_ASM_SymIndMode_Jones" --include_path="C:/ti/ccs1281/ccs/tools/compiler/ti-cgt-msp430_21.6.1.LTS/include" --advice:power=all --advice:hw_config=all --define=__MSP430FR2355__ --define=_FRWP_ENABLE --define=_INFO_FRWP_ENABLE -g --printf_support=minimal --diag_warning=225 --diag_wrap=off --display_error_number --silicon_errata=CPU21 --silicon_errata=CPU22 --silicon_errata=CPU40 --preproc_with_compile --preproc_dependency="Lab6.2main.d_raw"  "../Lab6.2main.asm"
No Assembly Errors, 1 Assembly Warning
"../Lab6.2main.asm", WARNING! at line 48: [W5369] Silicon Errata CPU40: A jump instruction at the end of a section should be followed by a NOP.
				jmp		main
 
Finished building: "../Lab6.2main.asm"
 
Building target: "Lab6.2_ASM_SymIndMode_Jones.out"
Invoking: MSP430 Linker
"C:/ti/ccs1281/ccs/tools/compiler/ti-cgt-msp430_21.6.1.LTS/bin/cl430" -vmspx --code_model=small --data_model=small --use_hw_mpy=F5 --advice:power=all --advice:hw_config=all --define=__MSP430FR2355__ --define=_FRWP_ENABLE --define=_INFO_FRWP_ENABLE -g --printf_support=minimal --diag_warning=225 --diag_wrap=off --display_error_number --silicon_errata=CPU21 --silicon_errata=CPU22 --silicon_errata=CPU40 -z -m"Lab6.2_ASM_SymIndMode_Jones.map" --heap_size=0 --stack_size=0 --cinit_hold_wdt=on -i"C:/ti/ccs1281/ccs/ccs_base/msp430/include" -i"C:/ti/ccs1281/ccs/ccs_base/msp430/lib/FR2xx" -i"C:/ti/ccs1281/ccs/tools/compiler/ti-cgt-msp430_21.6.1.LTS/lib" -i"C:/ti/ccs1281/ccs/tools/compiler/ti-cgt-msp430_21.6.1.LTS/include" --priority --reread_libs --define=_FRWP_ENABLE --define=_INFO_FRWP_ENABLE --diag_wrap=off --display_error_number --warn_sections --xml_link_info="Lab6.2_ASM_SymIndMode_Jones_linkInfo.xml" --entry_point=RESET --use_hw_mpy=F5 -o "Lab6.2_ASM_SymIndMode_Jones.out" "./Lab6.2main.obj" "../lnk_msp430fr2355.cmd"  -lfrwp_init.a -llibc.a 
<Linking>
Finished building target: "Lab6.2_ASM_SymIndMode_Jones.out"
 

**** Build Finished ****

**** Build of configuration Debug for project Lab6.2_ASM_SymIndMode_Jones ****

"C:\\ti\\ccs1281\\ccs\\utils\\bin\\gmake" -k -j 8 all -O 
 
Building file: "../Lab6.2main.asm"
Invoking: MSP430 Compiler
"C:/ti/ccs1281/ccs/tools/compiler/ti-cgt-msp430_21.6.1.LTS/bin/cl430" -vmspx --code_model=small --data_model=small --use_hw_mpy=F5 --include_path="C:/ti/ccs1281/ccs/ccs_base/msp430/include" --include_path="C:/ALL_STORAGE_HERE/Classwork/Spring 2026/Microproccesors/CCS Workspace/Lab6.2_ASM_SymIndMode_Jones" --include_path="C:/ti/ccs1281/ccs/tools/compiler/ti-cgt-msp430_21.6.1.LTS/include" --advice:power=all --advice:hw_config=all --define=__MSP430FR2355__ --define=_FRWP_ENABLE --define=_INFO_FRWP_ENABLE -g --printf_support=minimal --diag_warning=225 --diag_wrap=off --display_error_number --silicon_errata=CPU21 --silicon_errata=CPU22 --silicon_errata=CPU40 --preproc_with_compile --preproc_dependency="Lab6.2main.d_raw"  "../Lab6.2main.asm"
No Assembly Errors, 1 Assembly Warning
"../Lab6.2main.asm", WARNING! at line 61: [W5369] Silicon Errata CPU40: A jump instruction at the end of a section should be followed by a NOP.
				jmp		main
 
Finished building: "../Lab6.2main.asm"
 
Building target: "Lab6.2_ASM_SymIndMode_Jones.out"
Invoking: MSP430 Linker
"C:/ti/ccs1281/ccs/tools/compiler/ti-cgt-msp430_21.6.1.LTS/bin/cl430" -vmspx --code_model=small --data_model=small --use_hw_mpy=F5 --advice:power=all --advice:hw_config=all --define=__MSP430FR2355__ --define=_FRWP_ENABLE --define=_INFO_FRWP_ENABLE -g --printf_support=minimal --diag_warning=225 --diag_wrap=off --display_error_number --silicon_errata=CPU21 --silicon_errata=CPU22 --silicon_errata=CPU40 -z -m"Lab6.2_ASM_SymIndMode_Jones.map" --heap_size=0 --stack_size=0 --cinit_hold_wdt=on -i"C:/ti/ccs1281/ccs/ccs_base/msp430/include" -i"C:/ti/ccs1281/ccs/ccs_base/msp430/lib/FR2xx" -i"C:/ti/ccs1281/ccs/tools/compiler/ti-cgt-msp430_21.6.1.LTS/lib" -i"C:/ti/ccs1281/ccs/tools/compiler/ti-cgt-msp430_21.6.1.LTS/include" --priority --reread_libs --define=_FRWP_ENABLE --define=_INFO_FRWP_ENABLE --diag_wrap=off --display_error_number --warn_sections --xml_link_info="Lab6.2_ASM_SymIndMode_Jones_linkInfo.xml" --entry_point=RESET --use_hw_mpy=F5 -o "Lab6.2_ASM_SymIndMode_Jones.out" "./Lab6.2main.obj" "../lnk_msp430fr2355.cmd"  -lfrwp_init.a -llibc.a 
<Linking>
Finished building target: "Lab6.2_ASM_SymIndMode_Jones.out"
 

**** Build Finished ****

**** Build of configuration Debug for project Lab6.2_ASM_SymIndMode_Jones ****

"C:\\ti\\ccs1281\\ccs\\utils\\bin\\gmake" -k -j 8 all -O 
 
Building file: "../Lab6.2main.asm"
Invoking: MSP430 Compiler
"C:/ti/ccs1281/ccs/tools/compiler/ti-cgt-msp430_21.6.1.LTS/bin/cl430" -vmspx --code_model=small --data_model=small --use_hw_mpy=F5 --include_path="C:/ti/ccs1281/ccs/ccs_base/msp430/include" --include_path="C:/ALL_STORAGE_HERE/Classwork/Spring 2026/Microproccesors/CCS Workspace/Lab6.2_ASM_SymIndMode_Jones" --include_path="C:/ti/ccs1281/ccs/tools/compiler/ti-cgt-msp430_21.6.1.LTS/include" --advice:power=all --advice:hw_config=all --define=__MSP430FR2355__ --define=_FRWP_ENABLE --define=_INFO_FRWP_ENABLE -g --printf_support=minimal --diag_warning=225 --diag_wrap=off --display_error_number --silicon_errata=CPU21 --silicon_errata=CPU22 --silicon_errata=CPU40 --preproc_with_compile --preproc_dependency="Lab6.2main.d_raw"  "../Lab6.2main.asm"
No Assembly Errors, 1 Assembly Warning
"../Lab6.2main.asm", WARNING! at line 73: [W5369] Silicon Errata CPU40: A jump instruction at the end of a section should be followed by a NOP.
				jmp		main
 
Finished building: "../Lab6.2main.asm"
 
Building target: "Lab6.2_ASM_SymIndMode_Jones.out"
Invoking: MSP430 Linker
"C:/ti/ccs1281/ccs/tools/compiler/ti-cgt-msp430_21.6.1.LTS/bin/cl430" -vmspx --code_model=small --data_model=small --use_hw_mpy=F5 --advice:power=all --advice:hw_config=all --define=__MSP430FR2355__ --define=_FRWP_ENABLE --define=_INFO_FRWP_ENABLE -g --printf_support=minimal --diag_warning=225 --diag_wrap=off --display_error_number --silicon_errata=CPU21 --silicon_errata=CPU22 --silicon_errata=CPU40 -z -m"Lab6.2_ASM_SymIndMode_Jones.map" --heap_size=0 --stack_size=0 --cinit_hold_wdt=on -i"C:/ti/ccs1281/ccs/ccs_base/msp430/include" -i"C:/ti/ccs1281/ccs/ccs_base/msp430/lib/FR2xx" -i"C:/ti/ccs1281/ccs/tools/compiler/ti-cgt-msp430_21.6.1.LTS/lib" -i"C:/ti/ccs1281/ccs/tools/compiler/ti-cgt-msp430_21.6.1.LTS/include" --priority --reread_libs --define=_FRWP_ENABLE --define=_INFO_FRWP_ENABLE --diag_wrap=off --display_error_number --warn_sections --xml_link_info="Lab6.2_ASM_SymIndMode_Jones_linkInfo.xml" --entry_point=RESET --use_hw_mpy=F5 -o "Lab6.2_ASM_SymIndMode_Jones.out" "./Lab6.2main.obj" "../lnk_msp430fr2355.cmd"  -lfrwp_init.a -llibc.a 
<Linking>
Finished building target: "Lab6.2_ASM_SymIndMode_Jones.out"
 

**** Build Finished ****

**** Build of configuration Debug for project Lab6.2_ASM_SymIndMode_Jones ****

"C:\\ti\\ccs1281\\ccs\\utils\\bin\\gmake" -k -j 8 all -O 
 
gmake[1]: 'Lab6.2_ASM_SymIndMode_Jones.out' is up to date.

**** Build Finished ****

**** Build of configuration Debug for project Lab6.2_ASM_SymIndMode_Jones ****

"C:\\ti\\ccs1281\\ccs\\utils\\bin\\gmake" -k -j 8 all -O 
 
Building file: "../Lab6.2main.asm"
Invoking: MSP430 Compiler
"C:/ti/ccs1281/ccs/tools/compiler/ti-cgt-msp430_21.6.1.LTS/bin/cl430" -vmspx --code_model=small --data_model=small --use_hw_mpy=F5 --include_path="C:/ti/ccs1281/ccs/ccs_base/msp430/include" --include_path="C:/ALL_STORAGE_HERE/Classwork/Spring 2026/Microproccesors/CCS Workspace/Lab6.2_ASM_SymIndMode_Jones" --include_path="C:/ti/ccs1281/ccs/tools/compiler/ti-cgt-msp430_21.6.1.LTS/include" --advice:power=all --advice:hw_config=all --define=__MSP430FR2355__ --define=_FRWP_ENABLE --define=_INFO_FRWP_ENABLE -g --printf_support=minimal --diag_warning=225 --diag_wrap=off --display_error_number --silicon_errata=CPU21 --silicon_errata=CPU22 --silicon_errata=CPU40 --preproc_with_compile --preproc_dependency="Lab6.2main.d_raw"  "../Lab6.2main.asm"
No Assembly Errors, 1 Assembly Warning
"../Lab6.2main.asm", WARNING! at line 73: [W5369] Silicon Errata CPU40: A jump instruction at the end of a section should be followed by a NOP.
				jmp		main
 
Finished building: "../Lab6.2main.asm"
 
Building target: "Lab6.2_ASM_SymIndMode_Jones.out"
Invoking: MSP430 Linker
"C:/ti/ccs1281/ccs/tools/compiler/ti-cgt-msp430_21.6.1.LTS/bin/cl430" -vmspx --code_model=small --data_model=small --use_hw_mpy=F5 --advice:power=all --advice:hw_config=all --define=__MSP430FR2355__ --define=_FRWP_ENABLE --define=_INFO_FRWP_ENABLE -g --printf_support=minimal --diag_warning=225 --diag_wrap=off --display_error_number --silicon_errata=CPU21 --silicon_errata=CPU22 --silicon_errata=CPU40 -z -m"Lab6.2_ASM_SymIndMode_Jones.map" --heap_size=0 --stack_size=0 --cinit_hold_wdt=on -i"C:/ti/ccs1281/ccs/ccs_base/msp430/include" -i"C:/ti/ccs1281/ccs/ccs_base/msp430/lib/FR2xx" -i"C:/ti/ccs1281/ccs/tools/compiler/ti-cgt-msp430_21.6.1.LTS/lib" -i"C:/ti/ccs1281/ccs/tools/compiler/ti-cgt-msp430_21.6.1.LTS/include" --priority --reread_libs --define=_FRWP_ENABLE --define=_INFO_FRWP_ENABLE --diag_wrap=off --display_error_number --warn_sections --xml_link_info="Lab6.2_ASM_SymIndMode_Jones_linkInfo.xml" --entry_point=RESET --use_hw_mpy=F5 -o "Lab6.2_ASM_SymIndMode_Jones.out" "./Lab6.2main.obj" "../lnk_msp430fr2355.cmd"  -lfrwp_init.a -llibc.a 
<Linking>
Finished building target: "Lab6.2_ASM_SymIndMode_Jones.out"
 

**** Build Finished ****

**** Build of configuration Debug for project Lab6.2_ASM_SymIndMode_Jones ****

"C:\\ti\\ccs1281\\ccs\\utils\\bin\\gmake" -k -j 8 all -O 
 
gmake[1]: 'Lab6.2_ASM_SymIndMode_Jones.out' is up to date.

**** Build Finished ****

**** Build of configuration Debug for project Lab6.3_ASM_AutoIndexedMode_Jones ****

"C:\\ti\\ccs1281\\ccs\\utils\\bin\\gmake" -k -j 8 all -O 
 
Building file: "../Lab6.3main.asm"
Invoking: MSP430 Compiler
"C:/ti/ccs1281/ccs/tools/compiler/ti-cgt-msp430_21.6.1.LTS/bin/cl430" -vmspx --code_model=small --data_model=small --use_hw_mpy=F5 --include_path="C:/ti/ccs1281/ccs/ccs_base/msp430/include" --include_path="C:/ALL_STORAGE_HERE/Classwork/Spring 2026/Microproccesors/CCS Workspace/Lab6.3_ASM_AutoIndexedMode_Jones" --include_path="C:/ti/ccs1281/ccs/tools/compiler/ti-cgt-msp430_21.6.1.LTS/include" --advice:power=all --advice:hw_config=all --define=__MSP430FR2355__ --define=_FRWP_ENABLE --define=_INFO_FRWP_ENABLE -g --printf_support=minimal --diag_warning=225 --diag_wrap=off --display_error_number --silicon_errata=CPU21 --silicon_errata=CPU22 --silicon_errata=CPU40 --preproc_with_compile --preproc_dependency="Lab6.3main.d_raw"  "../Lab6.3main.asm"
No Assembly Errors, 1 Assembly Warning
"../Lab6.3main.asm", WARNING! at line 32: [W5369] Silicon Errata CPU40: A jump instruction at the end of a section should be followed by a NOP.
				jmp		main
 
Finished building: "../Lab6.3main.asm"
 
Building target: "Lab6.3_ASM_AutoIndexedMode_Jones.out"
Invoking: MSP430 Linker
"C:/ti/ccs1281/ccs/tools/compiler/ti-cgt-msp430_21.6.1.LTS/bin/cl430" -vmspx --code_model=small --data_model=small --use_hw_mpy=F5 --advice:power=all --advice:hw_config=all --define=__MSP430FR2355__ --define=_FRWP_ENABLE --define=_INFO_FRWP_ENABLE -g --printf_support=minimal --diag_warning=225 --diag_wrap=off --display_error_number --silicon_errata=CPU21 --silicon_errata=CPU22 --silicon_errata=CPU40 -z -m"Lab6.3_ASM_AutoIndexedMode_Jones.map" --heap_size=0 --stack_size=0 --cinit_hold_wdt=on -i"C:/ti/ccs1281/ccs/ccs_base/msp430/include" -i"C:/ti/ccs1281/ccs/ccs_base/msp430/lib/FR2xx" -i"C:/ti/ccs1281/ccs/tools/compiler/ti-cgt-msp430_21.6.1.LTS/lib" -i"C:/ti/ccs1281/ccs/tools/compiler/ti-cgt-msp430_21.6.1.LTS/include" --priority --reread_libs --define=_FRWP_ENABLE --define=_INFO_FRWP_ENABLE --diag_wrap=off --display_error_number --warn_sections --xml_link_info="Lab6.3_ASM_AutoIndexedMode_Jones_linkInfo.xml" --entry_point=RESET --use_hw_mpy=F5 -o "Lab6.3_ASM_AutoIndexedMode_Jones.out" "./Lab6.3main.obj" "../lnk_msp430fr2355.cmd"  -lfrwp_init.a -llibc.a 
<Linking>
Finished building target: "Lab6.3_ASM_AutoIndexedMode_Jones.out"
 

**** Build Finished ****

**** Build of configuration Debug for project Lab6.3_ASM_AutoIndexedMode_Jones ****

"C:\\ti\\ccs1281\\ccs\\utils\\bin\\gmake" -k -j 8 all -O 
 
Building file: "../Lab6.3main.asm"
Invoking: MSP430 Compiler
"C:/ti/ccs1281/ccs/tools/compiler/ti-cgt-msp430_21.6.1.LTS/bin/cl430" -vmspx --code_model=small --data_model=small --use_hw_mpy=F5 --include_path="C:/ti/ccs1281/ccs/ccs_base/msp430/include" --include_path="C:/ALL_STORAGE_HERE/Classwork/Spring 2026/Microproccesors/CCS Workspace/Lab6.3_ASM_AutoIndexedMode_Jones" --include_path="C:/ti/ccs1281/ccs/tools/compiler/ti-cgt-msp430_21.6.1.LTS/include" --advice:power=all --advice:hw_config=all --define=__MSP430FR2355__ --define=_FRWP_ENABLE --define=_INFO_FRWP_ENABLE -g --printf_support=minimal --diag_warning=225 --diag_wrap=off --display_error_number --silicon_errata=CPU21 --silicon_errata=CPU22 --silicon_errata=CPU40 --preproc_with_compile --preproc_dependency="Lab6.3main.d_raw"  "../Lab6.3main.asm"
No Assembly Errors, 1 Assembly Warning
"../Lab6.3main.asm", WARNING! at line 45: [W5369] Silicon Errata CPU40: A jump instruction at the end of a section should be followed by a NOP.
				jmp		main
 
Finished building: "../Lab6.3main.asm"
 
Building target: "Lab6.3_ASM_AutoIndexedMode_Jones.out"
Invoking: MSP430 Linker
"C:/ti/ccs1281/ccs/tools/compiler/ti-cgt-msp430_21.6.1.LTS/bin/cl430" -vmspx --code_model=small --data_model=small --use_hw_mpy=F5 --advice:power=all --advice:hw_config=all --define=__MSP430FR2355__ --define=_FRWP_ENABLE --define=_INFO_FRWP_ENABLE -g --printf_support=minimal --diag_warning=225 --diag_wrap=off --display_error_number --silicon_errata=CPU21 --silicon_errata=CPU22 --silicon_errata=CPU40 -z -m"Lab6.3_ASM_AutoIndexedMode_Jones.map" --heap_size=0 --stack_size=0 --cinit_hold_wdt=on -i"C:/ti/ccs1281/ccs/ccs_base/msp430/include" -i"C:/ti/ccs1281/ccs/ccs_base/msp430/lib/FR2xx" -i"C:/ti/ccs1281/ccs/tools/compiler/ti-cgt-msp430_21.6.1.LTS/lib" -i"C:/ti/ccs1281/ccs/tools/compiler/ti-cgt-msp430_21.6.1.LTS/include" --priority --reread_libs --define=_FRWP_ENABLE --define=_INFO_FRWP_ENABLE --diag_wrap=off --display_error_number --warn_sections --xml_link_info="Lab6.3_ASM_AutoIndexedMode_Jones_linkInfo.xml" --entry_point=RESET --use_hw_mpy=F5 -o "Lab6.3_ASM_AutoIndexedMode_Jones.out" "./Lab6.3main.obj" "../lnk_msp430fr2355.cmd"  -lfrwp_init.a -llibc.a 
<Linking>
Finished building target: "Lab6.3_ASM_AutoIndexedMode_Jones.out"
 

**** Build Finished ****

**** Build of configuration Debug for project Lab6.3_ASM_AutoIndexedMode_Jones ****

"C:\\ti\\ccs1281\\ccs\\utils\\bin\\gmake" -k -j 8 all -O 
 
Building file: "../Lab6.3main.asm"
Invoking: MSP430 Compiler
"C:/ti/ccs1281/ccs/tools/compiler/ti-cgt-msp430_21.6.1.LTS/bin/cl430" -vmspx --code_model=small --data_model=small --use_hw_mpy=F5 --include_path="C:/ti/ccs1281/ccs/ccs_base/msp430/include" --include_path="C:/ALL_STORAGE_HERE/Classwork/Spring 2026/Microproccesors/CCS Workspace/Lab6.3_ASM_AutoIndexedMode_Jones" --include_path="C:/ti/ccs1281/ccs/tools/compiler/ti-cgt-msp430_21.6.1.LTS/include" --advice:power=all --advice:hw_config=all --define=__MSP430FR2355__ --define=_FRWP_ENABLE --define=_INFO_FRWP_ENABLE -g --printf_support=minimal --diag_warning=225 --diag_wrap=off --display_error_number --silicon_errata=CPU21 --silicon_errata=CPU22 --silicon_errata=CPU40 --preproc_with_compile --preproc_dependency="Lab6.3main.d_raw"  "../Lab6.3main.asm"
No Assembly Errors, 1 Assembly Warning
"../Lab6.3main.asm", WARNING! at line 55: [W5369] Silicon Errata CPU40: A jump instruction at the end of a section should be followed by a NOP.
				jmp		main
 
Finished building: "../Lab6.3main.asm"
 
Building target: "Lab6.3_ASM_AutoIndexedMode_Jones.out"
Invoking: MSP430 Linker
"C:/ti/ccs1281/ccs/tools/compiler/ti-cgt-msp430_21.6.1.LTS/bin/cl430" -vmspx --code_model=small --data_model=small --use_hw_mpy=F5 --advice:power=all --advice:hw_config=all --define=__MSP430FR2355__ --define=_FRWP_ENABLE --define=_INFO_FRWP_ENABLE -g --printf_support=minimal --diag_warning=225 --diag_wrap=off --display_error_number --silicon_errata=CPU21 --silicon_errata=CPU22 --silicon_errata=CPU40 -z -m"Lab6.3_ASM_AutoIndexedMode_Jones.map" --heap_size=0 --stack_size=0 --cinit_hold_wdt=on -i"C:/ti/ccs1281/ccs/ccs_base/msp430/include" -i"C:/ti/ccs1281/ccs/ccs_base/msp430/lib/FR2xx" -i"C:/ti/ccs1281/ccs/tools/compiler/ti-cgt-msp430_21.6.1.LTS/lib" -i"C:/ti/ccs1281/ccs/tools/compiler/ti-cgt-msp430_21.6.1.LTS/include" --priority --reread_libs --define=_FRWP_ENABLE --define=_INFO_FRWP_ENABLE --diag_wrap=off --display_error_number --warn_sections --xml_link_info="Lab6.3_ASM_AutoIndexedMode_Jones_linkInfo.xml" --entry_point=RESET --use_hw_mpy=F5 -o "Lab6.3_ASM_AutoIndexedMode_Jones.out" "./Lab6.3main.obj" "../lnk_msp430fr2355.cmd"  -lfrwp_init.a -llibc.a 
<Linking>
Finished building target: "Lab6.3_ASM_AutoIndexedMode_Jones.out"
 

**** Build Finished ****

**** Build of configuration Debug for project Lab6.3_ASM_AutoIndexedMode_Jones ****

"C:\\ti\\ccs1281\\ccs\\utils\\bin\\gmake" -k -j 8 all -O 
 
gmake[1]: 'Lab6.3_ASM_AutoIndexedMode_Jones.out' is up to date.

**** Build Finished ****

**** Build of configuration Debug for project Lab6.3_ASM_AutoIndexedMode_Jones ****

"C:\\ti\\ccs1281\\ccs\\utils\\bin\\gmake" -k -j 8 all -O 
 
Building file: "../Lab6.3main.asm"
Invoking: MSP430 Compiler
"C:/ti/ccs1281/ccs/tools/compiler/ti-cgt-msp430_21.6.1.LTS/bin/cl430" -vmspx --code_model=small --data_model=small --use_hw_mpy=F5 --include_path="C:/ti/ccs1281/ccs/ccs_base/msp430/include" --include_path="C:/ALL_STORAGE_HERE/Classwork/Spring 2026/Microproccesors/CCS Workspace/Lab6.3_ASM_AutoIndexedMode_Jones" --include_path="C:/ti/ccs1281/ccs/tools/compiler/ti-cgt-msp430_21.6.1.LTS/include" --advice:power=all --advice:hw_config=all --define=__MSP430FR2355__ --define=_FRWP_ENABLE --define=_INFO_FRWP_ENABLE -g --printf_support=minimal --diag_warning=225 --diag_wrap=off --display_error_number --silicon_errata=CPU21 --silicon_errata=CPU22 --silicon_errata=CPU40 --preproc_with_compile --preproc_dependency="Lab6.3main.d_raw"  "../Lab6.3main.asm"
No Assembly Errors, 1 Assembly Warning
"../Lab6.3main.asm", WARNING! at line 56: [W5369] Silicon Errata CPU40: A jump instruction at the end of a section should be followed by a NOP.
				jmp		main
 
Finished building: "../Lab6.3main.asm"
 
Building target: "Lab6.3_ASM_AutoIndexedMode_Jones.out"
Invoking: MSP430 Linker
"C:/ti/ccs1281/ccs/tools/compiler/ti-cgt-msp430_21.6.1.LTS/bin/cl430" -vmspx --code_model=small --data_model=small --use_hw_mpy=F5 --advice:power=all --advice:hw_config=all --define=__MSP430FR2355__ --define=_FRWP_ENABLE --define=_INFO_FRWP_ENABLE -g --printf_support=minimal --diag_warning=225 --diag_wrap=off --display_error_number --silicon_errata=CPU21 --silicon_errata=CPU22 --silicon_errata=CPU40 -z -m"Lab6.3_ASM_AutoIndexedMode_Jones.map" --heap_size=0 --stack_size=0 --cinit_hold_wdt=on -i"C:/ti/ccs1281/ccs/ccs_base/msp430/include" -i"C:/ti/ccs1281/ccs/ccs_base/msp430/lib/FR2xx" -i"C:/ti/ccs1281/ccs/tools/compiler/ti-cgt-msp430_21.6.1.LTS/lib" -i"C:/ti/ccs1281/ccs/tools/compiler/ti-cgt-msp430_21.6.1.LTS/include" --priority --reread_libs --define=_FRWP_ENABLE --define=_INFO_FRWP_ENABLE --diag_wrap=off --display_error_number --warn_sections --xml_link_info="Lab6.3_ASM_AutoIndexedMode_Jones_linkInfo.xml" --entry_point=RESET --use_hw_mpy=F5 -o "Lab6.3_ASM_AutoIndexedMode_Jones.out" "./Lab6.3main.obj" "../lnk_msp430fr2355.cmd"  -lfrwp_init.a -llibc.a 
<Linking>
Finished building target: "Lab6.3_ASM_AutoIndexedMode_Jones.out"
 

**** Build Finished ****

**** Build of configuration Debug for project Lab6.3_ASM_AutoIndexedMode_Jones ****

"C:\\ti\\ccs1281\\ccs\\utils\\bin\\gmake" -k -j 8 all -O 
 
Building file: "../Lab6.3main.asm"
Invoking: MSP430 Compiler
"C:/ti/ccs1281/ccs/tools/compiler/ti-cgt-msp430_21.6.1.LTS/bin/cl430" -vmspx --code_model=small --data_model=small --use_hw_mpy=F5 --include_path="C:/ti/ccs1281/ccs/ccs_base/msp430/include" --include_path="C:/ALL_STORAGE_HERE/Classwork/Spring 2026/Microproccesors/CCS Workspace/Lab6.3_ASM_AutoIndexedMode_Jones" --include_path="C:/ti/ccs1281/ccs/tools/compiler/ti-cgt-msp430_21.6.1.LTS/include" --advice:power=all --advice:hw_config=all --define=__MSP430FR2355__ --define=_FRWP_ENABLE --define=_INFO_FRWP_ENABLE -g --printf_support=minimal --diag_warning=225 --diag_wrap=off --display_error_number --silicon_errata=CPU21 --silicon_errata=CPU22 --silicon_errata=CPU40 --preproc_with_compile --preproc_dependency="Lab6.3main.d_raw"  "../Lab6.3main.asm"
No Assembly Errors, 1 Assembly Warning
"../Lab6.3main.asm", WARNING! at line 56: [W5369] Silicon Errata CPU40: A jump instruction at the end of a section should be followed by a NOP.
				jmp		main
 
Finished building: "../Lab6.3main.asm"
 
Building target: "Lab6.3_ASM_AutoIndexedMode_Jones.out"
Invoking: MSP430 Linker
"C:/ti/ccs1281/ccs/tools/compiler/ti-cgt-msp430_21.6.1.LTS/bin/cl430" -vmspx --code_model=small --data_model=small --use_hw_mpy=F5 --advice:power=all --advice:hw_config=all --define=__MSP430FR2355__ --define=_FRWP_ENABLE --define=_INFO_FRWP_ENABLE -g --printf_support=minimal --diag_warning=225 --diag_wrap=off --display_error_number --silicon_errata=CPU21 --silicon_errata=CPU22 --silicon_errata=CPU40 -z -m"Lab6.3_ASM_AutoIndexedMode_Jones.map" --heap_size=0 --stack_size=0 --cinit_hold_wdt=on -i"C:/ti/ccs1281/ccs/ccs_base/msp430/include" -i"C:/ti/ccs1281/ccs/ccs_base/msp430/lib/FR2xx" -i"C:/ti/ccs1281/ccs/tools/compiler/ti-cgt-msp430_21.6.1.LTS/lib" -i"C:/ti/ccs1281/ccs/tools/compiler/ti-cgt-msp430_21.6.1.LTS/include" --priority --reread_libs --define=_FRWP_ENABLE --define=_INFO_FRWP_ENABLE --diag_wrap=off --display_error_number --warn_sections --xml_link_info="Lab6.3_ASM_AutoIndexedMode_Jones_linkInfo.xml" --entry_point=RESET --use_hw_mpy=F5 -o "Lab6.3_ASM_AutoIndexedMode_Jones.out" "./Lab6.3main.obj" "../lnk_msp430fr2355.cmd"  -lfrwp_init.a -llibc.a 
<Linking>
Finished building target: "Lab6.3_ASM_AutoIndexedMode_Jones.out"
 

**** Build Finished ****

**** Build of configuration Debug for project Lab6.3_ASM_AutoIndexedMode_Jones ****

"C:\\ti\\ccs1281\\ccs\\utils\\bin\\gmake" -k -j 8 all -O 
 
Building file: "../Lab6.3main.asm"
Invoking: MSP430 Compiler
"C:/ti/ccs1281/ccs/tools/compiler/ti-cgt-msp430_21.6.1.LTS/bin/cl430" -vmspx --code_model=small --data_model=small --use_hw_mpy=F5 --include_path="C:/ti/ccs1281/ccs/ccs_base/msp430/include" --include_path="C:/ALL_STORAGE_HERE/Classwork/Spring 2026/Microproccesors/CCS Workspace/Lab6.3_ASM_AutoIndexedMode_Jones" --include_path="C:/ti/ccs1281/ccs/tools/compiler/ti-cgt-msp430_21.6.1.LTS/include" --advice:power=all --advice:hw_config=all --define=__MSP430FR2355__ --define=_FRWP_ENABLE --define=_INFO_FRWP_ENABLE -g --printf_support=minimal --diag_warning=225 --diag_wrap=off --display_error_number --silicon_errata=CPU21 --silicon_errata=CPU22 --silicon_errata=CPU40 --preproc_with_compile --preproc_dependency="Lab6.3main.d_raw"  "../Lab6.3main.asm"
No Assembly Errors, 1 Assembly Warning
"../Lab6.3main.asm", WARNING! at line 56: [W5369] Silicon Errata CPU40: A jump instruction at the end of a section should be followed by a NOP.
				jmp		main
 
Finished building: "../Lab6.3main.asm"
 
Building target: "Lab6.3_ASM_AutoIndexedMode_Jones.out"
Invoking: MSP430 Linker
"C:/ti/ccs1281/ccs/tools/compiler/ti-cgt-msp430_21.6.1.LTS/bin/cl430" -vmspx --code_model=small --data_model=small --use_hw_mpy=F5 --advice:power=all --advice:hw_config=all --define=__MSP430FR2355__ --define=_FRWP_ENABLE --define=_INFO_FRWP_ENABLE -g --printf_support=minimal --diag_warning=225 --diag_wrap=off --display_error_number --silicon_errata=CPU21 --silicon_errata=CPU22 --silicon_errata=CPU40 -z -m"Lab6.3_ASM_AutoIndexedMode_Jones.map" --heap_size=0 --stack_size=0 --cinit_hold_wdt=on -i"C:/ti/ccs1281/ccs/ccs_base/msp430/include" -i"C:/ti/ccs1281/ccs/ccs_base/msp430/lib/FR2xx" -i"C:/ti/ccs1281/ccs/tools/compiler/ti-cgt-msp430_21.6.1.LTS/lib" -i"C:/ti/ccs1281/ccs/tools/compiler/ti-cgt-msp430_21.6.1.LTS/include" --priority --reread_libs --define=_FRWP_ENABLE --define=_INFO_FRWP_ENABLE --diag_wrap=off --display_error_number --warn_sections --xml_link_info="Lab6.3_ASM_AutoIndexedMode_Jones_linkInfo.xml" --entry_point=RESET --use_hw_mpy=F5 -o "Lab6.3_ASM_AutoIndexedMode_Jones.out" "./Lab6.3main.obj" "../lnk_msp430fr2355.cmd"  -lfrwp_init.a -llibc.a 
<Linking>
Finished building target: "Lab6.3_ASM_AutoIndexedMode_Jones.out"
 

**** Build Finished ****

**** Build of configuration Debug for project Lab6.3_ASM_AutoIndexedMode_Jones ****

"C:\\ti\\ccs1281\\ccs\\utils\\bin\\gmake" -k -j 8 all -O 
 
gmake[1]: 'Lab6.3_ASM_AutoIndexedMode_Jones.out' is up to date.

**** Build Finished ****

**** Build of configuration Debug for project Lab6.3_ASM_AutoIndexedMode_Jones ****

"C:\\ti\\ccs1281\\ccs\\utils\\bin\\gmake" -k -j 8 all -O 
 
gmake[1]: 'Lab6.3_ASM_AutoIndexedMode_Jones.out' is up to date.

**** Build Finished ****

**** Build of configuration Debug for project Lab6.3_ASM_AutoIndexedMode_Jones ****

"C:\\ti\\ccs1281\\ccs\\utils\\bin\\gmake" -k -j 8 all -O 
 
Building file: "../Lab6.3main.asm"
Invoking: MSP430 Compiler
"C:/ti/ccs1281/ccs/tools/compiler/ti-cgt-msp430_21.6.1.LTS/bin/cl430" -vmspx --code_model=small --data_model=small --use_hw_mpy=F5 --include_path="C:/ti/ccs1281/ccs/ccs_base/msp430/include" --include_path="C:/ALL_STORAGE_HERE/Classwork/Spring 2026/Microproccesors/CCS Workspace/Lab6.3_ASM_AutoIndexedMode_Jones" --include_path="C:/ti/ccs1281/ccs/tools/compiler/ti-cgt-msp430_21.6.1.LTS/include" --advice:power=all --advice:hw_config=all --define=__MSP430FR2355__ --define=_FRWP_ENABLE --define=_INFO_FRWP_ENABLE -g --printf_support=minimal --diag_warning=225 --diag_wrap=off --display_error_number --silicon_errata=CPU21 --silicon_errata=CPU22 --silicon_errata=CPU40 --preproc_with_compile --preproc_dependency="Lab6.3main.d_raw"  "../Lab6.3main.asm"
No Assembly Errors, 1 Assembly Warning
"../Lab6.3main.asm", WARNING! at line 60: [W5369] Silicon Errata CPU40: A jump instruction at the end of a section should be followed by a NOP.
				jmp		main
 
Finished building: "../Lab6.3main.asm"
 
Building target: "Lab6.3_ASM_AutoIndexedMode_Jones.out"
Invoking: MSP430 Linker
"C:/ti/ccs1281/ccs/tools/compiler/ti-cgt-msp430_21.6.1.LTS/bin/cl430" -vmspx --code_model=small --data_model=small --use_hw_mpy=F5 --advice:power=all --advice:hw_config=all --define=__MSP430FR2355__ --define=_FRWP_ENABLE --define=_INFO_FRWP_ENABLE -g --printf_support=minimal --diag_warning=225 --diag_wrap=off --display_error_number --silicon_errata=CPU21 --silicon_errata=CPU22 --silicon_errata=CPU40 -z -m"Lab6.3_ASM_AutoIndexedMode_Jones.map" --heap_size=0 --stack_size=0 --cinit_hold_wdt=on -i"C:/ti/ccs1281/ccs/ccs_base/msp430/include" -i"C:/ti/ccs1281/ccs/ccs_base/msp430/lib/FR2xx" -i"C:/ti/ccs1281/ccs/tools/compiler/ti-cgt-msp430_21.6.1.LTS/lib" -i"C:/ti/ccs1281/ccs/tools/compiler/ti-cgt-msp430_21.6.1.LTS/include" --priority --reread_libs --define=_FRWP_ENABLE --define=_INFO_FRWP_ENABLE --diag_wrap=off --display_error_number --warn_sections --xml_link_info="Lab6.3_ASM_AutoIndexedMode_Jones_linkInfo.xml" --entry_point=RESET --use_hw_mpy=F5 -o "Lab6.3_ASM_AutoIndexedMode_Jones.out" "./Lab6.3main.obj" "../lnk_msp430fr2355.cmd"  -lfrwp_init.a -llibc.a 
<Linking>
Finished building target: "Lab6.3_ASM_AutoIndexedMode_Jones.out"
 

**** Build Finished ****

**** Build of configuration Debug for project Lab6.3_ASM_AutoIndexedMode_Jones ****

"C:\\ti\\ccs1281\\ccs\\utils\\bin\\gmake" -k -j 8 all -O 
 
Building file: "../Lab6.3main.asm"
Invoking: MSP430 Compiler
"C:/ti/ccs1281/ccs/tools/compiler/ti-cgt-msp430_21.6.1.LTS/bin/cl430" -vmspx --code_model=small --data_model=small --use_hw_mpy=F5 --include_path="C:/ti/ccs1281/ccs/ccs_base/msp430/include" --include_path="C:/ALL_STORAGE_HERE/Classwork/Spring 2026/Microproccesors/CCS Workspace/Lab6.3_ASM_AutoIndexedMode_Jones" --include_path="C:/ti/ccs1281/ccs/tools/compiler/ti-cgt-msp430_21.6.1.LTS/include" --advice:power=all --advice:hw_config=all --define=__MSP430FR2355__ --define=_FRWP_ENABLE --define=_INFO_FRWP_ENABLE -g --printf_support=minimal --diag_warning=225 --diag_wrap=off --display_error_number --silicon_errata=CPU21 --silicon_errata=CPU22 --silicon_errata=CPU40 --preproc_with_compile --preproc_dependency="Lab6.3main.d_raw"  "../Lab6.3main.asm"
No Assembly Errors, 1 Assembly Warning
"../Lab6.3main.asm", WARNING! at line 66: [W5369] Silicon Errata CPU40: A jump instruction at the end of a section should be followed by a NOP.
				jmp		main
 
Finished building: "../Lab6.3main.asm"
 
Building target: "Lab6.3_ASM_AutoIndexedMode_Jones.out"
Invoking: MSP430 Linker
"C:/ti/ccs1281/ccs/tools/compiler/ti-cgt-msp430_21.6.1.LTS/bin/cl430" -vmspx --code_model=small --data_model=small --use_hw_mpy=F5 --advice:power=all --advice:hw_config=all --define=__MSP430FR2355__ --define=_FRWP_ENABLE --define=_INFO_FRWP_ENABLE -g --printf_support=minimal --diag_warning=225 --diag_wrap=off --display_error_number --silicon_errata=CPU21 --silicon_errata=CPU22 --silicon_errata=CPU40 -z -m"Lab6.3_ASM_AutoIndexedMode_Jones.map" --heap_size=0 --stack_size=0 --cinit_hold_wdt=on -i"C:/ti/ccs1281/ccs/ccs_base/msp430/include" -i"C:/ti/ccs1281/ccs/ccs_base/msp430/lib/FR2xx" -i"C:/ti/ccs1281/ccs/tools/compiler/ti-cgt-msp430_21.6.1.LTS/lib" -i"C:/ti/ccs1281/ccs/tools/compiler/ti-cgt-msp430_21.6.1.LTS/include" --priority --reread_libs --define=_FRWP_ENABLE --define=_INFO_FRWP_ENABLE --diag_wrap=off --display_error_number --warn_sections --xml_link_info="Lab6.3_ASM_AutoIndexedMode_Jones_linkInfo.xml" --entry_point=RESET --use_hw_mpy=F5 -o "Lab6.3_ASM_AutoIndexedMode_Jones.out" "./Lab6.3main.obj" "../lnk_msp430fr2355.cmd"  -lfrwp_init.a -llibc.a 
<Linking>
Finished building target: "Lab6.3_ASM_AutoIndexedMode_Jones.out"
 

**** Build Finished ****

**** Build of configuration Debug for project Lab6.3_ASM_AutoIndexedMode_Jones ****

"C:\\ti\\ccs1281\\ccs\\utils\\bin\\gmake" -k -j 8 all -O 
 
Building file: "../Lab6.3main.asm"
Invoking: MSP430 Compiler
"C:/ti/ccs1281/ccs/tools/compiler/ti-cgt-msp430_21.6.1.LTS/bin/cl430" -vmspx --code_model=small --data_model=small --use_hw_mpy=F5 --include_path="C:/ti/ccs1281/ccs/ccs_base/msp430/include" --include_path="C:/ALL_STORAGE_HERE/Classwork/Spring 2026/Microproccesors/CCS Workspace/Lab6.3_ASM_AutoIndexedMode_Jones" --include_path="C:/ti/ccs1281/ccs/tools/compiler/ti-cgt-msp430_21.6.1.LTS/include" --advice:power=all --advice:hw_config=all --define=__MSP430FR2355__ --define=_FRWP_ENABLE --define=_INFO_FRWP_ENABLE -g --printf_support=minimal --diag_warning=225 --diag_wrap=off --display_error_number --silicon_errata=CPU21 --silicon_errata=CPU22 --silicon_errata=CPU40 --preproc_with_compile --preproc_dependency="Lab6.3main.d_raw"  "../Lab6.3main.asm"
No Assembly Errors, 1 Assembly Warning
"../Lab6.3main.asm", WARNING! at line 72: [W5369] Silicon Errata CPU40: A jump instruction at the end of a section should be followed by a NOP.
				jmp		main
 
Finished building: "../Lab6.3main.asm"
 
Building target: "Lab6.3_ASM_AutoIndexedMode_Jones.out"
Invoking: MSP430 Linker
"C:/ti/ccs1281/ccs/tools/compiler/ti-cgt-msp430_21.6.1.LTS/bin/cl430" -vmspx --code_model=small --data_model=small --use_hw_mpy=F5 --advice:power=all --advice:hw_config=all --define=__MSP430FR2355__ --define=_FRWP_ENABLE --define=_INFO_FRWP_ENABLE -g --printf_support=minimal --diag_warning=225 --diag_wrap=off --display_error_number --silicon_errata=CPU21 --silicon_errata=CPU22 --silicon_errata=CPU40 -z -m"Lab6.3_ASM_AutoIndexedMode_Jones.map" --heap_size=0 --stack_size=0 --cinit_hold_wdt=on -i"C:/ti/ccs1281/ccs/ccs_base/msp430/include" -i"C:/ti/ccs1281/ccs/ccs_base/msp430/lib/FR2xx" -i"C:/ti/ccs1281/ccs/tools/compiler/ti-cgt-msp430_21.6.1.LTS/lib" -i"C:/ti/ccs1281/ccs/tools/compiler/ti-cgt-msp430_21.6.1.LTS/include" --priority --reread_libs --define=_FRWP_ENABLE --define=_INFO_FRWP_ENABLE --diag_wrap=off --display_error_number --warn_sections --xml_link_info="Lab6.3_ASM_AutoIndexedMode_Jones_linkInfo.xml" --entry_point=RESET --use_hw_mpy=F5 -o "Lab6.3_ASM_AutoIndexedMode_Jones.out" "./Lab6.3main.obj" "../lnk_msp430fr2355.cmd"  -lfrwp_init.a -llibc.a 
<Linking>
Finished building target: "Lab6.3_ASM_AutoIndexedMode_Jones.out"
 

**** Build Finished ****

**** Build of configuration Debug for project Lab6.3_ASM_AutoIndexedMode_Jones ****

"C:\\ti\\ccs1281\\ccs\\utils\\bin\\gmake" -k -j 8 all -O 
 
Building file: "../Lab6.3main.asm"
Invoking: MSP430 Compiler
"C:/ti/ccs1281/ccs/tools/compiler/ti-cgt-msp430_21.6.1.LTS/bin/cl430" -vmspx --code_model=small --data_model=small --use_hw_mpy=F5 --include_path="C:/ti/ccs1281/ccs/ccs_base/msp430/include" --include_path="C:/ALL_STORAGE_HERE/Classwork/Spring 2026/Microproccesors/CCS Workspace/Lab6.3_ASM_AutoIndexedMode_Jones" --include_path="C:/ti/ccs1281/ccs/tools/compiler/ti-cgt-msp430_21.6.1.LTS/include" --advice:power=all --advice:hw_config=all --define=__MSP430FR2355__ --define=_FRWP_ENABLE --define=_INFO_FRWP_ENABLE -g --printf_support=minimal --diag_warning=225 --diag_wrap=off --display_error_number --silicon_errata=CPU21 --silicon_errata=CPU22 --silicon_errata=CPU40 --preproc_with_compile --preproc_dependency="Lab6.3main.d_raw"  "../Lab6.3main.asm"
No Assembly Errors, 1 Assembly Warning
"../Lab6.3main.asm", WARNING! at line 78: [W5369] Silicon Errata CPU40: A jump instruction at the end of a section should be followed by a NOP.
				jmp		main
 
Finished building: "../Lab6.3main.asm"
 
Building target: "Lab6.3_ASM_AutoIndexedMode_Jones.out"
Invoking: MSP430 Linker
"C:/ti/ccs1281/ccs/tools/compiler/ti-cgt-msp430_21.6.1.LTS/bin/cl430" -vmspx --code_model=small --data_model=small --use_hw_mpy=F5 --advice:power=all --advice:hw_config=all --define=__MSP430FR2355__ --define=_FRWP_ENABLE --define=_INFO_FRWP_ENABLE -g --printf_support=minimal --diag_warning=225 --diag_wrap=off --display_error_number --silicon_errata=CPU21 --silicon_errata=CPU22 --silicon_errata=CPU40 -z -m"Lab6.3_ASM_AutoIndexedMode_Jones.map" --heap_size=0 --stack_size=0 --cinit_hold_wdt=on -i"C:/ti/ccs1281/ccs/ccs_base/msp430/include" -i"C:/ti/ccs1281/ccs/ccs_base/msp430/lib/FR2xx" -i"C:/ti/ccs1281/ccs/tools/compiler/ti-cgt-msp430_21.6.1.LTS/lib" -i"C:/ti/ccs1281/ccs/tools/compiler/ti-cgt-msp430_21.6.1.LTS/include" --priority --reread_libs --define=_FRWP_ENABLE --define=_INFO_FRWP_ENABLE --diag_wrap=off --display_error_number --warn_sections --xml_link_info="Lab6.3_ASM_AutoIndexedMode_Jones_linkInfo.xml" --entry_point=RESET --use_hw_mpy=F5 -o "Lab6.3_ASM_AutoIndexedMode_Jones.out" "./Lab6.3main.obj" "../lnk_msp430fr2355.cmd"  -lfrwp_init.a -llibc.a 
<Linking>
Finished building target: "Lab6.3_ASM_AutoIndexedMode_Jones.out"
 

**** Build Finished ****

**** Build of configuration Debug for project Lab6.3_ASM_AutoIndexedMode_Jones ****

"C:\\ti\\ccs1281\\ccs\\utils\\bin\\gmake" -k -j 8 all -O 
 
Building file: "../Lab6.3main.asm"
Invoking: MSP430 Compiler
"C:/ti/ccs1281/ccs/tools/compiler/ti-cgt-msp430_21.6.1.LTS/bin/cl430" -vmspx --code_model=small --data_model=small --use_hw_mpy=F5 --include_path="C:/ti/ccs1281/ccs/ccs_base/msp430/include" --include_path="C:/ALL_STORAGE_HERE/Classwork/Spring 2026/Microproccesors/CCS Workspace/Lab6.3_ASM_AutoIndexedMode_Jones" --include_path="C:/ti/ccs1281/ccs/tools/compiler/ti-cgt-msp430_21.6.1.LTS/include" --advice:power=all --advice:hw_config=all --define=__MSP430FR2355__ --define=_FRWP_ENABLE --define=_INFO_FRWP_ENABLE -g --printf_support=minimal --diag_warning=225 --diag_wrap=off --display_error_number --silicon_errata=CPU21 --silicon_errata=CPU22 --silicon_errata=CPU40 --preproc_with_compile --preproc_dependency="Lab6.3main.d_raw"  "../Lab6.3main.asm"
No Assembly Errors, 1 Assembly Warning
"../Lab6.3main.asm", WARNING! at line 78: [W5369] Silicon Errata CPU40: A jump instruction at the end of a section should be followed by a NOP.
				jmp		main
 
Finished building: "../Lab6.3main.asm"
 
Building target: "Lab6.3_ASM_AutoIndexedMode_Jones.out"
Invoking: MSP430 Linker
"C:/ti/ccs1281/ccs/tools/compiler/ti-cgt-msp430_21.6.1.LTS/bin/cl430" -vmspx --code_model=small --data_model=small --use_hw_mpy=F5 --advice:power=all --advice:hw_config=all --define=__MSP430FR2355__ --define=_FRWP_ENABLE --define=_INFO_FRWP_ENABLE -g --printf_support=minimal --diag_warning=225 --diag_wrap=off --display_error_number --silicon_errata=CPU21 --silicon_errata=CPU22 --silicon_errata=CPU40 -z -m"Lab6.3_ASM_AutoIndexedMode_Jones.map" --heap_size=0 --stack_size=0 --cinit_hold_wdt=on -i"C:/ti/ccs1281/ccs/ccs_base/msp430/include" -i"C:/ti/ccs1281/ccs/ccs_base/msp430/lib/FR2xx" -i"C:/ti/ccs1281/ccs/tools/compiler/ti-cgt-msp430_21.6.1.LTS/lib" -i"C:/ti/ccs1281/ccs/tools/compiler/ti-cgt-msp430_21.6.1.LTS/include" --priority --reread_libs --define=_FRWP_ENABLE --define=_INFO_FRWP_ENABLE --diag_wrap=off --display_error_number --warn_sections --xml_link_info="Lab6.3_ASM_AutoIndexedMode_Jones_linkInfo.xml" --entry_point=RESET --use_hw_mpy=F5 -o "Lab6.3_ASM_AutoIndexedMode_Jones.out" "./Lab6.3main.obj" "../lnk_msp430fr2355.cmd"  -lfrwp_init.a -llibc.a 
<Linking>
Finished building target: "Lab6.3_ASM_AutoIndexedMode_Jones.out"
 

**** Build Finished ****

**** Build of configuration Debug for project Lab6.3_ASM_AutoIndexedMode_Jones ****

"C:\\ti\\ccs1281\\ccs\\utils\\bin\\gmake" -k -j 8 all -O 
 
Building file: "../Lab6.3main.asm"
Invoking: MSP430 Compiler
"C:/ti/ccs1281/ccs/tools/compiler/ti-cgt-msp430_21.6.1.LTS/bin/cl430" -vmspx --code_model=small --data_model=small --use_hw_mpy=F5 --include_path="C:/ti/ccs1281/ccs/ccs_base/msp430/include" --include_path="C:/ALL_STORAGE_HERE/Classwork/Spring 2026/Microproccesors/CCS Workspace/Lab6.3_ASM_AutoIndexedMode_Jones" --include_path="C:/ti/ccs1281/ccs/tools/compiler/ti-cgt-msp430_21.6.1.LTS/include" --advice:power=all --advice:hw_config=all --define=__MSP430FR2355__ --define=_FRWP_ENABLE --define=_INFO_FRWP_ENABLE -g --printf_support=minimal --diag_warning=225 --diag_wrap=off --display_error_number --silicon_errata=CPU21 --silicon_errata=CPU22 --silicon_errata=CPU40 --preproc_with_compile --preproc_dependency="Lab6.3main.d_raw"  "../Lab6.3main.asm"
No Assembly Errors, 1 Assembly Warning
"../Lab6.3main.asm", WARNING! at line 78: [W5369] Silicon Errata CPU40: A jump instruction at the end of a section should be followed by a NOP.
				jmp		main
 
Finished building: "../Lab6.3main.asm"
 
Building target: "Lab6.3_ASM_AutoIndexedMode_Jones.out"
Invoking: MSP430 Linker
"C:/ti/ccs1281/ccs/tools/compiler/ti-cgt-msp430_21.6.1.LTS/bin/cl430" -vmspx --code_model=small --data_model=small --use_hw_mpy=F5 --advice:power=all --advice:hw_config=all --define=__MSP430FR2355__ --define=_FRWP_ENABLE --define=_INFO_FRWP_ENABLE -g --printf_support=minimal --diag_warning=225 --diag_wrap=off --display_error_number --silicon_errata=CPU21 --silicon_errata=CPU22 --silicon_errata=CPU40 -z -m"Lab6.3_ASM_AutoIndexedMode_Jones.map" --heap_size=0 --stack_size=0 --cinit_hold_wdt=on -i"C:/ti/ccs1281/ccs/ccs_base/msp430/include" -i"C:/ti/ccs1281/ccs/ccs_base/msp430/lib/FR2xx" -i"C:/ti/ccs1281/ccs/tools/compiler/ti-cgt-msp430_21.6.1.LTS/lib" -i"C:/ti/ccs1281/ccs/tools/compiler/ti-cgt-msp430_21.6.1.LTS/include" --priority --reread_libs --define=_FRWP_ENABLE --define=_INFO_FRWP_ENABLE --diag_wrap=off --display_error_number --warn_sections --xml_link_info="Lab6.3_ASM_AutoIndexedMode_Jones_linkInfo.xml" --entry_point=RESET --use_hw_mpy=F5 -o "Lab6.3_ASM_AutoIndexedMode_Jones.out" "./Lab6.3main.obj" "../lnk_msp430fr2355.cmd"  -lfrwp_init.a -llibc.a 
<Linking>
Finished building target: "Lab6.3_ASM_AutoIndexedMode_Jones.out"
 

**** Build Finished ****

**** Build of configuration Debug for project Lab6.3_ASM_AutoIndexedMode_Jones ****

"C:\\ti\\ccs1281\\ccs\\utils\\bin\\gmake" -k -j 8 all -O 
 
Building file: "../Lab6.3main.asm"
Invoking: MSP430 Compiler
"C:/ti/ccs1281/ccs/tools/compiler/ti-cgt-msp430_21.6.1.LTS/bin/cl430" -vmspx --code_model=small --data_model=small --use_hw_mpy=F5 --include_path="C:/ti/ccs1281/ccs/ccs_base/msp430/include" --include_path="C:/ALL_STORAGE_HERE/Classwork/Spring 2026/Microproccesors/CCS Workspace/Lab6.3_ASM_AutoIndexedMode_Jones" --include_path="C:/ti/ccs1281/ccs/tools/compiler/ti-cgt-msp430_21.6.1.LTS/include" --advice:power=all --advice:hw_config=all --define=__MSP430FR2355__ --define=_FRWP_ENABLE --define=_INFO_FRWP_ENABLE -g --printf_support=minimal --diag_warning=225 --diag_wrap=off --display_error_number --silicon_errata=CPU21 --silicon_errata=CPU22 --silicon_errata=CPU40 --preproc_with_compile --preproc_dependency="Lab6.3main.d_raw"  "../Lab6.3main.asm"
No Assembly Errors, 1 Assembly Warning
"../Lab6.3main.asm", WARNING! at line 84: [W5369] Silicon Errata CPU40: A jump instruction at the end of a section should be followed by a NOP.
				jmp		main
 
Finished building: "../Lab6.3main.asm"
 
Building target: "Lab6.3_ASM_AutoIndexedMode_Jones.out"
Invoking: MSP430 Linker
"C:/ti/ccs1281/ccs/tools/compiler/ti-cgt-msp430_21.6.1.LTS/bin/cl430" -vmspx --code_model=small --data_model=small --use_hw_mpy=F5 --advice:power=all --advice:hw_config=all --define=__MSP430FR2355__ --define=_FRWP_ENABLE --define=_INFO_FRWP_ENABLE -g --printf_support=minimal --diag_warning=225 --diag_wrap=off --display_error_number --silicon_errata=CPU21 --silicon_errata=CPU22 --silicon_errata=CPU40 -z -m"Lab6.3_ASM_AutoIndexedMode_Jones.map" --heap_size=0 --stack_size=0 --cinit_hold_wdt=on -i"C:/ti/ccs1281/ccs/ccs_base/msp430/include" -i"C:/ti/ccs1281/ccs/ccs_base/msp430/lib/FR2xx" -i"C:/ti/ccs1281/ccs/tools/compiler/ti-cgt-msp430_21.6.1.LTS/lib" -i"C:/ti/ccs1281/ccs/tools/compiler/ti-cgt-msp430_21.6.1.LTS/include" --priority --reread_libs --define=_FRWP_ENABLE --define=_INFO_FRWP_ENABLE --diag_wrap=off --display_error_number --warn_sections --xml_link_info="Lab6.3_ASM_AutoIndexedMode_Jones_linkInfo.xml" --entry_point=RESET --use_hw_mpy=F5 -o "Lab6.3_ASM_AutoIndexedMode_Jones.out" "./Lab6.3main.obj" "../lnk_msp430fr2355.cmd"  -lfrwp_init.a -llibc.a 
<Linking>
Finished building target: "Lab6.3_ASM_AutoIndexedMode_Jones.out"
 

**** Build Finished ****

**** Build of configuration Debug for project Lab6.3_ASM_AutoIndexedMode_Jones ****

"C:\\ti\\ccs1281\\ccs\\utils\\bin\\gmake" -k -j 8 all -O 
 
gmake[1]: 'Lab6.3_ASM_AutoIndexedMode_Jones.out' is up to date.

**** Build Finished ****

**** Build of configuration Debug for project Chp7.1-7.2_CodeExample ****

"C:\\ti\\ccs1281\\ccs\\utils\\bin\\gmake" -k -j 8 all -O 
 
Building file: "../7.1-7.2main.asm"
Invoking: MSP430 Compiler
"C:/ti/ccs1281/ccs/tools/compiler/ti-cgt-msp430_21.6.1.LTS/bin/cl430" -vmspx --code_model=small --data_model=small --use_hw_mpy=F5 --include_path="C:/ti/ccs1281/ccs/ccs_base/msp430/include" --include_path="C:/ALL_STORAGE_HERE/Classwork/Spring 2026/Microproccesors/CCS Workspace/Chp7.1-7.2_CodeExample" --include_path="C:/ti/ccs1281/ccs/tools/compiler/ti-cgt-msp430_21.6.1.LTS/include" --advice:power=all --advice:hw_config=all --define=__MSP430FR2355__ --define=_FRWP_ENABLE --define=_INFO_FRWP_ENABLE -g --printf_support=minimal --diag_warning=225 --diag_wrap=off --display_error_number --silicon_errata=CPU21 --silicon_errata=CPU22 --silicon_errata=CPU40 --preproc_with_compile --preproc_dependency="7.1-7.2main.d_raw"  "../7.1-7.2main.asm"
No Assembly Errors, 1 Assembly Warning
"../7.1-7.2main.asm", WARNING! at line 47: [W5369] Silicon Errata CPU40: A jump instruction at the end of a section should be followed by a NOP.
				jmp 	main
 
Finished building: "../7.1-7.2main.asm"
 
Building target: "Chp7.1-7.2_CodeExample.out"
Invoking: MSP430 Linker
"C:/ti/ccs1281/ccs/tools/compiler/ti-cgt-msp430_21.6.1.LTS/bin/cl430" -vmspx --code_model=small --data_model=small --use_hw_mpy=F5 --advice:power=all --advice:hw_config=all --define=__MSP430FR2355__ --define=_FRWP_ENABLE --define=_INFO_FRWP_ENABLE -g --printf_support=minimal --diag_warning=225 --diag_wrap=off --display_error_number --silicon_errata=CPU21 --silicon_errata=CPU22 --silicon_errata=CPU40 -z -m"Chp7.1-7.2_CodeExample.map" --heap_size=0 --stack_size=0 --cinit_hold_wdt=on -i"C:/ti/ccs1281/ccs/ccs_base/msp430/include" -i"C:/ti/ccs1281/ccs/ccs_base/msp430/lib/FR2xx" -i"C:/ti/ccs1281/ccs/tools/compiler/ti-cgt-msp430_21.6.1.LTS/lib" -i"C:/ti/ccs1281/ccs/tools/compiler/ti-cgt-msp430_21.6.1.LTS/include" --priority --reread_libs --define=_FRWP_ENABLE --define=_INFO_FRWP_ENABLE --diag_wrap=off --display_error_number --warn_sections --xml_link_info="Chp7.1-7.2_CodeExample_linkInfo.xml" --entry_point=RESET --use_hw_mpy=F5 -o "Chp7.1-7.2_CodeExample.out" "./7.1-7.2main.obj" "../lnk_msp430fr2355.cmd"  -lfrwp_init.a -llibc.a 
<Linking>
Finished building target: "Chp7.1-7.2_CodeExample.out"
 

**** Build Finished ****

**** Build of configuration Debug for project Lab6.3_ASM_AutoIndexedMode_Jones ****

"C:\\ti\\ccs1281\\ccs\\utils\\bin\\gmake" -k -j 8 all -O 
 
gmake[1]: 'Lab6.3_ASM_AutoIndexedMode_Jones.out' is up to date.

**** Build Finished ****

**** Build of configuration Debug for project Lab6.3_ASM_AutoIndexedMode_Jones ****

"C:\\ti\\ccs1281\\ccs\\utils\\bin\\gmake" -k -j 8 all -O 
 
gmake[1]: 'Lab6.3_ASM_AutoIndexedMode_Jones.out' is up to date.

**** Build Finished ****

**** Build of configuration Debug for project Lab7.1_ASM_ArithLogic_Jones ****

"C:\\ti\\ccs1281\\ccs\\utils\\bin\\gmake" -k -j 8 all -O 
 
Building file: "../Lab7.1main.asm"
Invoking: MSP430 Compiler
"C:/ti/ccs1281/ccs/tools/compiler/ti-cgt-msp430_21.6.1.LTS/bin/cl430" -vmspx --code_model=small --data_model=small --use_hw_mpy=F5 --include_path="C:/ti/ccs1281/ccs/ccs_base/msp430/include" --include_path="C:/ALL_STORAGE_HERE/Classwork/Spring 2026/Microproccesors/CCS Workspace/Lab7.1_ASM_ArithLogic_Jones" --include_path="C:/ti/ccs1281/ccs/tools/compiler/ti-cgt-msp430_21.6.1.LTS/include" --advice:power=all --advice:hw_config=all --define=__MSP430FR2355__ --define=_FRWP_ENABLE --define=_INFO_FRWP_ENABLE -g --printf_support=minimal --diag_warning=225 --diag_wrap=off --display_error_number --silicon_errata=CPU21 --silicon_errata=CPU22 --silicon_errata=CPU40 --preproc_with_compile --preproc_dependency="Lab7.1main.d_raw"  "../Lab7.1main.asm"
No Assembly Errors, 1 Assembly Warning
"../Lab7.1main.asm", WARNING! at line 29: [W5369] Silicon Errata CPU40: A jump instruction at the end of a section should be followed by a NOP.
				jmp		main
 
Finished building: "../Lab7.1main.asm"
 
Building target: "Lab7.1_ASM_ArithLogic_Jones.out"
Invoking: MSP430 Linker
"C:/ti/ccs1281/ccs/tools/compiler/ti-cgt-msp430_21.6.1.LTS/bin/cl430" -vmspx --code_model=small --data_model=small --use_hw_mpy=F5 --advice:power=all --advice:hw_config=all --define=__MSP430FR2355__ --define=_FRWP_ENABLE --define=_INFO_FRWP_ENABLE -g --printf_support=minimal --diag_warning=225 --diag_wrap=off --display_error_number --silicon_errata=CPU21 --silicon_errata=CPU22 --silicon_errata=CPU40 -z -m"Lab7.1_ASM_ArithLogic_Jones.map" --heap_size=0 --stack_size=0 --cinit_hold_wdt=on -i"C:/ti/ccs1281/ccs/ccs_base/msp430/include" -i"C:/ti/ccs1281/ccs/ccs_base/msp430/lib/FR2xx" -i"C:/ti/ccs1281/ccs/tools/compiler/ti-cgt-msp430_21.6.1.LTS/lib" -i"C:/ti/ccs1281/ccs/tools/compiler/ti-cgt-msp430_21.6.1.LTS/include" --priority --reread_libs --define=_FRWP_ENABLE --define=_INFO_FRWP_ENABLE --diag_wrap=off --display_error_number --warn_sections --xml_link_info="Lab7.1_ASM_ArithLogic_Jones_linkInfo.xml" --entry_point=RESET --use_hw_mpy=F5 -o "Lab7.1_ASM_ArithLogic_Jones.out" "./Lab7.1main.obj" "../lnk_msp430fr2355.cmd"  -lfrwp_init.a -llibc.a 
<Linking>
Finished building target: "Lab7.1_ASM_ArithLogic_Jones.out"
 

**** Build Finished ****

**** Build of configuration Debug for project Lab7.1_ASM_ArithLogic_Jones ****

"C:\\ti\\ccs1281\\ccs\\utils\\bin\\gmake" -k -j 8 all -O 
 
Building file: "../Lab7.1main.asm"
Invoking: MSP430 Compiler
"C:/ti/ccs1281/ccs/tools/compiler/ti-cgt-msp430_21.6.1.LTS/bin/cl430" -vmspx --code_model=small --data_model=small --use_hw_mpy=F5 --include_path="C:/ti/ccs1281/ccs/ccs_base/msp430/include" --include_path="C:/ALL_STORAGE_HERE/Classwork/Spring 2026/Microproccesors/CCS Workspace/Lab7.1_ASM_ArithLogic_Jones" --include_path="C:/ti/ccs1281/ccs/tools/compiler/ti-cgt-msp430_21.6.1.LTS/include" --advice:power=all --advice:hw_config=all --define=__MSP430FR2355__ --define=_FRWP_ENABLE --define=_INFO_FRWP_ENABLE -g --printf_support=minimal --diag_warning=225 --diag_wrap=off --display_error_number --silicon_errata=CPU21 --silicon_errata=CPU22 --silicon_errata=CPU40 --preproc_with_compile --preproc_dependency="Lab7.1main.d_raw"  "../Lab7.1main.asm"
No Assembly Errors, 1 Assembly Warning
"../Lab7.1main.asm", WARNING! at line 46: [W5369] Silicon Errata CPU40: A jump instruction at the end of a section should be followed by a NOP.
				jmp		main
 
Finished building: "../Lab7.1main.asm"
 
Building target: "Lab7.1_ASM_ArithLogic_Jones.out"
Invoking: MSP430 Linker
"C:/ti/ccs1281/ccs/tools/compiler/ti-cgt-msp430_21.6.1.LTS/bin/cl430" -vmspx --code_model=small --data_model=small --use_hw_mpy=F5 --advice:power=all --advice:hw_config=all --define=__MSP430FR2355__ --define=_FRWP_ENABLE --define=_INFO_FRWP_ENABLE -g --printf_support=minimal --diag_warning=225 --diag_wrap=off --display_error_number --silicon_errata=CPU21 --silicon_errata=CPU22 --silicon_errata=CPU40 -z -m"Lab7.1_ASM_ArithLogic_Jones.map" --heap_size=0 --stack_size=0 --cinit_hold_wdt=on -i"C:/ti/ccs1281/ccs/ccs_base/msp430/include" -i"C:/ti/ccs1281/ccs/ccs_base/msp430/lib/FR2xx" -i"C:/ti/ccs1281/ccs/tools/compiler/ti-cgt-msp430_21.6.1.LTS/lib" -i"C:/ti/ccs1281/ccs/tools/compiler/ti-cgt-msp430_21.6.1.LTS/include" --priority --reread_libs --define=_FRWP_ENABLE --define=_INFO_FRWP_ENABLE --diag_wrap=off --display_error_number --warn_sections --xml_link_info="Lab7.1_ASM_ArithLogic_Jones_linkInfo.xml" --entry_point=RESET --use_hw_mpy=F5 -o "Lab7.1_ASM_ArithLogic_Jones.out" "./Lab7.1main.obj" "../lnk_msp430fr2355.cmd"  -lfrwp_init.a -llibc.a 
<Linking>
Finished building target: "Lab7.1_ASM_ArithLogic_Jones.out"
 

**** Build Finished ****

**** Build of configuration Debug for project Lab7.1_ASM_ArithLogic_Jones ****

"C:\\ti\\ccs1281\\ccs\\utils\\bin\\gmake" -k -j 8 all -O 
 
gmake[1]: 'Lab7.1_ASM_ArithLogic_Jones.out' is up to date.

**** Build Finished ****

**** Build of configuration Debug for project Lab7.1_ASM_ArithLogic_Jones ****

"C:\\ti\\ccs1281\\ccs\\utils\\bin\\gmake" -k -j 8 all -O 
 
Building file: "../Lab7.1main.asm"
Invoking: MSP430 Compiler
"C:/ti/ccs1281/ccs/tools/compiler/ti-cgt-msp430_21.6.1.LTS/bin/cl430" -vmspx --code_model=small --data_model=small --use_hw_mpy=F5 --include_path="C:/ti/ccs1281/ccs/ccs_base/msp430/include" --include_path="C:/ALL_STORAGE_HERE/Classwork/Spring 2026/Microproccesors/CCS Workspace/Lab7.1_ASM_ArithLogic_Jones" --include_path="C:/ti/ccs1281/ccs/tools/compiler/ti-cgt-msp430_21.6.1.LTS/include" --advice:power=all --advice:hw_config=all --define=__MSP430FR2355__ --define=_FRWP_ENABLE --define=_INFO_FRWP_ENABLE -g --printf_support=minimal --diag_warning=225 --diag_wrap=off --display_error_number --silicon_errata=CPU21 --silicon_errata=CPU22 --silicon_errata=CPU40 --preproc_with_compile --preproc_dependency="Lab7.1main.d_raw"  "../Lab7.1main.asm"
No Assembly Errors, 1 Assembly Warning
"../Lab7.1main.asm", WARNING! at line 51: [W5369] Silicon Errata CPU40: A jump instruction at the end of a section should be followed by a NOP.
				jmp		main
 
Finished building: "../Lab7.1main.asm"
 
Building target: "Lab7.1_ASM_ArithLogic_Jones.out"
Invoking: MSP430 Linker
"C:/ti/ccs1281/ccs/tools/compiler/ti-cgt-msp430_21.6.1.LTS/bin/cl430" -vmspx --code_model=small --data_model=small --use_hw_mpy=F5 --advice:power=all --advice:hw_config=all --define=__MSP430FR2355__ --define=_FRWP_ENABLE --define=_INFO_FRWP_ENABLE -g --printf_support=minimal --diag_warning=225 --diag_wrap=off --display_error_number --silicon_errata=CPU21 --silicon_errata=CPU22 --silicon_errata=CPU40 -z -m"Lab7.1_ASM_ArithLogic_Jones.map" --heap_size=0 --stack_size=0 --cinit_hold_wdt=on -i"C:/ti/ccs1281/ccs/ccs_base/msp430/include" -i"C:/ti/ccs1281/ccs/ccs_base/msp430/lib/FR2xx" -i"C:/ti/ccs1281/ccs/tools/compiler/ti-cgt-msp430_21.6.1.LTS/lib" -i"C:/ti/ccs1281/ccs/tools/compiler/ti-cgt-msp430_21.6.1.LTS/include" --priority --reread_libs --define=_FRWP_ENABLE --define=_INFO_FRWP_ENABLE --diag_wrap=off --display_error_number --warn_sections --xml_link_info="Lab7.1_ASM_ArithLogic_Jones_linkInfo.xml" --entry_point=RESET --use_hw_mpy=F5 -o "Lab7.1_ASM_ArithLogic_Jones.out" "./Lab7.1main.obj" "../lnk_msp430fr2355.cmd"  -lfrwp_init.a -llibc.a 
<Linking>
Finished building target: "Lab7.1_ASM_ArithLogic_Jones.out"
 

**** Build Finished ****

**** Build of configuration Debug for project Lab7.1_ASM_ArithLogic_Jones ****

"C:\\ti\\ccs1281\\ccs\\utils\\bin\\gmake" -k -j 8 all -O 
 
Building file: "../Lab7.1main.asm"
Invoking: MSP430 Compiler
"C:/ti/ccs1281/ccs/tools/compiler/ti-cgt-msp430_21.6.1.LTS/bin/cl430" -vmspx --code_model=small --data_model=small --use_hw_mpy=F5 --include_path="C:/ti/ccs1281/ccs/ccs_base/msp430/include" --include_path="C:/ALL_STORAGE_HERE/Classwork/Spring 2026/Microproccesors/CCS Workspace/Lab7.1_ASM_ArithLogic_Jones" --include_path="C:/ti/ccs1281/ccs/tools/compiler/ti-cgt-msp430_21.6.1.LTS/include" --advice:power=all --advice:hw_config=all --define=__MSP430FR2355__ --define=_FRWP_ENABLE --define=_INFO_FRWP_ENABLE -g --printf_support=minimal --diag_warning=225 --diag_wrap=off --display_error_number --silicon_errata=CPU21 --silicon_errata=CPU22 --silicon_errata=CPU40 --preproc_with_compile --preproc_dependency="Lab7.1main.d_raw"  "../Lab7.1main.asm"
No Assembly Errors, 1 Assembly Warning
"../Lab7.1main.asm", WARNING! at line 51: [W5369] Silicon Errata CPU40: A jump instruction at the end of a section should be followed by a NOP.
				jmp		main
 
Finished building: "../Lab7.1main.asm"
 
Building target: "Lab7.1_ASM_ArithLogic_Jones.out"
Invoking: MSP430 Linker
"C:/ti/ccs1281/ccs/tools/compiler/ti-cgt-msp430_21.6.1.LTS/bin/cl430" -vmspx --code_model=small --data_model=small --use_hw_mpy=F5 --advice:power=all --advice:hw_config=all --define=__MSP430FR2355__ --define=_FRWP_ENABLE --define=_INFO_FRWP_ENABLE -g --printf_support=minimal --diag_warning=225 --diag_wrap=off --display_error_number --silicon_errata=CPU21 --silicon_errata=CPU22 --silicon_errata=CPU40 -z -m"Lab7.1_ASM_ArithLogic_Jones.map" --heap_size=0 --stack_size=0 --cinit_hold_wdt=on -i"C:/ti/ccs1281/ccs/ccs_base/msp430/include" -i"C:/ti/ccs1281/ccs/ccs_base/msp430/lib/FR2xx" -i"C:/ti/ccs1281/ccs/tools/compiler/ti-cgt-msp430_21.6.1.LTS/lib" -i"C:/ti/ccs1281/ccs/tools/compiler/ti-cgt-msp430_21.6.1.LTS/include" --priority --reread_libs --define=_FRWP_ENABLE --define=_INFO_FRWP_ENABLE --diag_wrap=off --display_error_number --warn_sections --xml_link_info="Lab7.1_ASM_ArithLogic_Jones_linkInfo.xml" --entry_point=RESET --use_hw_mpy=F5 -o "Lab7.1_ASM_ArithLogic_Jones.out" "./Lab7.1main.obj" "../lnk_msp430fr2355.cmd"  -lfrwp_init.a -llibc.a 
<Linking>
Finished building target: "Lab7.1_ASM_ArithLogic_Jones.out"
 

**** Build Finished ****

**** Build of configuration Debug for project Lab7.1_ASM_ArithLogic_Jones ****

"C:\\ti\\ccs1281\\ccs\\utils\\bin\\gmake" -k -j 8 all -O 
 
Building file: "../Lab7.1main.asm"
Invoking: MSP430 Compiler
"C:/ti/ccs1281/ccs/tools/compiler/ti-cgt-msp430_21.6.1.LTS/bin/cl430" -vmspx --code_model=small --data_model=small --use_hw_mpy=F5 --include_path="C:/ti/ccs1281/ccs/ccs_base/msp430/include" --include_path="C:/ALL_STORAGE_HERE/Classwork/Spring 2026/Microproccesors/CCS Workspace/Lab7.1_ASM_ArithLogic_Jones" --include_path="C:/ti/ccs1281/ccs/tools/compiler/ti-cgt-msp430_21.6.1.LTS/include" --advice:power=all --advice:hw_config=all --define=__MSP430FR2355__ --define=_FRWP_ENABLE --define=_INFO_FRWP_ENABLE -g --printf_support=minimal --diag_warning=225 --diag_wrap=off --display_error_number --silicon_errata=CPU21 --silicon_errata=CPU22 --silicon_errata=CPU40 --preproc_with_compile --preproc_dependency="Lab7.1main.d_raw"  "../Lab7.1main.asm"
No Assembly Errors, 1 Assembly Warning
"../Lab7.1main.asm", WARNING! at line 68: [W5369] Silicon Errata CPU40: A jump instruction at the end of a section should be followed by a NOP.
				jmp		main
 
Finished building: "../Lab7.1main.asm"
 
Building target: "Lab7.1_ASM_ArithLogic_Jones.out"
Invoking: MSP430 Linker
"C:/ti/ccs1281/ccs/tools/compiler/ti-cgt-msp430_21.6.1.LTS/bin/cl430" -vmspx --code_model=small --data_model=small --use_hw_mpy=F5 --advice:power=all --advice:hw_config=all --define=__MSP430FR2355__ --define=_FRWP_ENABLE --define=_INFO_FRWP_ENABLE -g --printf_support=minimal --diag_warning=225 --diag_wrap=off --display_error_number --silicon_errata=CPU21 --silicon_errata=CPU22 --silicon_errata=CPU40 -z -m"Lab7.1_ASM_ArithLogic_Jones.map" --heap_size=0 --stack_size=0 --cinit_hold_wdt=on -i"C:/ti/ccs1281/ccs/ccs_base/msp430/include" -i"C:/ti/ccs1281/ccs/ccs_base/msp430/lib/FR2xx" -i"C:/ti/ccs1281/ccs/tools/compiler/ti-cgt-msp430_21.6.1.LTS/lib" -i"C:/ti/ccs1281/ccs/tools/compiler/ti-cgt-msp430_21.6.1.LTS/include" --priority --reread_libs --define=_FRWP_ENABLE --define=_INFO_FRWP_ENABLE --diag_wrap=off --display_error_number --warn_sections --xml_link_info="Lab7.1_ASM_ArithLogic_Jones_linkInfo.xml" --entry_point=RESET --use_hw_mpy=F5 -o "Lab7.1_ASM_ArithLogic_Jones.out" "./Lab7.1main.obj" "../lnk_msp430fr2355.cmd"  -lfrwp_init.a -llibc.a 
<Linking>
Finished building target: "Lab7.1_ASM_ArithLogic_Jones.out"
 

**** Build Finished ****

**** Build of configuration Debug for project Lab7.1_ASM_ArithLogic_Jones ****

"C:\\ti\\ccs1281\\ccs\\utils\\bin\\gmake" -k -j 8 all -O 
 
Building file: "../Lab7.1main.asm"
Invoking: MSP430 Compiler
"C:/ti/ccs1281/ccs/tools/compiler/ti-cgt-msp430_21.6.1.LTS/bin/cl430" -vmspx --code_model=small --data_model=small --use_hw_mpy=F5 --include_path="C:/ti/ccs1281/ccs/ccs_base/msp430/include" --include_path="C:/ALL_STORAGE_HERE/Classwork/Spring 2026/Microproccesors/CCS Workspace/Lab7.1_ASM_ArithLogic_Jones" --include_path="C:/ti/ccs1281/ccs/tools/compiler/ti-cgt-msp430_21.6.1.LTS/include" --advice:power=all --advice:hw_config=all --define=__MSP430FR2355__ --define=_FRWP_ENABLE --define=_INFO_FRWP_ENABLE -g --printf_support=minimal --diag_warning=225 --diag_wrap=off --display_error_number --silicon_errata=CPU21 --silicon_errata=CPU22 --silicon_errata=CPU40 --preproc_with_compile --preproc_dependency="Lab7.1main.d_raw"  "../Lab7.1main.asm"
No Assembly Errors, 1 Assembly Warning
"../Lab7.1main.asm", WARNING! at line 74: [W5369] Silicon Errata CPU40: A jump instruction at the end of a section should be followed by a NOP.
				jmp		main
 
Finished building: "../Lab7.1main.asm"
 
Building target: "Lab7.1_ASM_ArithLogic_Jones.out"
Invoking: MSP430 Linker
"C:/ti/ccs1281/ccs/tools/compiler/ti-cgt-msp430_21.6.1.LTS/bin/cl430" -vmspx --code_model=small --data_model=small --use_hw_mpy=F5 --advice:power=all --advice:hw_config=all --define=__MSP430FR2355__ --define=_FRWP_ENABLE --define=_INFO_FRWP_ENABLE -g --printf_support=minimal --diag_warning=225 --diag_wrap=off --display_error_number --silicon_errata=CPU21 --silicon_errata=CPU22 --silicon_errata=CPU40 -z -m"Lab7.1_ASM_ArithLogic_Jones.map" --heap_size=0 --stack_size=0 --cinit_hold_wdt=on -i"C:/ti/ccs1281/ccs/ccs_base/msp430/include" -i"C:/ti/ccs1281/ccs/ccs_base/msp430/lib/FR2xx" -i"C:/ti/ccs1281/ccs/tools/compiler/ti-cgt-msp430_21.6.1.LTS/lib" -i"C:/ti/ccs1281/ccs/tools/compiler/ti-cgt-msp430_21.6.1.LTS/include" --priority --reread_libs --define=_FRWP_ENABLE --define=_INFO_FRWP_ENABLE --diag_wrap=off --display_error_number --warn_sections --xml_link_info="Lab7.1_ASM_ArithLogic_Jones_linkInfo.xml" --entry_point=RESET --use_hw_mpy=F5 -o "Lab7.1_ASM_ArithLogic_Jones.out" "./Lab7.1main.obj" "../lnk_msp430fr2355.cmd"  -lfrwp_init.a -llibc.a 
<Linking>
Finished building target: "Lab7.1_ASM_ArithLogic_Jones.out"
 

**** Build Finished ****

**** Build of configuration Debug for project Lab7.1_ASM_ArithLogic_Jones ****

"C:\\ti\\ccs1281\\ccs\\utils\\bin\\gmake" -k -j 8 all -O 
 
Building file: "../Lab7.1main.asm"
Invoking: MSP430 Compiler
"C:/ti/ccs1281/ccs/tools/compiler/ti-cgt-msp430_21.6.1.LTS/bin/cl430" -vmspx --code_model=small --data_model=small --use_hw_mpy=F5 --include_path="C:/ti/ccs1281/ccs/ccs_base/msp430/include" --include_path="C:/ALL_STORAGE_HERE/Classwork/Spring 2026/Microproccesors/CCS Workspace/Lab7.1_ASM_ArithLogic_Jones" --include_path="C:/ti/ccs1281/ccs/tools/compiler/ti-cgt-msp430_21.6.1.LTS/include" --advice:power=all --advice:hw_config=all --define=__MSP430FR2355__ --define=_FRWP_ENABLE --define=_INFO_FRWP_ENABLE -g --printf_support=minimal --diag_warning=225 --diag_wrap=off --display_error_number --silicon_errata=CPU21 --silicon_errata=CPU22 --silicon_errata=CPU40 --preproc_with_compile --preproc_dependency="Lab7.1main.d_raw"  "../Lab7.1main.asm"
No Assembly Errors, 1 Assembly Warning
"../Lab7.1main.asm", WARNING! at line 88: [W5369] Silicon Errata CPU40: A jump instruction at the end of a section should be followed by a NOP.
				jmp		main
 
Finished building: "../Lab7.1main.asm"
 
Building target: "Lab7.1_ASM_ArithLogic_Jones.out"
Invoking: MSP430 Linker
"C:/ti/ccs1281/ccs/tools/compiler/ti-cgt-msp430_21.6.1.LTS/bin/cl430" -vmspx --code_model=small --data_model=small --use_hw_mpy=F5 --advice:power=all --advice:hw_config=all --define=__MSP430FR2355__ --define=_FRWP_ENABLE --define=_INFO_FRWP_ENABLE -g --printf_support=minimal --diag_warning=225 --diag_wrap=off --display_error_number --silicon_errata=CPU21 --silicon_errata=CPU22 --silicon_errata=CPU40 -z -m"Lab7.1_ASM_ArithLogic_Jones.map" --heap_size=0 --stack_size=0 --cinit_hold_wdt=on -i"C:/ti/ccs1281/ccs/ccs_base/msp430/include" -i"C:/ti/ccs1281/ccs/ccs_base/msp430/lib/FR2xx" -i"C:/ti/ccs1281/ccs/tools/compiler/ti-cgt-msp430_21.6.1.LTS/lib" -i"C:/ti/ccs1281/ccs/tools/compiler/ti-cgt-msp430_21.6.1.LTS/include" --priority --reread_libs --define=_FRWP_ENABLE --define=_INFO_FRWP_ENABLE --diag_wrap=off --display_error_number --warn_sections --xml_link_info="Lab7.1_ASM_ArithLogic_Jones_linkInfo.xml" --entry_point=RESET --use_hw_mpy=F5 -o "Lab7.1_ASM_ArithLogic_Jones.out" "./Lab7.1main.obj" "../lnk_msp430fr2355.cmd"  -lfrwp_init.a -llibc.a 
<Linking>
Finished building target: "Lab7.1_ASM_ArithLogic_Jones.out"
 

**** Build Finished ****

**** Build of configuration Debug for project Lab7.1_ASM_ArithLogic_Jones ****

"C:\\ti\\ccs1281\\ccs\\utils\\bin\\gmake" -k -j 8 all -O 
 
gmake[1]: 'Lab7.1_ASM_ArithLogic_Jones.out' is up to date.

**** Build Finished ****

**** Build of configuration Debug for project Lab7.1_ASM_ArithLogic_Jones ****

"C:\\ti\\ccs1281\\ccs\\utils\\bin\\gmake" -k -j 8 all -O 
 
Building file: "../Lab7.1main.asm"
Invoking: MSP430 Compiler
"C:/ti/ccs1281/ccs/tools/compiler/ti-cgt-msp430_21.6.1.LTS/bin/cl430" -vmspx --code_model=small --data_model=small --use_hw_mpy=F5 --include_path="C:/ti/ccs1281/ccs/ccs_base/msp430/include" --include_path="C:/ALL_STORAGE_HERE/Classwork/Spring 2026/Microproccesors/CCS Workspace/Lab7.1_ASM_ArithLogic_Jones" --include_path="C:/ti/ccs1281/ccs/tools/compiler/ti-cgt-msp430_21.6.1.LTS/include" --advice:power=all --advice:hw_config=all --define=__MSP430FR2355__ --define=_FRWP_ENABLE --define=_INFO_FRWP_ENABLE -g --printf_support=minimal --diag_warning=225 --diag_wrap=off --display_error_number --silicon_errata=CPU21 --silicon_errata=CPU22 --silicon_errata=CPU40 --preproc_with_compile --preproc_dependency="Lab7.1main.d_raw"  "../Lab7.1main.asm"
No Assembly Errors, 1 Assembly Warning
"../Lab7.1main.asm", WARNING! at line 89: [W5369] Silicon Errata CPU40: A jump instruction at the end of a section should be followed by a NOP.
				jmp		main
 
Finished building: "../Lab7.1main.asm"
 
Building target: "Lab7.1_ASM_ArithLogic_Jones.out"
Invoking: MSP430 Linker
"C:/ti/ccs1281/ccs/tools/compiler/ti-cgt-msp430_21.6.1.LTS/bin/cl430" -vmspx --code_model=small --data_model=small --use_hw_mpy=F5 --advice:power=all --advice:hw_config=all --define=__MSP430FR2355__ --define=_FRWP_ENABLE --define=_INFO_FRWP_ENABLE -g --printf_support=minimal --diag_warning=225 --diag_wrap=off --display_error_number --silicon_errata=CPU21 --silicon_errata=CPU22 --silicon_errata=CPU40 -z -m"Lab7.1_ASM_ArithLogic_Jones.map" --heap_size=0 --stack_size=0 --cinit_hold_wdt=on -i"C:/ti/ccs1281/ccs/ccs_base/msp430/include" -i"C:/ti/ccs1281/ccs/ccs_base/msp430/lib/FR2xx" -i"C:/ti/ccs1281/ccs/tools/compiler/ti-cgt-msp430_21.6.1.LTS/lib" -i"C:/ti/ccs1281/ccs/tools/compiler/ti-cgt-msp430_21.6.1.LTS/include" --priority --reread_libs --define=_FRWP_ENABLE --define=_INFO_FRWP_ENABLE --diag_wrap=off --display_error_number --warn_sections --xml_link_info="Lab7.1_ASM_ArithLogic_Jones_linkInfo.xml" --entry_point=RESET --use_hw_mpy=F5 -o "Lab7.1_ASM_ArithLogic_Jones.out" "./Lab7.1main.obj" "../lnk_msp430fr2355.cmd"  -lfrwp_init.a -llibc.a 
<Linking>
Finished building target: "Lab7.1_ASM_ArithLogic_Jones.out"
 

**** Build Finished ****

**** Build of configuration Debug for project Lab7.1_ASM_ArithLogic_Jones ****

"C:\\ti\\ccs1281\\ccs\\utils\\bin\\gmake" -k -j 8 all -O 
 
Building file: "../Lab7.1main.asm"
Invoking: MSP430 Compiler
"C:/ti/ccs1281/ccs/tools/compiler/ti-cgt-msp430_21.6.1.LTS/bin/cl430" -vmspx --code_model=small --data_model=small --use_hw_mpy=F5 --include_path="C:/ti/ccs1281/ccs/ccs_base/msp430/include" --include_path="C:/ALL_STORAGE_HERE/Classwork/Spring 2026/Microproccesors/CCS Workspace/Lab7.1_ASM_ArithLogic_Jones" --include_path="C:/ti/ccs1281/ccs/tools/compiler/ti-cgt-msp430_21.6.1.LTS/include" --advice:power=all --advice:hw_config=all --define=__MSP430FR2355__ --define=_FRWP_ENABLE --define=_INFO_FRWP_ENABLE -g --printf_support=minimal --diag_warning=225 --diag_wrap=off --display_error_number --silicon_errata=CPU21 --silicon_errata=CPU22 --silicon_errata=CPU40 --preproc_with_compile --preproc_dependency="Lab7.1main.d_raw"  "../Lab7.1main.asm"
No Assembly Errors, 1 Assembly Warning
"../Lab7.1main.asm", WARNING! at line 111: [W5369] Silicon Errata CPU40: A jump instruction at the end of a section should be followed by a NOP.
				jmp		main
 
Finished building: "../Lab7.1main.asm"
 
Building target: "Lab7.1_ASM_ArithLogic_Jones.out"
Invoking: MSP430 Linker
"C:/ti/ccs1281/ccs/tools/compiler/ti-cgt-msp430_21.6.1.LTS/bin/cl430" -vmspx --code_model=small --data_model=small --use_hw_mpy=F5 --advice:power=all --advice:hw_config=all --define=__MSP430FR2355__ --define=_FRWP_ENABLE --define=_INFO_FRWP_ENABLE -g --printf_support=minimal --diag_warning=225 --diag_wrap=off --display_error_number --silicon_errata=CPU21 --silicon_errata=CPU22 --silicon_errata=CPU40 -z -m"Lab7.1_ASM_ArithLogic_Jones.map" --heap_size=0 --stack_size=0 --cinit_hold_wdt=on -i"C:/ti/ccs1281/ccs/ccs_base/msp430/include" -i"C:/ti/ccs1281/ccs/ccs_base/msp430/lib/FR2xx" -i"C:/ti/ccs1281/ccs/tools/compiler/ti-cgt-msp430_21.6.1.LTS/lib" -i"C:/ti/ccs1281/ccs/tools/compiler/ti-cgt-msp430_21.6.1.LTS/include" --priority --reread_libs --define=_FRWP_ENABLE --define=_INFO_FRWP_ENABLE --diag_wrap=off --display_error_number --warn_sections --xml_link_info="Lab7.1_ASM_ArithLogic_Jones_linkInfo.xml" --entry_point=RESET --use_hw_mpy=F5 -o "Lab7.1_ASM_ArithLogic_Jones.out" "./Lab7.1main.obj" "../lnk_msp430fr2355.cmd"  -lfrwp_init.a -llibc.a 
<Linking>
Finished building target: "Lab7.1_ASM_ArithLogic_Jones.out"
 

**** Build Finished ****

**** Build of configuration Debug for project Lab7.1_ASM_ArithLogic_Jones ****

"C:\\ti\\ccs1281\\ccs\\utils\\bin\\gmake" -k -j 8 all -O 
 
gmake[1]: 'Lab7.1_ASM_ArithLogic_Jones.out' is up to date.

**** Build Finished ****

**** Build of configuration Debug for project Lab6.3_ASM_AutoIndexedMode_Jones ****

"C:\\ti\\ccs1281\\ccs\\utils\\bin\\gmake" -k -j 8 all -O 
 
gmake[1]: 'Lab6.3_ASM_AutoIndexedMode_Jones.out' is up to date.

**** Build Finished ****

**** Build of configuration Debug for project Lab6.3_ASM_AutoIndexedMode_Jones ****

"C:\\ti\\ccs1281\\ccs\\utils\\bin\\gmake" -k -j 8 all -O 
 
gmake[1]: 'Lab6.3_ASM_AutoIndexedMode_Jones.out' is up to date.

**** Build Finished ****

**** Build of configuration Debug for project Chp7.3-7.4_ExampleCode ****

"C:\\ti\\ccs1281\\ccs\\utils\\bin\\gmake" -k -j 8 all -O 
 
Building file: "../main.asm"
Invoking: MSP430 Compiler
"C:/ti/ccs1281/ccs/tools/compiler/ti-cgt-msp430_21.6.1.LTS/bin/cl430" -vmspx --code_model=small --data_model=small --use_hw_mpy=F5 --include_path="C:/ti/ccs1281/ccs/ccs_base/msp430/include" --include_path="C:/ALL_STORAGE_HERE/Classwork/Spring 2026/Microproccesors/CCS Workspace/Chp7.3-7.4_ExampleCode" --include_path="C:/ti/ccs1281/ccs/tools/compiler/ti-cgt-msp430_21.6.1.LTS/include" --advice:power=all --advice:hw_config=all --define=__MSP430FR2355__ --define=_FRWP_ENABLE --define=_INFO_FRWP_ENABLE -g --printf_support=minimal --diag_warning=225 --diag_wrap=off --display_error_number --silicon_errata=CPU21 --silicon_errata=CPU22 --silicon_errata=CPU40 --preproc_with_compile --preproc_dependency="main.d_raw"  "../main.asm"
Finished building: "../main.asm"
 
Building target: "Chp7.3-7.4_ExampleCode.out"
Invoking: MSP430 Linker
"C:/ti/ccs1281/ccs/tools/compiler/ti-cgt-msp430_21.6.1.LTS/bin/cl430" -vmspx --code_model=small --data_model=small --use_hw_mpy=F5 --advice:power=all --advice:hw_config=all --define=__MSP430FR2355__ --define=_FRWP_ENABLE --define=_INFO_FRWP_ENABLE -g --printf_support=minimal --diag_warning=225 --diag_wrap=off --display_error_number --silicon_errata=CPU21 --silicon_errata=CPU22 --silicon_errata=CPU40 -z -m"Chp7.3-7.4_ExampleCode.map" --heap_size=0 --stack_size=0 --cinit_hold_wdt=on -i"C:/ti/ccs1281/ccs/ccs_base/msp430/include" -i"C:/ti/ccs1281/ccs/ccs_base/msp430/lib/FR2xx" -i"C:/ti/ccs1281/ccs/tools/compiler/ti-cgt-msp430_21.6.1.LTS/lib" -i"C:/ti/ccs1281/ccs/tools/compiler/ti-cgt-msp430_21.6.1.LTS/include" --priority --reread_libs --define=_FRWP_ENABLE --define=_INFO_FRWP_ENABLE --diag_wrap=off --display_error_number --warn_sections --xml_link_info="Chp7.3-7.4_ExampleCode_linkInfo.xml" --entry_point=RESET --use_hw_mpy=F5 -o "Chp7.3-7.4_ExampleCode.out" "./main.obj" "../lnk_msp430fr2355.cmd"  -lfrwp_init.a -llibc.a 
<Linking>
Finished building target: "Chp7.3-7.4_ExampleCode.out"
 

**** Build Finished ****

**** Build of configuration Debug for project Chp7.3-7.4_ExampleCode ****

"C:\\ti\\ccs1281\\ccs\\utils\\bin\\gmake" -k -j 8 all -O 
 
Building file: "../7.3-7.4main.asm"
Invoking: MSP430 Compiler
"C:/ti/ccs1281/ccs/tools/compiler/ti-cgt-msp430_21.6.1.LTS/bin/cl430" -vmspx --code_model=small --data_model=small --use_hw_mpy=F5 --include_path="C:/ti/ccs1281/ccs/ccs_base/msp430/include" --include_path="C:/ALL_STORAGE_HERE/Classwork/Spring 2026/Microproccesors/CCS Workspace/Chp7.3-7.4_ExampleCode" --include_path="C:/ti/ccs1281/ccs/tools/compiler/ti-cgt-msp430_21.6.1.LTS/include" --advice:power=all --advice:hw_config=all --define=__MSP430FR2355__ --define=_FRWP_ENABLE --define=_INFO_FRWP_ENABLE -g --printf_support=minimal --diag_warning=225 --diag_wrap=off --display_error_number --silicon_errata=CPU21 --silicon_errata=CPU22 --silicon_errata=CPU40 --preproc_with_compile --preproc_dependency="7.3-7.4main.d_raw"  "../7.3-7.4main.asm"
No Assembly Errors, 1 Assembly Warning
"../7.3-7.4main.asm", WARNING! at line 39: [W5369] Silicon Errata CPU40: A jump instruction at the end of a section should be followed by a NOP.
	            jmp		main
 
Finished building: "../7.3-7.4main.asm"
 
Building target: "Chp7.3-7.4_ExampleCode.out"
Invoking: MSP430 Linker
"C:/ti/ccs1281/ccs/tools/compiler/ti-cgt-msp430_21.6.1.LTS/bin/cl430" -vmspx --code_model=small --data_model=small --use_hw_mpy=F5 --advice:power=all --advice:hw_config=all --define=__MSP430FR2355__ --define=_FRWP_ENABLE --define=_INFO_FRWP_ENABLE -g --printf_support=minimal --diag_warning=225 --diag_wrap=off --display_error_number --silicon_errata=CPU21 --silicon_errata=CPU22 --silicon_errata=CPU40 -z -m"Chp7.3-7.4_ExampleCode.map" --heap_size=0 --stack_size=0 --cinit_hold_wdt=on -i"C:/ti/ccs1281/ccs/ccs_base/msp430/include" -i"C:/ti/ccs1281/ccs/ccs_base/msp430/lib/FR2xx" -i"C:/ti/ccs1281/ccs/tools/compiler/ti-cgt-msp430_21.6.1.LTS/lib" -i"C:/ti/ccs1281/ccs/tools/compiler/ti-cgt-msp430_21.6.1.LTS/include" --priority --reread_libs --define=_FRWP_ENABLE --define=_INFO_FRWP_ENABLE --diag_wrap=off --display_error_number --warn_sections --xml_link_info="Chp7.3-7.4_ExampleCode_linkInfo.xml" --entry_point=RESET --use_hw_mpy=F5 -o "Chp7.3-7.4_ExampleCode.out" "./7.3-7.4main.obj" "../lnk_msp430fr2355.cmd"  -lfrwp_init.a -llibc.a 
<Linking>
Finished building target: "Chp7.3-7.4_ExampleCode.out"
 

**** Build Finished ****

**** Build of configuration Debug for project Lab7.2_ASM_SetClearTest_Jones ****

"C:\\ti\\ccs1281\\ccs\\utils\\bin\\gmake" -k -j 8 all -O 
 
Building file: "../Lab7.2main.asm"
Invoking: MSP430 Compiler
"C:/ti/ccs1281/ccs/tools/compiler/ti-cgt-msp430_21.6.1.LTS/bin/cl430" -vmspx --code_model=small --data_model=small --use_hw_mpy=F5 --include_path="C:/ti/ccs1281/ccs/ccs_base/msp430/include" --include_path="C:/ALL_STORAGE_HERE/Classwork/Spring 2026/Microproccesors/CCS Workspace/Lab7.2_ASM_SetClearTest_Jones" --include_path="C:/ti/ccs1281/ccs/tools/compiler/ti-cgt-msp430_21.6.1.LTS/include" --advice:power=all --advice:hw_config=all --define=__MSP430FR2355__ --define=_FRWP_ENABLE --define=_INFO_FRWP_ENABLE -g --printf_support=minimal --diag_warning=225 --diag_wrap=off --display_error_number --silicon_errata=CPU21 --silicon_errata=CPU22 --silicon_errata=CPU40 --preproc_with_compile --preproc_dependency="Lab7.2main.d_raw"  "../Lab7.2main.asm"
No Assembly Errors, 1 Assembly Warning
"../Lab7.2main.asm", WARNING! at line 47: [W5369] Silicon Errata CPU40: A jump instruction at the end of a section should be followed by a NOP.
				jmp 	main
 
Finished building: "../Lab7.2main.asm"
 
Building target: "Lab7.2_ASM_SetClearTest_Jones.out"
Invoking: MSP430 Linker
"C:/ti/ccs1281/ccs/tools/compiler/ti-cgt-msp430_21.6.1.LTS/bin/cl430" -vmspx --code_model=small --data_model=small --use_hw_mpy=F5 --advice:power=all --advice:hw_config=all --define=__MSP430FR2355__ --define=_FRWP_ENABLE --define=_INFO_FRWP_ENABLE -g --printf_support=minimal --diag_warning=225 --diag_wrap=off --display_error_number --silicon_errata=CPU21 --silicon_errata=CPU22 --silicon_errata=CPU40 -z -m"Lab7.2_ASM_SetClearTest_Jones.map" --heap_size=0 --stack_size=0 --cinit_hold_wdt=on -i"C:/ti/ccs1281/ccs/ccs_base/msp430/include" -i"C:/ti/ccs1281/ccs/ccs_base/msp430/lib/FR2xx" -i"C:/ti/ccs1281/ccs/tools/compiler/ti-cgt-msp430_21.6.1.LTS/lib" -i"C:/ti/ccs1281/ccs/tools/compiler/ti-cgt-msp430_21.6.1.LTS/include" --priority --reread_libs --define=_FRWP_ENABLE --define=_INFO_FRWP_ENABLE --diag_wrap=off --display_error_number --warn_sections --xml_link_info="Lab7.2_ASM_SetClearTest_Jones_linkInfo.xml" --entry_point=RESET --use_hw_mpy=F5 -o "Lab7.2_ASM_SetClearTest_Jones.out" "./Lab7.2main.obj" "../lnk_msp430fr2355.cmd"  -lfrwp_init.a -llibc.a 
<Linking>
Finished building target: "Lab7.2_ASM_SetClearTest_Jones.out"
 

**** Build Finished ****

**** Build of configuration Debug for project Lab7.2_ASM_SetClearTest_Jones ****

"C:\\ti\\ccs1281\\ccs\\utils\\bin\\gmake" -k -j 8 all -O 
 
Building file: "../Lab7.2main.asm"
Invoking: MSP430 Compiler
"C:/ti/ccs1281/ccs/tools/compiler/ti-cgt-msp430_21.6.1.LTS/bin/cl430" -vmspx --code_model=small --data_model=small --use_hw_mpy=F5 --include_path="C:/ti/ccs1281/ccs/ccs_base/msp430/include" --include_path="C:/ALL_STORAGE_HERE/Classwork/Spring 2026/Microproccesors/CCS Workspace/Lab7.2_ASM_SetClearTest_Jones" --include_path="C:/ti/ccs1281/ccs/tools/compiler/ti-cgt-msp430_21.6.1.LTS/include" --advice:power=all --advice:hw_config=all --define=__MSP430FR2355__ --define=_FRWP_ENABLE --define=_INFO_FRWP_ENABLE -g --printf_support=minimal --diag_warning=225 --diag_wrap=off --display_error_number --silicon_errata=CPU21 --silicon_errata=CPU22 --silicon_errata=CPU40 --preproc_with_compile --preproc_dependency="Lab7.2main.d_raw"  "../Lab7.2main.asm"
No Assembly Errors, 1 Assembly Warning
"../Lab7.2main.asm", WARNING! at line 47: [W5369] Silicon Errata CPU40: A jump instruction at the end of a section should be followed by a NOP.
				jmp 	main
 
Finished building: "../Lab7.2main.asm"
 
Building target: "Lab7.2_ASM_SetClearTest_Jones.out"
Invoking: MSP430 Linker
"C:/ti/ccs1281/ccs/tools/compiler/ti-cgt-msp430_21.6.1.LTS/bin/cl430" -vmspx --code_model=small --data_model=small --use_hw_mpy=F5 --advice:power=all --advice:hw_config=all --define=__MSP430FR2355__ --define=_FRWP_ENABLE --define=_INFO_FRWP_ENABLE -g --printf_support=minimal --diag_warning=225 --diag_wrap=off --display_error_number --silicon_errata=CPU21 --silicon_errata=CPU22 --silicon_errata=CPU40 -z -m"Lab7.2_ASM_SetClearTest_Jones.map" --heap_size=0 --stack_size=0 --cinit_hold_wdt=on -i"C:/ti/ccs1281/ccs/ccs_base/msp430/include" -i"C:/ti/ccs1281/ccs/ccs_base/msp430/lib/FR2xx" -i"C:/ti/ccs1281/ccs/tools/compiler/ti-cgt-msp430_21.6.1.LTS/lib" -i"C:/ti/ccs1281/ccs/tools/compiler/ti-cgt-msp430_21.6.1.LTS/include" --priority --reread_libs --define=_FRWP_ENABLE --define=_INFO_FRWP_ENABLE --diag_wrap=off --display_error_number --warn_sections --xml_link_info="Lab7.2_ASM_SetClearTest_Jones_linkInfo.xml" --entry_point=RESET --use_hw_mpy=F5 -o "Lab7.2_ASM_SetClearTest_Jones.out" "./Lab7.2main.obj" "../lnk_msp430fr2355.cmd"  -lfrwp_init.a -llibc.a 
<Linking>
Finished building target: "Lab7.2_ASM_SetClearTest_Jones.out"
 

**** Build Finished ****

**** Build of configuration Debug for project Lab7.2_ASM_SetClearTest_Jones ****

"C:\\ti\\ccs1281\\ccs\\utils\\bin\\gmake" -k -j 8 all -O 
 
Building file: "../Lab7.2main.asm"
Invoking: MSP430 Compiler
"C:/ti/ccs1281/ccs/tools/compiler/ti-cgt-msp430_21.6.1.LTS/bin/cl430" -vmspx --code_model=small --data_model=small --use_hw_mpy=F5 --include_path="C:/ti/ccs1281/ccs/ccs_base/msp430/include" --include_path="C:/ALL_STORAGE_HERE/Classwork/Spring 2026/Microproccesors/CCS Workspace/Lab7.2_ASM_SetClearTest_Jones" --include_path="C:/ti/ccs1281/ccs/tools/compiler/ti-cgt-msp430_21.6.1.LTS/include" --advice:power=all --advice:hw_config=all --define=__MSP430FR2355__ --define=_FRWP_ENABLE --define=_INFO_FRWP_ENABLE -g --printf_support=minimal --diag_warning=225 --diag_wrap=off --display_error_number --silicon_errata=CPU21 --silicon_errata=CPU22 --silicon_errata=CPU40 --preproc_with_compile --preproc_dependency="Lab7.2main.d_raw"  "../Lab7.2main.asm"
No Assembly Errors, 1 Assembly Warning
"../Lab7.2main.asm", WARNING! at line 55: [W5369] Silicon Errata CPU40: A jump instruction at the end of a section should be followed by a NOP.
				jmp 	main
 
Finished building: "../Lab7.2main.asm"
 
Building target: "Lab7.2_ASM_SetClearTest_Jones.out"
Invoking: MSP430 Linker
"C:/ti/ccs1281/ccs/tools/compiler/ti-cgt-msp430_21.6.1.LTS/bin/cl430" -vmspx --code_model=small --data_model=small --use_hw_mpy=F5 --advice:power=all --advice:hw_config=all --define=__MSP430FR2355__ --define=_FRWP_ENABLE --define=_INFO_FRWP_ENABLE -g --printf_support=minimal --diag_warning=225 --diag_wrap=off --display_error_number --silicon_errata=CPU21 --silicon_errata=CPU22 --silicon_errata=CPU40 -z -m"Lab7.2_ASM_SetClearTest_Jones.map" --heap_size=0 --stack_size=0 --cinit_hold_wdt=on -i"C:/ti/ccs1281/ccs/ccs_base/msp430/include" -i"C:/ti/ccs1281/ccs/ccs_base/msp430/lib/FR2xx" -i"C:/ti/ccs1281/ccs/tools/compiler/ti-cgt-msp430_21.6.1.LTS/lib" -i"C:/ti/ccs1281/ccs/tools/compiler/ti-cgt-msp430_21.6.1.LTS/include" --priority --reread_libs --define=_FRWP_ENABLE --define=_INFO_FRWP_ENABLE --diag_wrap=off --display_error_number --warn_sections --xml_link_info="Lab7.2_ASM_SetClearTest_Jones_linkInfo.xml" --entry_point=RESET --use_hw_mpy=F5 -o "Lab7.2_ASM_SetClearTest_Jones.out" "./Lab7.2main.obj" "../lnk_msp430fr2355.cmd"  -lfrwp_init.a -llibc.a 
<Linking>
Finished building target: "Lab7.2_ASM_SetClearTest_Jones.out"
 

**** Build Finished ****

**** Build of configuration Debug for project Lab7.2_ASM_SetClearTest_Jones ****

"C:\\ti\\ccs1281\\ccs\\utils\\bin\\gmake" -k -j 8 all -O 
 
gmake[1]: 'Lab7.2_ASM_SetClearTest_Jones.out' is up to date.

**** Build Finished ****

**** Build of configuration Debug for project Lab7.2_ASM_SetClearTest_Jones ****

"C:\\ti\\ccs1281\\ccs\\utils\\bin\\gmake" -k -j 8 all -O 
 
gmake[1]: 'Lab7.2_ASM_SetClearTest_Jones.out' is up to date.

**** Build Finished ****

**** Build of configuration Debug for project Lab7.2_ASM_SetClearTest_Jones ****

"C:\\ti\\ccs1281\\ccs\\utils\\bin\\gmake" -k -j 8 all -O 
 
Building file: "../Lab7.2main.asm"
Invoking: MSP430 Compiler
"C:/ti/ccs1281/ccs/tools/compiler/ti-cgt-msp430_21.6.1.LTS/bin/cl430" -vmspx --code_model=small --data_model=small --use_hw_mpy=F5 --include_path="C:/ti/ccs1281/ccs/ccs_base/msp430/include" --include_path="C:/ALL_STORAGE_HERE/Classwork/Spring 2026/Microproccesors/CCS Workspace/Lab7.2_ASM_SetClearTest_Jones" --include_path="C:/ti/ccs1281/ccs/tools/compiler/ti-cgt-msp430_21.6.1.LTS/include" --advice:power=all --advice:hw_config=all --define=__MSP430FR2355__ --define=_FRWP_ENABLE --define=_INFO_FRWP_ENABLE -g --printf_support=minimal --diag_warning=225 --diag_wrap=off --display_error_number --silicon_errata=CPU21 --silicon_errata=CPU22 --silicon_errata=CPU40 --preproc_with_compile --preproc_dependency="Lab7.2main.d_raw"  "../Lab7.2main.asm"
No Assembly Errors, 1 Assembly Warning
"../Lab7.2main.asm", WARNING! at line 58: [W5369] Silicon Errata CPU40: A jump instruction at the end of a section should be followed by a NOP.
				jmp 	main
 
Finished building: "../Lab7.2main.asm"
 
Building target: "Lab7.2_ASM_SetClearTest_Jones.out"
Invoking: MSP430 Linker
"C:/ti/ccs1281/ccs/tools/compiler/ti-cgt-msp430_21.6.1.LTS/bin/cl430" -vmspx --code_model=small --data_model=small --use_hw_mpy=F5 --advice:power=all --advice:hw_config=all --define=__MSP430FR2355__ --define=_FRWP_ENABLE --define=_INFO_FRWP_ENABLE -g --printf_support=minimal --diag_warning=225 --diag_wrap=off --display_error_number --silicon_errata=CPU21 --silicon_errata=CPU22 --silicon_errata=CPU40 -z -m"Lab7.2_ASM_SetClearTest_Jones.map" --heap_size=0 --stack_size=0 --cinit_hold_wdt=on -i"C:/ti/ccs1281/ccs/ccs_base/msp430/include" -i"C:/ti/ccs1281/ccs/ccs_base/msp430/lib/FR2xx" -i"C:/ti/ccs1281/ccs/tools/compiler/ti-cgt-msp430_21.6.1.LTS/lib" -i"C:/ti/ccs1281/ccs/tools/compiler/ti-cgt-msp430_21.6.1.LTS/include" --priority --reread_libs --define=_FRWP_ENABLE --define=_INFO_FRWP_ENABLE --diag_wrap=off --display_error_number --warn_sections --xml_link_info="Lab7.2_ASM_SetClearTest_Jones_linkInfo.xml" --entry_point=RESET --use_hw_mpy=F5 -o "Lab7.2_ASM_SetClearTest_Jones.out" "./Lab7.2main.obj" "../lnk_msp430fr2355.cmd"  -lfrwp_init.a -llibc.a 
<Linking>
Finished building target: "Lab7.2_ASM_SetClearTest_Jones.out"
 

**** Build Finished ****

**** Build of configuration Debug for project Lab7.2_ASM_SetClearTest_Jones ****

"C:\\ti\\ccs1281\\ccs\\utils\\bin\\gmake" -k -j 8 all -O 
 
Building file: "../Lab7.2main.asm"
Invoking: MSP430 Compiler
"C:/ti/ccs1281/ccs/tools/compiler/ti-cgt-msp430_21.6.1.LTS/bin/cl430" -vmspx --code_model=small --data_model=small --use_hw_mpy=F5 --include_path="C:/ti/ccs1281/ccs/ccs_base/msp430/include" --include_path="C:/ALL_STORAGE_HERE/Classwork/Spring 2026/Microproccesors/CCS Workspace/Lab7.2_ASM_SetClearTest_Jones" --include_path="C:/ti/ccs1281/ccs/tools/compiler/ti-cgt-msp430_21.6.1.LTS/include" --advice:power=all --advice:hw_config=all --define=__MSP430FR2355__ --define=_FRWP_ENABLE --define=_INFO_FRWP_ENABLE -g --printf_support=minimal --diag_warning=225 --diag_wrap=off --display_error_number --silicon_errata=CPU21 --silicon_errata=CPU22 --silicon_errata=CPU40 --preproc_with_compile --preproc_dependency="Lab7.2main.d_raw"  "../Lab7.2main.asm"
No Assembly Errors, 1 Assembly Warning
"../Lab7.2main.asm", WARNING! at line 64: [W5369] Silicon Errata CPU40: A jump instruction at the end of a section should be followed by a NOP.
				jmp 	main
 
Finished building: "../Lab7.2main.asm"
 
Building target: "Lab7.2_ASM_SetClearTest_Jones.out"
Invoking: MSP430 Linker
"C:/ti/ccs1281/ccs/tools/compiler/ti-cgt-msp430_21.6.1.LTS/bin/cl430" -vmspx --code_model=small --data_model=small --use_hw_mpy=F5 --advice:power=all --advice:hw_config=all --define=__MSP430FR2355__ --define=_FRWP_ENABLE --define=_INFO_FRWP_ENABLE -g --printf_support=minimal --diag_warning=225 --diag_wrap=off --display_error_number --silicon_errata=CPU21 --silicon_errata=CPU22 --silicon_errata=CPU40 -z -m"Lab7.2_ASM_SetClearTest_Jones.map" --heap_size=0 --stack_size=0 --cinit_hold_wdt=on -i"C:/ti/ccs1281/ccs/ccs_base/msp430/include" -i"C:/ti/ccs1281/ccs/ccs_base/msp430/lib/FR2xx" -i"C:/ti/ccs1281/ccs/tools/compiler/ti-cgt-msp430_21.6.1.LTS/lib" -i"C:/ti/ccs1281/ccs/tools/compiler/ti-cgt-msp430_21.6.1.LTS/include" --priority --reread_libs --define=_FRWP_ENABLE --define=_INFO_FRWP_ENABLE --diag_wrap=off --display_error_number --warn_sections --xml_link_info="Lab7.2_ASM_SetClearTest_Jones_linkInfo.xml" --entry_point=RESET --use_hw_mpy=F5 -o "Lab7.2_ASM_SetClearTest_Jones.out" "./Lab7.2main.obj" "../lnk_msp430fr2355.cmd"  -lfrwp_init.a -llibc.a 
<Linking>
Finished building target: "Lab7.2_ASM_SetClearTest_Jones.out"
 

**** Build Finished ****

**** Build of configuration Debug for project Practical1_AddressingModes_Jones ****

"C:\\ti\\ccs1281\\ccs\\utils\\bin\\gmake" -k -j 8 all -O 
 
Building file: "../Practical1main.asm"
Invoking: MSP430 Compiler
"C:/ti/ccs1281/ccs/tools/compiler/ti-cgt-msp430_21.6.1.LTS/bin/cl430" -vmspx --code_model=small --data_model=small --use_hw_mpy=F5 --include_path="C:/ti/ccs1281/ccs/ccs_base/msp430/include" --include_path="C:/ALL_STORAGE_HERE/Classwork/Spring 2026/Microproccesors/CCS Workspace/Practical1_AddressingModes_Jones" --include_path="C:/ti/ccs1281/ccs/tools/compiler/ti-cgt-msp430_21.6.1.LTS/include" --advice:power=all --advice:hw_config=all --define=__MSP430FR2355__ --define=_FRWP_ENABLE --define=_INFO_FRWP_ENABLE -g --printf_support=minimal --diag_warning=225 --diag_wrap=off --display_error_number --silicon_errata=CPU21 --silicon_errata=CPU22 --silicon_errata=CPU40 --preproc_with_compile --preproc_dependency="Practical1main.d_raw"  "../Practical1main.asm"
No Assembly Errors, 1 Assembly Warning
"../Practical1main.asm", WARNING! at line 34: [W5369] Silicon Errata CPU40: A jump instruction at the end of a section should be followed by a NOP.
				jmp 	main
 
Finished building: "../Practical1main.asm"
 
Building target: "Practical1_AddressingModes_Jones.out"
Invoking: MSP430 Linker
"C:/ti/ccs1281/ccs/tools/compiler/ti-cgt-msp430_21.6.1.LTS/bin/cl430" -vmspx --code_model=small --data_model=small --use_hw_mpy=F5 --advice:power=all --advice:hw_config=all --define=__MSP430FR2355__ --define=_FRWP_ENABLE --define=_INFO_FRWP_ENABLE -g --printf_support=minimal --diag_warning=225 --diag_wrap=off --display_error_number --silicon_errata=CPU21 --silicon_errata=CPU22 --silicon_errata=CPU40 -z -m"Practical1_AddressingModes_Jones.map" --heap_size=0 --stack_size=0 --cinit_hold_wdt=on -i"C:/ti/ccs1281/ccs/ccs_base/msp430/include" -i"C:/ti/ccs1281/ccs/ccs_base/msp430/lib/FR2xx" -i"C:/ti/ccs1281/ccs/tools/compiler/ti-cgt-msp430_21.6.1.LTS/lib" -i"C:/ti/ccs1281/ccs/tools/compiler/ti-cgt-msp430_21.6.1.LTS/include" --priority --reread_libs --define=_FRWP_ENABLE --define=_INFO_FRWP_ENABLE --diag_wrap=off --display_error_number --warn_sections --xml_link_info="Practical1_AddressingModes_Jones_linkInfo.xml" --entry_point=RESET --use_hw_mpy=F5 -o "Practical1_AddressingModes_Jones.out" "./Practical1main.obj" "../lnk_msp430fr2355.cmd"  -lfrwp_init.a -llibc.a 
<Linking>
Finished building target: "Practical1_AddressingModes_Jones.out"
 

**** Build Finished ****

**** Build of configuration Debug for project Practical1_AddressingModes_Jones ****

"C:\\ti\\ccs1281\\ccs\\utils\\bin\\gmake" -k -j 8 all -O 
 
Building file: "../Practical1main.asm"
Invoking: MSP430 Compiler
"C:/ti/ccs1281/ccs/tools/compiler/ti-cgt-msp430_21.6.1.LTS/bin/cl430" -vmspx --code_model=small --data_model=small --use_hw_mpy=F5 --include_path="C:/ti/ccs1281/ccs/ccs_base/msp430/include" --include_path="C:/ALL_STORAGE_HERE/Classwork/Spring 2026/Microproccesors/CCS Workspace/Practical1_AddressingModes_Jones" --include_path="C:/ti/ccs1281/ccs/tools/compiler/ti-cgt-msp430_21.6.1.LTS/include" --advice:power=all --advice:hw_config=all --define=__MSP430FR2355__ --define=_FRWP_ENABLE --define=_INFO_FRWP_ENABLE -g --printf_support=minimal --diag_warning=225 --diag_wrap=off --display_error_number --silicon_errata=CPU21 --silicon_errata=CPU22 --silicon_errata=CPU40 --preproc_with_compile --preproc_dependency="Practical1main.d_raw"  "../Practical1main.asm"
No Assembly Errors, 1 Assembly Warning
"../Practical1main.asm", WARNING! at line 38: [W5369] Silicon Errata CPU40: A jump instruction at the end of a section should be followed by a NOP.
				jmp 	main
 
Finished building: "../Practical1main.asm"
 
Building target: "Practical1_AddressingModes_Jones.out"
Invoking: MSP430 Linker
"C:/ti/ccs1281/ccs/tools/compiler/ti-cgt-msp430_21.6.1.LTS/bin/cl430" -vmspx --code_model=small --data_model=small --use_hw_mpy=F5 --advice:power=all --advice:hw_config=all --define=__MSP430FR2355__ --define=_FRWP_ENABLE --define=_INFO_FRWP_ENABLE -g --printf_support=minimal --diag_warning=225 --diag_wrap=off --display_error_number --silicon_errata=CPU21 --silicon_errata=CPU22 --silicon_errata=CPU40 -z -m"Practical1_AddressingModes_Jones.map" --heap_size=0 --stack_size=0 --cinit_hold_wdt=on -i"C:/ti/ccs1281/ccs/ccs_base/msp430/include" -i"C:/ti/ccs1281/ccs/ccs_base/msp430/lib/FR2xx" -i"C:/ti/ccs1281/ccs/tools/compiler/ti-cgt-msp430_21.6.1.LTS/lib" -i"C:/ti/ccs1281/ccs/tools/compiler/ti-cgt-msp430_21.6.1.LTS/include" --priority --reread_libs --define=_FRWP_ENABLE --define=_INFO_FRWP_ENABLE --diag_wrap=off --display_error_number --warn_sections --xml_link_info="Practical1_AddressingModes_Jones_linkInfo.xml" --entry_point=RESET --use_hw_mpy=F5 -o "Practical1_AddressingModes_Jones.out" "./Practical1main.obj" "../lnk_msp430fr2355.cmd"  -lfrwp_init.a -llibc.a 
<Linking>
Finished building target: "Practical1_AddressingModes_Jones.out"
 

**** Build Finished ****

**** Build of configuration Debug for project Practical1_AddressingModes_Jones ****

"C:\\ti\\ccs1281\\ccs\\utils\\bin\\gmake" -k -j 8 all -O 
 
Building file: "../Practical1main.asm"
Invoking: MSP430 Compiler
"C:/ti/ccs1281/ccs/tools/compiler/ti-cgt-msp430_21.6.1.LTS/bin/cl430" -vmspx --code_model=small --data_model=small --use_hw_mpy=F5 --include_path="C:/ti/ccs1281/ccs/ccs_base/msp430/include" --include_path="C:/ALL_STORAGE_HERE/Classwork/Spring 2026/Microproccesors/CCS Workspace/Practical1_AddressingModes_Jones" --include_path="C:/ti/ccs1281/ccs/tools/compiler/ti-cgt-msp430_21.6.1.LTS/include" --advice:power=all --advice:hw_config=all --define=__MSP430FR2355__ --define=_FRWP_ENABLE --define=_INFO_FRWP_ENABLE -g --printf_support=minimal --diag_warning=225 --diag_wrap=off --display_error_number --silicon_errata=CPU21 --silicon_errata=CPU22 --silicon_errata=CPU40 --preproc_with_compile --preproc_dependency="Practical1main.d_raw"  "../Practical1main.asm"
No Assembly Errors, 1 Assembly Warning
"../Practical1main.asm", WARNING! at line 42: [W5369] Silicon Errata CPU40: A jump instruction at the end of a section should be followed by a NOP.
				jmp 	main
 
Finished building: "../Practical1main.asm"
 
Building target: "Practical1_AddressingModes_Jones.out"
Invoking: MSP430 Linker
"C:/ti/ccs1281/ccs/tools/compiler/ti-cgt-msp430_21.6.1.LTS/bin/cl430" -vmspx --code_model=small --data_model=small --use_hw_mpy=F5 --advice:power=all --advice:hw_config=all --define=__MSP430FR2355__ --define=_FRWP_ENABLE --define=_INFO_FRWP_ENABLE -g --printf_support=minimal --diag_warning=225 --diag_wrap=off --display_error_number --silicon_errata=CPU21 --silicon_errata=CPU22 --silicon_errata=CPU40 -z -m"Practical1_AddressingModes_Jones.map" --heap_size=0 --stack_size=0 --cinit_hold_wdt=on -i"C:/ti/ccs1281/ccs/ccs_base/msp430/include" -i"C:/ti/ccs1281/ccs/ccs_base/msp430/lib/FR2xx" -i"C:/ti/ccs1281/ccs/tools/compiler/ti-cgt-msp430_21.6.1.LTS/lib" -i"C:/ti/ccs1281/ccs/tools/compiler/ti-cgt-msp430_21.6.1.LTS/include" --priority --reread_libs --define=_FRWP_ENABLE --define=_INFO_FRWP_ENABLE --diag_wrap=off --display_error_number --warn_sections --xml_link_info="Practical1_AddressingModes_Jones_linkInfo.xml" --entry_point=RESET --use_hw_mpy=F5 -o "Practical1_AddressingModes_Jones.out" "./Practical1main.obj" "../lnk_msp430fr2355.cmd"  -lfrwp_init.a -llibc.a 
<Linking>
Finished building target: "Practical1_AddressingModes_Jones.out"
 

**** Build Finished ****

**** Build of configuration Debug for project Practical1_AddressingModes_Jones ****

"C:\\ti\\ccs1281\\ccs\\utils\\bin\\gmake" -k -j 8 all -O 
 
Building file: "../Practical1main.asm"
Invoking: MSP430 Compiler
"C:/ti/ccs1281/ccs/tools/compiler/ti-cgt-msp430_21.6.1.LTS/bin/cl430" -vmspx --code_model=small --data_model=small --use_hw_mpy=F5 --include_path="C:/ti/ccs1281/ccs/ccs_base/msp430/include" --include_path="C:/ALL_STORAGE_HERE/Classwork/Spring 2026/Microproccesors/CCS Workspace/Practical1_AddressingModes_Jones" --include_path="C:/ti/ccs1281/ccs/tools/compiler/ti-cgt-msp430_21.6.1.LTS/include" --advice:power=all --advice:hw_config=all --define=__MSP430FR2355__ --define=_FRWP_ENABLE --define=_INFO_FRWP_ENABLE -g --printf_support=minimal --diag_warning=225 --diag_wrap=off --display_error_number --silicon_errata=CPU21 --silicon_errata=CPU22 --silicon_errata=CPU40 --preproc_with_compile --preproc_dependency="Practical1main.d_raw"  "../Practical1main.asm"
No Assembly Errors, 1 Assembly Warning
"../Practical1main.asm", WARNING! at line 43: [W5369] Silicon Errata CPU40: A jump instruction at the end of a section should be followed by a NOP.
				jmp 	main
 
Finished building: "../Practical1main.asm"
 
Building target: "Practical1_AddressingModes_Jones.out"
Invoking: MSP430 Linker
"C:/ti/ccs1281/ccs/tools/compiler/ti-cgt-msp430_21.6.1.LTS/bin/cl430" -vmspx --code_model=small --data_model=small --use_hw_mpy=F5 --advice:power=all --advice:hw_config=all --define=__MSP430FR2355__ --define=_FRWP_ENABLE --define=_INFO_FRWP_ENABLE -g --printf_support=minimal --diag_warning=225 --diag_wrap=off --display_error_number --silicon_errata=CPU21 --silicon_errata=CPU22 --silicon_errata=CPU40 -z -m"Practical1_AddressingModes_Jones.map" --heap_size=0 --stack_size=0 --cinit_hold_wdt=on -i"C:/ti/ccs1281/ccs/ccs_base/msp430/include" -i"C:/ti/ccs1281/ccs/ccs_base/msp430/lib/FR2xx" -i"C:/ti/ccs1281/ccs/tools/compiler/ti-cgt-msp430_21.6.1.LTS/lib" -i"C:/ti/ccs1281/ccs/tools/compiler/ti-cgt-msp430_21.6.1.LTS/include" --priority --reread_libs --define=_FRWP_ENABLE --define=_INFO_FRWP_ENABLE --diag_wrap=off --display_error_number --warn_sections --xml_link_info="Practical1_AddressingModes_Jones_linkInfo.xml" --entry_point=RESET --use_hw_mpy=F5 -o "Practical1_AddressingModes_Jones.out" "./Practical1main.obj" "../lnk_msp430fr2355.cmd"  -lfrwp_init.a -llibc.a 
<Linking>
Finished building target: "Practical1_AddressingModes_Jones.out"
 

**** Build Finished ****

**** Build of configuration Debug for project Practical1_AddressingModes_Jones ****

"C:\\ti\\ccs1281\\ccs\\utils\\bin\\gmake" -k -j 8 all -O 
 
Building file: "../Practical1main.asm"
Invoking: MSP430 Compiler
"C:/ti/ccs1281/ccs/tools/compiler/ti-cgt-msp430_21.6.1.LTS/bin/cl430" -vmspx --code_model=small --data_model=small --use_hw_mpy=F5 --include_path="C:/ti/ccs1281/ccs/ccs_base/msp430/include" --include_path="C:/ALL_STORAGE_HERE/Classwork/Spring 2026/Microproccesors/CCS Workspace/Practical1_AddressingModes_Jones" --include_path="C:/ti/ccs1281/ccs/tools/compiler/ti-cgt-msp430_21.6.1.LTS/include" --advice:power=all --advice:hw_config=all --define=__MSP430FR2355__ --define=_FRWP_ENABLE --define=_INFO_FRWP_ENABLE -g --printf_support=minimal --diag_warning=225 --diag_wrap=off --display_error_number --silicon_errata=CPU21 --silicon_errata=CPU22 --silicon_errata=CPU40 --preproc_with_compile --preproc_dependency="Practical1main.d_raw"  "../Practical1main.asm"
No Assembly Errors, 1 Assembly Warning
"../Practical1main.asm", WARNING! at line 44: [W5369] Silicon Errata CPU40: A jump instruction at the end of a section should be followed by a NOP.
				jmp 	main
 
Finished building: "../Practical1main.asm"
 
Building target: "Practical1_AddressingModes_Jones.out"
Invoking: MSP430 Linker
"C:/ti/ccs1281/ccs/tools/compiler/ti-cgt-msp430_21.6.1.LTS/bin/cl430" -vmspx --code_model=small --data_model=small --use_hw_mpy=F5 --advice:power=all --advice:hw_config=all --define=__MSP430FR2355__ --define=_FRWP_ENABLE --define=_INFO_FRWP_ENABLE -g --printf_support=minimal --diag_warning=225 --diag_wrap=off --display_error_number --silicon_errata=CPU21 --silicon_errata=CPU22 --silicon_errata=CPU40 -z -m"Practical1_AddressingModes_Jones.map" --heap_size=0 --stack_size=0 --cinit_hold_wdt=on -i"C:/ti/ccs1281/ccs/ccs_base/msp430/include" -i"C:/ti/ccs1281/ccs/ccs_base/msp430/lib/FR2xx" -i"C:/ti/ccs1281/ccs/tools/compiler/ti-cgt-msp430_21.6.1.LTS/lib" -i"C:/ti/ccs1281/ccs/tools/compiler/ti-cgt-msp430_21.6.1.LTS/include" --priority --reread_libs --define=_FRWP_ENABLE --define=_INFO_FRWP_ENABLE --diag_wrap=off --display_error_number --warn_sections --xml_link_info="Practical1_AddressingModes_Jones_linkInfo.xml" --entry_point=RESET --use_hw_mpy=F5 -o "Practical1_AddressingModes_Jones.out" "./Practical1main.obj" "../lnk_msp430fr2355.cmd"  -lfrwp_init.a -llibc.a 
<Linking>
Finished building target: "Practical1_AddressingModes_Jones.out"
 

**** Build Finished ****

**** Build of configuration Debug for project Practical1_AddressingModes_Jones ****

"C:\\ti\\ccs1281\\ccs\\utils\\bin\\gmake" -k -j 8 all -O 
 
Building file: "../Practical1main.asm"
Invoking: MSP430 Compiler
"C:/ti/ccs1281/ccs/tools/compiler/ti-cgt-msp430_21.6.1.LTS/bin/cl430" -vmspx --code_model=small --data_model=small --use_hw_mpy=F5 --include_path="C:/ti/ccs1281/ccs/ccs_base/msp430/include" --include_path="C:/ALL_STORAGE_HERE/Classwork/Spring 2026/Microproccesors/CCS Workspace/Practical1_AddressingModes_Jones" --include_path="C:/ti/ccs1281/ccs/tools/compiler/ti-cgt-msp430_21.6.1.LTS/include" --advice:power=all --advice:hw_config=all --define=__MSP430FR2355__ --define=_FRWP_ENABLE --define=_INFO_FRWP_ENABLE -g --printf_support=minimal --diag_warning=225 --diag_wrap=off --display_error_number --silicon_errata=CPU21 --silicon_errata=CPU22 --silicon_errata=CPU40 --preproc_with_compile --preproc_dependency="Practical1main.d_raw"  "../Practical1main.asm"
No Assembly Errors, 1 Assembly Warning
"../Practical1main.asm", WARNING! at line 44: [W5369] Silicon Errata CPU40: A jump instruction at the end of a section should be followed by a NOP.
				jmp 	main
 
Finished building: "../Practical1main.asm"
 
Building target: "Practical1_AddressingModes_Jones.out"
Invoking: MSP430 Linker
"C:/ti/ccs1281/ccs/tools/compiler/ti-cgt-msp430_21.6.1.LTS/bin/cl430" -vmspx --code_model=small --data_model=small --use_hw_mpy=F5 --advice:power=all --advice:hw_config=all --define=__MSP430FR2355__ --define=_FRWP_ENABLE --define=_INFO_FRWP_ENABLE -g --printf_support=minimal --diag_warning=225 --diag_wrap=off --display_error_number --silicon_errata=CPU21 --silicon_errata=CPU22 --silicon_errata=CPU40 -z -m"Practical1_AddressingModes_Jones.map" --heap_size=0 --stack_size=0 --cinit_hold_wdt=on -i"C:/ti/ccs1281/ccs/ccs_base/msp430/include" -i"C:/ti/ccs1281/ccs/ccs_base/msp430/lib/FR2xx" -i"C:/ti/ccs1281/ccs/tools/compiler/ti-cgt-msp430_21.6.1.LTS/lib" -i"C:/ti/ccs1281/ccs/tools/compiler/ti-cgt-msp430_21.6.1.LTS/include" --priority --reread_libs --define=_FRWP_ENABLE --define=_INFO_FRWP_ENABLE --diag_wrap=off --display_error_number --warn_sections --xml_link_info="Practical1_AddressingModes_Jones_linkInfo.xml" --entry_point=RESET --use_hw_mpy=F5 -o "Practical1_AddressingModes_Jones.out" "./Practical1main.obj" "../lnk_msp430fr2355.cmd"  -lfrwp_init.a -llibc.a 
<Linking>
Finished building target: "Practical1_AddressingModes_Jones.out"
 

**** Build Finished ****

**** Build of configuration Debug for project Practical1_AddressingModes_Jones ****

"C:\\ti\\ccs1281\\ccs\\utils\\bin\\gmake" -k -j 8 all -O 
 
gmake[1]: 'Practical1_AddressingModes_Jones.out' is up to date.

**** Build Finished ****

**** Build of configuration Debug for project Lab7.3_ASM_Rotate-Instruct_Jones ****

"C:\\ti\\ccs1281\\ccs\\utils\\bin\\gmake" -k -j 8 all -O 
 
Building file: "../Lab7.3main.asm"
Invoking: MSP430 Compiler
"C:/ti/ccs1281/ccs/tools/compiler/ti-cgt-msp430_21.6.1.LTS/bin/cl430" -vmspx --code_model=small --data_model=small --use_hw_mpy=F5 --include_path="C:/ti/ccs1281/ccs/ccs_base/msp430/include" --include_path="C:/ALL_STORAGE_HERE/Classwork/Spring 2026/Microproccesors/CCS Workspace/Lab7.3_ASM_Rotate-Instruct_Jones" --include_path="C:/ti/ccs1281/ccs/tools/compiler/ti-cgt-msp430_21.6.1.LTS/include" --advice:power=all --advice:hw_config=all --define=__MSP430FR2355__ --define=_FRWP_ENABLE --define=_INFO_FRWP_ENABLE -g --printf_support=minimal --diag_warning=225 --diag_wrap=off --display_error_number --silicon_errata=CPU21 --silicon_errata=CPU22 --silicon_errata=CPU40 --preproc_with_compile --preproc_dependency="Lab7.3main.d_raw"  "../Lab7.3main.asm"
No Assembly Errors, 1 Assembly Warning
"../Lab7.3main.asm", WARNING! at line 61: [W5369] Silicon Errata CPU40: A jump instruction at the end of a section should be followed by a NOP.
				jmp		main
 
Finished building: "../Lab7.3main.asm"
 
Building target: "Lab7.3_ASM_Rotate-Instruct_Jones.out"
Invoking: MSP430 Linker
"C:/ti/ccs1281/ccs/tools/compiler/ti-cgt-msp430_21.6.1.LTS/bin/cl430" -vmspx --code_model=small --data_model=small --use_hw_mpy=F5 --advice:power=all --advice:hw_config=all --define=__MSP430FR2355__ --define=_FRWP_ENABLE --define=_INFO_FRWP_ENABLE -g --printf_support=minimal --diag_warning=225 --diag_wrap=off --display_error_number --silicon_errata=CPU21 --silicon_errata=CPU22 --silicon_errata=CPU40 -z -m"Lab7.3_ASM_Rotate-Instruct_Jones.map" --heap_size=0 --stack_size=0 --cinit_hold_wdt=on -i"C:/ti/ccs1281/ccs/ccs_base/msp430/include" -i"C:/ti/ccs1281/ccs/ccs_base/msp430/lib/FR2xx" -i"C:/ti/ccs1281/ccs/tools/compiler/ti-cgt-msp430_21.6.1.LTS/lib" -i"C:/ti/ccs1281/ccs/tools/compiler/ti-cgt-msp430_21.6.1.LTS/include" --priority --reread_libs --define=_FRWP_ENABLE --define=_INFO_FRWP_ENABLE --diag_wrap=off --display_error_number --warn_sections --xml_link_info="Lab7.3_ASM_Rotate-Instruct_Jones_linkInfo.xml" --entry_point=RESET --use_hw_mpy=F5 -o "Lab7.3_ASM_Rotate-Instruct_Jones.out" "./Lab7.3main.obj" "../lnk_msp430fr2355.cmd"  -lfrwp_init.a -llibc.a 
<Linking>
Finished building target: "Lab7.3_ASM_Rotate-Instruct_Jones.out"
 

**** Build Finished ****

**** Build of configuration Debug for project Lab7.3_ASM_Rotate-Instruct_Jones ****

"C:\\ti\\ccs1281\\ccs\\utils\\bin\\gmake" -k -j 8 all -O 
 
Building file: "../Lab7.3main.asm"
Invoking: MSP430 Compiler
"C:/ti/ccs1281/ccs/tools/compiler/ti-cgt-msp430_21.6.1.LTS/bin/cl430" -vmspx --code_model=small --data_model=small --use_hw_mpy=F5 --include_path="C:/ti/ccs1281/ccs/ccs_base/msp430/include" --include_path="C:/ALL_STORAGE_HERE/Classwork/Spring 2026/Microproccesors/CCS Workspace/Lab7.3_ASM_Rotate-Instruct_Jones" --include_path="C:/ti/ccs1281/ccs/tools/compiler/ti-cgt-msp430_21.6.1.LTS/include" --advice:power=all --advice:hw_config=all --define=__MSP430FR2355__ --define=_FRWP_ENABLE --define=_INFO_FRWP_ENABLE -g --printf_support=minimal --diag_warning=225 --diag_wrap=off --display_error_number --silicon_errata=CPU21 --silicon_errata=CPU22 --silicon_errata=CPU40 --preproc_with_compile --preproc_dependency="Lab7.3main.d_raw"  "../Lab7.3main.asm"
No Assembly Errors, 1 Assembly Warning
"../Lab7.3main.asm", WARNING! at line 61: [W5369] Silicon Errata CPU40: A jump instruction at the end of a section should be followed by a NOP.
				jmp		main
 
Finished building: "../Lab7.3main.asm"
 
Building target: "Lab7.3_ASM_Rotate-Instruct_Jones.out"
Invoking: MSP430 Linker
"C:/ti/ccs1281/ccs/tools/compiler/ti-cgt-msp430_21.6.1.LTS/bin/cl430" -vmspx --code_model=small --data_model=small --use_hw_mpy=F5 --advice:power=all --advice:hw_config=all --define=__MSP430FR2355__ --define=_FRWP_ENABLE --define=_INFO_FRWP_ENABLE -g --printf_support=minimal --diag_warning=225 --diag_wrap=off --display_error_number --silicon_errata=CPU21 --silicon_errata=CPU22 --silicon_errata=CPU40 -z -m"Lab7.3_ASM_Rotate-Instruct_Jones.map" --heap_size=0 --stack_size=0 --cinit_hold_wdt=on -i"C:/ti/ccs1281/ccs/ccs_base/msp430/include" -i"C:/ti/ccs1281/ccs/ccs_base/msp430/lib/FR2xx" -i"C:/ti/ccs1281/ccs/tools/compiler/ti-cgt-msp430_21.6.1.LTS/lib" -i"C:/ti/ccs1281/ccs/tools/compiler/ti-cgt-msp430_21.6.1.LTS/include" --priority --reread_libs --define=_FRWP_ENABLE --define=_INFO_FRWP_ENABLE --diag_wrap=off --display_error_number --warn_sections --xml_link_info="Lab7.3_ASM_Rotate-Instruct_Jones_linkInfo.xml" --entry_point=RESET --use_hw_mpy=F5 -o "Lab7.3_ASM_Rotate-Instruct_Jones.out" "./Lab7.3main.obj" "../lnk_msp430fr2355.cmd"  -lfrwp_init.a -llibc.a 
<Linking>
Finished building target: "Lab7.3_ASM_Rotate-Instruct_Jones.out"
 

**** Build Finished ****

**** Build of configuration Debug for project Lab7.3_ASM_Rotate-Instruct_Jones ****

"C:\\ti\\ccs1281\\ccs\\utils\\bin\\gmake" -k -j 8 all -O 
 
Building file: "../Lab7.3main.asm"
Invoking: MSP430 Compiler
"C:/ti/ccs1281/ccs/tools/compiler/ti-cgt-msp430_21.6.1.LTS/bin/cl430" -vmspx --code_model=small --data_model=small --use_hw_mpy=F5 --include_path="C:/ti/ccs1281/ccs/ccs_base/msp430/include" --include_path="C:/ALL_STORAGE_HERE/Classwork/Spring 2026/Microproccesors/CCS Workspace/Lab7.3_ASM_Rotate-Instruct_Jones" --include_path="C:/ti/ccs1281/ccs/tools/compiler/ti-cgt-msp430_21.6.1.LTS/include" --advice:power=all --advice:hw_config=all --define=__MSP430FR2355__ --define=_FRWP_ENABLE --define=_INFO_FRWP_ENABLE -g --printf_support=minimal --diag_warning=225 --diag_wrap=off --display_error_number --silicon_errata=CPU21 --silicon_errata=CPU22 --silicon_errata=CPU40 --preproc_with_compile --preproc_dependency="Lab7.3main.d_raw"  "../Lab7.3main.asm"
No Assembly Errors, 1 Assembly Warning
"../Lab7.3main.asm", WARNING! at line 62: [W5369] Silicon Errata CPU40: A jump instruction at the end of a section should be followed by a NOP.
				jmp		main
 
Finished building: "../Lab7.3main.asm"
 
Building target: "Lab7.3_ASM_Rotate-Instruct_Jones.out"
Invoking: MSP430 Linker
"C:/ti/ccs1281/ccs/tools/compiler/ti-cgt-msp430_21.6.1.LTS/bin/cl430" -vmspx --code_model=small --data_model=small --use_hw_mpy=F5 --advice:power=all --advice:hw_config=all --define=__MSP430FR2355__ --define=_FRWP_ENABLE --define=_INFO_FRWP_ENABLE -g --printf_support=minimal --diag_warning=225 --diag_wrap=off --display_error_number --silicon_errata=CPU21 --silicon_errata=CPU22 --silicon_errata=CPU40 -z -m"Lab7.3_ASM_Rotate-Instruct_Jones.map" --heap_size=0 --stack_size=0 --cinit_hold_wdt=on -i"C:/ti/ccs1281/ccs/ccs_base/msp430/include" -i"C:/ti/ccs1281/ccs/ccs_base/msp430/lib/FR2xx" -i"C:/ti/ccs1281/ccs/tools/compiler/ti-cgt-msp430_21.6.1.LTS/lib" -i"C:/ti/ccs1281/ccs/tools/compiler/ti-cgt-msp430_21.6.1.LTS/include" --priority --reread_libs --define=_FRWP_ENABLE --define=_INFO_FRWP_ENABLE --diag_wrap=off --display_error_number --warn_sections --xml_link_info="Lab7.3_ASM_Rotate-Instruct_Jones_linkInfo.xml" --entry_point=RESET --use_hw_mpy=F5 -o "Lab7.3_ASM_Rotate-Instruct_Jones.out" "./Lab7.3main.obj" "../lnk_msp430fr2355.cmd"  -lfrwp_init.a -llibc.a 
<Linking>
Finished building target: "Lab7.3_ASM_Rotate-Instruct_Jones.out"
 

**** Build Finished ****

**** Build of configuration Debug for project Lab7.3_ASM_Rotate-Instruct_Jones ****

"C:\\ti\\ccs1281\\ccs\\utils\\bin\\gmake" -k -j 8 all -O 
 
Building file: "../Lab7.3main.asm"
Invoking: MSP430 Compiler
"C:/ti/ccs1281/ccs/tools/compiler/ti-cgt-msp430_21.6.1.LTS/bin/cl430" -vmspx --code_model=small --data_model=small --use_hw_mpy=F5 --include_path="C:/ti/ccs1281/ccs/ccs_base/msp430/include" --include_path="C:/ALL_STORAGE_HERE/Classwork/Spring 2026/Microproccesors/CCS Workspace/Lab7.3_ASM_Rotate-Instruct_Jones" --include_path="C:/ti/ccs1281/ccs/tools/compiler/ti-cgt-msp430_21.6.1.LTS/include" --advice:power=all --advice:hw_config=all --define=__MSP430FR2355__ --define=_FRWP_ENABLE --define=_INFO_FRWP_ENABLE -g --printf_support=minimal --diag_warning=225 --diag_wrap=off --display_error_number --silicon_errata=CPU21 --silicon_errata=CPU22 --silicon_errata=CPU40 --preproc_with_compile --preproc_dependency="Lab7.3main.d_raw"  "../Lab7.3main.asm"
No Assembly Errors, 1 Assembly Warning
"../Lab7.3main.asm", WARNING! at line 64: [W5369] Silicon Errata CPU40: A jump instruction at the end of a section should be followed by a NOP.
				jmp		main
 
Finished building: "../Lab7.3main.asm"
 
Building target: "Lab7.3_ASM_Rotate-Instruct_Jones.out"
Invoking: MSP430 Linker
"C:/ti/ccs1281/ccs/tools/compiler/ti-cgt-msp430_21.6.1.LTS/bin/cl430" -vmspx --code_model=small --data_model=small --use_hw_mpy=F5 --advice:power=all --advice:hw_config=all --define=__MSP430FR2355__ --define=_FRWP_ENABLE --define=_INFO_FRWP_ENABLE -g --printf_support=minimal --diag_warning=225 --diag_wrap=off --display_error_number --silicon_errata=CPU21 --silicon_errata=CPU22 --silicon_errata=CPU40 -z -m"Lab7.3_ASM_Rotate-Instruct_Jones.map" --heap_size=0 --stack_size=0 --cinit_hold_wdt=on -i"C:/ti/ccs1281/ccs/ccs_base/msp430/include" -i"C:/ti/ccs1281/ccs/ccs_base/msp430/lib/FR2xx" -i"C:/ti/ccs1281/ccs/tools/compiler/ti-cgt-msp430_21.6.1.LTS/lib" -i"C:/ti/ccs1281/ccs/tools/compiler/ti-cgt-msp430_21.6.1.LTS/include" --priority --reread_libs --define=_FRWP_ENABLE --define=_INFO_FRWP_ENABLE --diag_wrap=off --display_error_number --warn_sections --xml_link_info="Lab7.3_ASM_Rotate-Instruct_Jones_linkInfo.xml" --entry_point=RESET --use_hw_mpy=F5 -o "Lab7.3_ASM_Rotate-Instruct_Jones.out" "./Lab7.3main.obj" "../lnk_msp430fr2355.cmd"  -lfrwp_init.a -llibc.a 
<Linking>
Finished building target: "Lab7.3_ASM_Rotate-Instruct_Jones.out"
 

**** Build Finished ****

**** Build of configuration Debug for project Lab7.3_ASM_Rotate-Instruct_Jones ****

"C:\\ti\\ccs1281\\ccs\\utils\\bin\\gmake" -k -j 8 all -O 
 
Building file: "../Lab7.3main.asm"
Invoking: MSP430 Compiler
"C:/ti/ccs1281/ccs/tools/compiler/ti-cgt-msp430_21.6.1.LTS/bin/cl430" -vmspx --code_model=small --data_model=small --use_hw_mpy=F5 --include_path="C:/ti/ccs1281/ccs/ccs_base/msp430/include" --include_path="C:/ALL_STORAGE_HERE/Classwork/Spring 2026/Microproccesors/CCS Workspace/Lab7.3_ASM_Rotate-Instruct_Jones" --include_path="C:/ti/ccs1281/ccs/tools/compiler/ti-cgt-msp430_21.6.1.LTS/include" --advice:power=all --advice:hw_config=all --define=__MSP430FR2355__ --define=_FRWP_ENABLE --define=_INFO_FRWP_ENABLE -g --printf_support=minimal --diag_warning=225 --diag_wrap=off --display_error_number --silicon_errata=CPU21 --silicon_errata=CPU22 --silicon_errata=CPU40 --preproc_with_compile --preproc_dependency="Lab7.3main.d_raw"  "../Lab7.3main.asm"
No Assembly Errors, 1 Assembly Warning
"../Lab7.3main.asm", WARNING! at line 61: [W5369] Silicon Errata CPU40: A jump instruction at the end of a section should be followed by a NOP.
				jmp		main
 
Finished building: "../Lab7.3main.asm"
 
Building target: "Lab7.3_ASM_Rotate-Instruct_Jones.out"
Invoking: MSP430 Linker
"C:/ti/ccs1281/ccs/tools/compiler/ti-cgt-msp430_21.6.1.LTS/bin/cl430" -vmspx --code_model=small --data_model=small --use_hw_mpy=F5 --advice:power=all --advice:hw_config=all --define=__MSP430FR2355__ --define=_FRWP_ENABLE --define=_INFO_FRWP_ENABLE -g --printf_support=minimal --diag_warning=225 --diag_wrap=off --display_error_number --silicon_errata=CPU21 --silicon_errata=CPU22 --silicon_errata=CPU40 -z -m"Lab7.3_ASM_Rotate-Instruct_Jones.map" --heap_size=0 --stack_size=0 --cinit_hold_wdt=on -i"C:/ti/ccs1281/ccs/ccs_base/msp430/include" -i"C:/ti/ccs1281/ccs/ccs_base/msp430/lib/FR2xx" -i"C:/ti/ccs1281/ccs/tools/compiler/ti-cgt-msp430_21.6.1.LTS/lib" -i"C:/ti/ccs1281/ccs/tools/compiler/ti-cgt-msp430_21.6.1.LTS/include" --priority --reread_libs --define=_FRWP_ENABLE --define=_INFO_FRWP_ENABLE --diag_wrap=off --display_error_number --warn_sections --xml_link_info="Lab7.3_ASM_Rotate-Instruct_Jones_linkInfo.xml" --entry_point=RESET --use_hw_mpy=F5 -o "Lab7.3_ASM_Rotate-Instruct_Jones.out" "./Lab7.3main.obj" "../lnk_msp430fr2355.cmd"  -lfrwp_init.a -llibc.a 
<Linking>
Finished building target: "Lab7.3_ASM_Rotate-Instruct_Jones.out"
 

**** Build Finished ****

**** Build of configuration Debug for project Lab7.3_ASM_Rotate-Instruct_Jones ****

"C:\\ti\\ccs1281\\ccs\\utils\\bin\\gmake" -k -j 8 all -O 
 
Building file: "../Lab7.3main.asm"
Invoking: MSP430 Compiler
"C:/ti/ccs1281/ccs/tools/compiler/ti-cgt-msp430_21.6.1.LTS/bin/cl430" -vmspx --code_model=small --data_model=small --use_hw_mpy=F5 --include_path="C:/ti/ccs1281/ccs/ccs_base/msp430/include" --include_path="C:/ALL_STORAGE_HERE/Classwork/Spring 2026/Microproccesors/CCS Workspace/Lab7.3_ASM_Rotate-Instruct_Jones" --include_path="C:/ti/ccs1281/ccs/tools/compiler/ti-cgt-msp430_21.6.1.LTS/include" --advice:power=all --advice:hw_config=all --define=__MSP430FR2355__ --define=_FRWP_ENABLE --define=_INFO_FRWP_ENABLE -g --printf_support=minimal --diag_warning=225 --diag_wrap=off --display_error_number --silicon_errata=CPU21 --silicon_errata=CPU22 --silicon_errata=CPU40 --preproc_with_compile --preproc_dependency="Lab7.3main.d_raw"  "../Lab7.3main.asm"
Finished building: "../Lab7.3main.asm"
 
Building target: "Lab7.3_ASM_Rotate-Instruct_Jones.out"
Invoking: MSP430 Linker
"C:/ti/ccs1281/ccs/tools/compiler/ti-cgt-msp430_21.6.1.LTS/bin/cl430" -vmspx --code_model=small --data_model=small --use_hw_mpy=F5 --advice:power=all --advice:hw_config=all --define=__MSP430FR2355__ --define=_FRWP_ENABLE --define=_INFO_FRWP_ENABLE -g --printf_support=minimal --diag_warning=225 --diag_wrap=off --display_error_number --silicon_errata=CPU21 --silicon_errata=CPU22 --silicon_errata=CPU40 -z -m"Lab7.3_ASM_Rotate-Instruct_Jones.map" --heap_size=0 --stack_size=0 --cinit_hold_wdt=on -i"C:/ti/ccs1281/ccs/ccs_base/msp430/include" -i"C:/ti/ccs1281/ccs/ccs_base/msp430/lib/FR2xx" -i"C:/ti/ccs1281/ccs/tools/compiler/ti-cgt-msp430_21.6.1.LTS/lib" -i"C:/ti/ccs1281/ccs/tools/compiler/ti-cgt-msp430_21.6.1.LTS/include" --priority --reread_libs --define=_FRWP_ENABLE --define=_INFO_FRWP_ENABLE --diag_wrap=off --display_error_number --warn_sections --xml_link_info="Lab7.3_ASM_Rotate-Instruct_Jones_linkInfo.xml" --entry_point=RESET --use_hw_mpy=F5 -o "Lab7.3_ASM_Rotate-Instruct_Jones.out" "./Lab7.3main.obj" "../lnk_msp430fr2355.cmd"  -lfrwp_init.a -llibc.a 
<Linking>
Finished building target: "Lab7.3_ASM_Rotate-Instruct_Jones.out"
 

**** Build Finished ****

**** Build of configuration Debug for project Lab7.3_ASM_Rotate-Instruct_Jones ****

"C:\\ti\\ccs1281\\ccs\\utils\\bin\\gmake" -k -j 8 all -O 
 
Building file: "../Lab7.3main.asm"
Invoking: MSP430 Compiler
"C:/ti/ccs1281/ccs/tools/compiler/ti-cgt-msp430_21.6.1.LTS/bin/cl430" -vmspx --code_model=small --data_model=small --use_hw_mpy=F5 --include_path="C:/ti/ccs1281/ccs/ccs_base/msp430/include" --include_path="C:/ALL_STORAGE_HERE/Classwork/Spring 2026/Microproccesors/CCS Workspace/Lab7.3_ASM_Rotate-Instruct_Jones" --include_path="C:/ti/ccs1281/ccs/tools/compiler/ti-cgt-msp430_21.6.1.LTS/include" --advice:power=all --advice:hw_config=all --define=__MSP430FR2355__ --define=_FRWP_ENABLE --define=_INFO_FRWP_ENABLE -g --printf_support=minimal --diag_warning=225 --diag_wrap=off --display_error_number --silicon_errata=CPU21 --silicon_errata=CPU22 --silicon_errata=CPU40 --preproc_with_compile --preproc_dependency="Lab7.3main.d_raw"  "../Lab7.3main.asm"
Finished building: "../Lab7.3main.asm"
 
Building target: "Lab7.3_ASM_Rotate-Instruct_Jones.out"
Invoking: MSP430 Linker
"C:/ti/ccs1281/ccs/tools/compiler/ti-cgt-msp430_21.6.1.LTS/bin/cl430" -vmspx --code_model=small --data_model=small --use_hw_mpy=F5 --advice:power=all --advice:hw_config=all --define=__MSP430FR2355__ --define=_FRWP_ENABLE --define=_INFO_FRWP_ENABLE -g --printf_support=minimal --diag_warning=225 --diag_wrap=off --display_error_number --silicon_errata=CPU21 --silicon_errata=CPU22 --silicon_errata=CPU40 -z -m"Lab7.3_ASM_Rotate-Instruct_Jones.map" --heap_size=0 --stack_size=0 --cinit_hold_wdt=on -i"C:/ti/ccs1281/ccs/ccs_base/msp430/include" -i"C:/ti/ccs1281/ccs/ccs_base/msp430/lib/FR2xx" -i"C:/ti/ccs1281/ccs/tools/compiler/ti-cgt-msp430_21.6.1.LTS/lib" -i"C:/ti/ccs1281/ccs/tools/compiler/ti-cgt-msp430_21.6.1.LTS/include" --priority --reread_libs --define=_FRWP_ENABLE --define=_INFO_FRWP_ENABLE --diag_wrap=off --display_error_number --warn_sections --xml_link_info="Lab7.3_ASM_Rotate-Instruct_Jones_linkInfo.xml" --entry_point=RESET --use_hw_mpy=F5 -o "Lab7.3_ASM_Rotate-Instruct_Jones.out" "./Lab7.3main.obj" "../lnk_msp430fr2355.cmd"  -lfrwp_init.a -llibc.a 
<Linking>
Finished building target: "Lab7.3_ASM_Rotate-Instruct_Jones.out"
 

**** Build Finished ****

**** Build of configuration Debug for project Lab7.3_ASM_Rotate-Instruct_Jones ****

"C:\\ti\\ccs1281\\ccs\\utils\\bin\\gmake" -k -j 8 all -O 
 
Building file: "../Lab7.3main.asm"
Invoking: MSP430 Compiler
"C:/ti/ccs1281/ccs/tools/compiler/ti-cgt-msp430_21.6.1.LTS/bin/cl430" -vmspx --code_model=small --data_model=small --use_hw_mpy=F5 --include_path="C:/ti/ccs1281/ccs/ccs_base/msp430/include" --include_path="C:/ALL_STORAGE_HERE/Classwork/Spring 2026/Microproccesors/CCS Workspace/Lab7.3_ASM_Rotate-Instruct_Jones" --include_path="C:/ti/ccs1281/ccs/tools/compiler/ti-cgt-msp430_21.6.1.LTS/include" --advice:power=all --advice:hw_config=all --define=__MSP430FR2355__ --define=_FRWP_ENABLE --define=_INFO_FRWP_ENABLE -g --printf_support=minimal --diag_warning=225 --diag_wrap=off --display_error_number --silicon_errata=CPU21 --silicon_errata=CPU22 --silicon_errata=CPU40 --preproc_with_compile --preproc_dependency="Lab7.3main.d_raw"  "../Lab7.3main.asm"
No Assembly Errors, 1 Assembly Warning
"../Lab7.3main.asm", WARNING! at line 64: [W5369] Silicon Errata CPU40: A jump instruction at the end of a section should be followed by a NOP.
	            jmp		main
 
Finished building: "../Lab7.3main.asm"
 
Building target: "Lab7.3_ASM_Rotate-Instruct_Jones.out"
Invoking: MSP430 Linker
"C:/ti/ccs1281/ccs/tools/compiler/ti-cgt-msp430_21.6.1.LTS/bin/cl430" -vmspx --code_model=small --data_model=small --use_hw_mpy=F5 --advice:power=all --advice:hw_config=all --define=__MSP430FR2355__ --define=_FRWP_ENABLE --define=_INFO_FRWP_ENABLE -g --printf_support=minimal --diag_warning=225 --diag_wrap=off --display_error_number --silicon_errata=CPU21 --silicon_errata=CPU22 --silicon_errata=CPU40 -z -m"Lab7.3_ASM_Rotate-Instruct_Jones.map" --heap_size=0 --stack_size=0 --cinit_hold_wdt=on -i"C:/ti/ccs1281/ccs/ccs_base/msp430/include" -i"C:/ti/ccs1281/ccs/ccs_base/msp430/lib/FR2xx" -i"C:/ti/ccs1281/ccs/tools/compiler/ti-cgt-msp430_21.6.1.LTS/lib" -i"C:/ti/ccs1281/ccs/tools/compiler/ti-cgt-msp430_21.6.1.LTS/include" --priority --reread_libs --define=_FRWP_ENABLE --define=_INFO_FRWP_ENABLE --diag_wrap=off --display_error_number --warn_sections --xml_link_info="Lab7.3_ASM_Rotate-Instruct_Jones_linkInfo.xml" --entry_point=RESET --use_hw_mpy=F5 -o "Lab7.3_ASM_Rotate-Instruct_Jones.out" "./Lab7.3main.obj" "../lnk_msp430fr2355.cmd"  -lfrwp_init.a -llibc.a 
<Linking>
Finished building target: "Lab7.3_ASM_Rotate-Instruct_Jones.out"
 

**** Build Finished ****

**** Build of configuration Debug for project Lab7.3_ASM_Rotate-Instruct_Jones ****

"C:\\ti\\ccs1281\\ccs\\utils\\bin\\gmake" -k -j 8 all -O 
 
gmake[1]: 'Lab7.3_ASM_Rotate-Instruct_Jones.out' is up to date.

**** Build Finished ****

**** Build of configuration Debug for project Lab7.3_ASM_Rotate-Instruct_Jones ****

"C:\\ti\\ccs1281\\ccs\\utils\\bin\\gmake" -k -j 8 all -O 
 
gmake[1]: 'Lab7.3_ASM_Rotate-Instruct_Jones.out' is up to date.

**** Build Finished ****

**** Build of configuration Debug for project Lab7.3_ASM_Rotate-Instruct_Jones ****

"C:\\ti\\ccs1281\\ccs\\utils\\bin\\gmake" -k -j 8 all -O 
 
Building file: "../Lab7.3main.asm"
Invoking: MSP430 Compiler
"C:/ti/ccs1281/ccs/tools/compiler/ti-cgt-msp430_21.6.1.LTS/bin/cl430" -vmspx --code_model=small --data_model=small --use_hw_mpy=F5 --include_path="C:/ti/ccs1281/ccs/ccs_base/msp430/include" --include_path="C:/ALL_STORAGE_HERE/Classwork/Spring 2026/Microproccesors/CCS Workspace/Lab7.3_ASM_Rotate-Instruct_Jones" --include_path="C:/ti/ccs1281/ccs/tools/compiler/ti-cgt-msp430_21.6.1.LTS/include" --advice:power=all --advice:hw_config=all --define=__MSP430FR2355__ --define=_FRWP_ENABLE --define=_INFO_FRWP_ENABLE -g --printf_support=minimal --diag_warning=225 --diag_wrap=off --display_error_number --silicon_errata=CPU21 --silicon_errata=CPU22 --silicon_errata=CPU40 --preproc_with_compile --preproc_dependency="Lab7.3main.d_raw"  "../Lab7.3main.asm"
No Assembly Errors, 1 Assembly Warning
"../Lab7.3main.asm", WARNING! at line 64: [W5369] Silicon Errata CPU40: A jump instruction at the end of a section should be followed by a NOP.
	            jmp		main
 
Finished building: "../Lab7.3main.asm"
 
Building target: "Lab7.3_ASM_Rotate-Instruct_Jones.out"
Invoking: MSP430 Linker
"C:/ti/ccs1281/ccs/tools/compiler/ti-cgt-msp430_21.6.1.LTS/bin/cl430" -vmspx --code_model=small --data_model=small --use_hw_mpy=F5 --advice:power=all --advice:hw_config=all --define=__MSP430FR2355__ --define=_FRWP_ENABLE --define=_INFO_FRWP_ENABLE -g --printf_support=minimal --diag_warning=225 --diag_wrap=off --display_error_number --silicon_errata=CPU21 --silicon_errata=CPU22 --silicon_errata=CPU40 -z -m"Lab7.3_ASM_Rotate-Instruct_Jones.map" --heap_size=0 --stack_size=0 --cinit_hold_wdt=on -i"C:/ti/ccs1281/ccs/ccs_base/msp430/include" -i"C:/ti/ccs1281/ccs/ccs_base/msp430/lib/FR2xx" -i"C:/ti/ccs1281/ccs/tools/compiler/ti-cgt-msp430_21.6.1.LTS/lib" -i"C:/ti/ccs1281/ccs/tools/compiler/ti-cgt-msp430_21.6.1.LTS/include" --priority --reread_libs --define=_FRWP_ENABLE --define=_INFO_FRWP_ENABLE --diag_wrap=off --display_error_number --warn_sections --xml_link_info="Lab7.3_ASM_Rotate-Instruct_Jones_linkInfo.xml" --entry_point=RESET --use_hw_mpy=F5 -o "Lab7.3_ASM_Rotate-Instruct_Jones.out" "./Lab7.3main.obj" "../lnk_msp430fr2355.cmd"  -lfrwp_init.a -llibc.a 
<Linking>
Finished building target: "Lab7.3_ASM_Rotate-Instruct_Jones.out"
 

**** Build Finished ****

**** Build of configuration Debug for project Lab7.3_ASM_Rotate-Instruct_Jones ****

"C:\\ti\\ccs1281\\ccs\\utils\\bin\\gmake" -k -j 8 all -O 
 
Building file: "../Lab7.3main.asm"
Invoking: MSP430 Compiler
"C:/ti/ccs1281/ccs/tools/compiler/ti-cgt-msp430_21.6.1.LTS/bin/cl430" -vmspx --code_model=small --data_model=small --use_hw_mpy=F5 --include_path="C:/ti/ccs1281/ccs/ccs_base/msp430/include" --include_path="C:/ALL_STORAGE_HERE/Classwork/Spring 2026/Microproccesors/CCS Workspace/Lab7.3_ASM_Rotate-Instruct_Jones" --include_path="C:/ti/ccs1281/ccs/tools/compiler/ti-cgt-msp430_21.6.1.LTS/include" --advice:power=all --advice:hw_config=all --define=__MSP430FR2355__ --define=_FRWP_ENABLE --define=_INFO_FRWP_ENABLE -g --printf_support=minimal --diag_warning=225 --diag_wrap=off --display_error_number --silicon_errata=CPU21 --silicon_errata=CPU22 --silicon_errata=CPU40 --preproc_with_compile --preproc_dependency="Lab7.3main.d_raw"  "../Lab7.3main.asm"
No Assembly Errors, 1 Assembly Warning
"../Lab7.3main.asm", WARNING! at line 60: [W5369] Silicon Errata CPU40: A jump instruction at the end of a section should be followed by a NOP.
	            jmp		main
 
Finished building: "../Lab7.3main.asm"
 
Building target: "Lab7.3_ASM_Rotate-Instruct_Jones.out"
Invoking: MSP430 Linker
"C:/ti/ccs1281/ccs/tools/compiler/ti-cgt-msp430_21.6.1.LTS/bin/cl430" -vmspx --code_model=small --data_model=small --use_hw_mpy=F5 --advice:power=all --advice:hw_config=all --define=__MSP430FR2355__ --define=_FRWP_ENABLE --define=_INFO_FRWP_ENABLE -g --printf_support=minimal --diag_warning=225 --diag_wrap=off --display_error_number --silicon_errata=CPU21 --silicon_errata=CPU22 --silicon_errata=CPU40 -z -m"Lab7.3_ASM_Rotate-Instruct_Jones.map" --heap_size=0 --stack_size=0 --cinit_hold_wdt=on -i"C:/ti/ccs1281/ccs/ccs_base/msp430/include" -i"C:/ti/ccs1281/ccs/ccs_base/msp430/lib/FR2xx" -i"C:/ti/ccs1281/ccs/tools/compiler/ti-cgt-msp430_21.6.1.LTS/lib" -i"C:/ti/ccs1281/ccs/tools/compiler/ti-cgt-msp430_21.6.1.LTS/include" --priority --reread_libs --define=_FRWP_ENABLE --define=_INFO_FRWP_ENABLE --diag_wrap=off --display_error_number --warn_sections --xml_link_info="Lab7.3_ASM_Rotate-Instruct_Jones_linkInfo.xml" --entry_point=RESET --use_hw_mpy=F5 -o "Lab7.3_ASM_Rotate-Instruct_Jones.out" "./Lab7.3main.obj" "../lnk_msp430fr2355.cmd"  -lfrwp_init.a -llibc.a 
<Linking>
Finished building target: "Lab7.3_ASM_Rotate-Instruct_Jones.out"
 

**** Build Finished ****

**** Build of configuration Debug for project Lab7.3_ASM_Rotate-Instruct_Jones ****

"C:\\ti\\ccs1281\\ccs\\utils\\bin\\gmake" -k -j 8 all -O 
 
gmake[1]: 'Lab7.3_ASM_Rotate-Instruct_Jones.out' is up to date.

**** Build Finished ****

**** Build of configuration Debug for project Lab7.3_ASM_Rotate-Instruct_Jones ****

"C:\\ti\\ccs1281\\ccs\\utils\\bin\\gmake" -k -j 8 all -O 
 
gmake[1]: 'Lab7.3_ASM_Rotate-Instruct_Jones.out' is up to date.

**** Build Finished ****

**** Build of configuration Debug for project Lab7.3_ASM_Rotate-Instruct_Jones ****

"C:\\ti\\ccs1281\\ccs\\utils\\bin\\gmake" -k -j 8 all -O 
 
Building file: "../Lab7.3main.asm"
Invoking: MSP430 Compiler
"C:/ti/ccs1281/ccs/tools/compiler/ti-cgt-msp430_21.6.1.LTS/bin/cl430" -vmspx --code_model=small --data_model=small --use_hw_mpy=F5 --include_path="C:/ti/ccs1281/ccs/ccs_base/msp430/include" --include_path="C:/ALL_STORAGE_HERE/Classwork/Spring 2026/Microproccesors/CCS Workspace/Lab7.3_ASM_Rotate-Instruct_Jones" --include_path="C:/ti/ccs1281/ccs/tools/compiler/ti-cgt-msp430_21.6.1.LTS/include" --advice:power=all --advice:hw_config=all --define=__MSP430FR2355__ --define=_FRWP_ENABLE --define=_INFO_FRWP_ENABLE -g --printf_support=minimal --diag_warning=225 --diag_wrap=off --display_error_number --silicon_errata=CPU21 --silicon_errata=CPU22 --silicon_errata=CPU40 --preproc_with_compile --preproc_dependency="Lab7.3main.d_raw"  "../Lab7.3main.asm"
No Assembly Errors, 1 Assembly Warning
"../Lab7.3main.asm", WARNING! at line 62: [W5369] Silicon Errata CPU40: A jump instruction at the end of a section should be followed by a NOP.
	            jmp		main
 
Finished building: "../Lab7.3main.asm"
 
Building target: "Lab7.3_ASM_Rotate-Instruct_Jones.out"
Invoking: MSP430 Linker
"C:/ti/ccs1281/ccs/tools/compiler/ti-cgt-msp430_21.6.1.LTS/bin/cl430" -vmspx --code_model=small --data_model=small --use_hw_mpy=F5 --advice:power=all --advice:hw_config=all --define=__MSP430FR2355__ --define=_FRWP_ENABLE --define=_INFO_FRWP_ENABLE -g --printf_support=minimal --diag_warning=225 --diag_wrap=off --display_error_number --silicon_errata=CPU21 --silicon_errata=CPU22 --silicon_errata=CPU40 -z -m"Lab7.3_ASM_Rotate-Instruct_Jones.map" --heap_size=0 --stack_size=0 --cinit_hold_wdt=on -i"C:/ti/ccs1281/ccs/ccs_base/msp430/include" -i"C:/ti/ccs1281/ccs/ccs_base/msp430/lib/FR2xx" -i"C:/ti/ccs1281/ccs/tools/compiler/ti-cgt-msp430_21.6.1.LTS/lib" -i"C:/ti/ccs1281/ccs/tools/compiler/ti-cgt-msp430_21.6.1.LTS/include" --priority --reread_libs --define=_FRWP_ENABLE --define=_INFO_FRWP_ENABLE --diag_wrap=off --display_error_number --warn_sections --xml_link_info="Lab7.3_ASM_Rotate-Instruct_Jones_linkInfo.xml" --entry_point=RESET --use_hw_mpy=F5 -o "Lab7.3_ASM_Rotate-Instruct_Jones.out" "./Lab7.3main.obj" "../lnk_msp430fr2355.cmd"  -lfrwp_init.a -llibc.a 
<Linking>
Finished building target: "Lab7.3_ASM_Rotate-Instruct_Jones.out"
 

**** Build Finished ****

**** Build of configuration Debug for project Lab7.3_ASM_Rotate-Instruct_Jones ****

"C:\\ti\\ccs1281\\ccs\\utils\\bin\\gmake" -k -j 8 all -O 
 
Building file: "../Lab7.3main.asm"
Invoking: MSP430 Compiler
"C:/ti/ccs1281/ccs/tools/compiler/ti-cgt-msp430_21.6.1.LTS/bin/cl430" -vmspx --code_model=small --data_model=small --use_hw_mpy=F5 --include_path="C:/ti/ccs1281/ccs/ccs_base/msp430/include" --include_path="C:/ALL_STORAGE_HERE/Classwork/Spring 2026/Microproccesors/CCS Workspace/Lab7.3_ASM_Rotate-Instruct_Jones" --include_path="C:/ti/ccs1281/ccs/tools/compiler/ti-cgt-msp430_21.6.1.LTS/include" --advice:power=all --advice:hw_config=all --define=__MSP430FR2355__ --define=_FRWP_ENABLE --define=_INFO_FRWP_ENABLE -g --printf_support=minimal --diag_warning=225 --diag_wrap=off --display_error_number --silicon_errata=CPU21 --silicon_errata=CPU22 --silicon_errata=CPU40 --preproc_with_compile --preproc_dependency="Lab7.3main.d_raw"  "../Lab7.3main.asm"
No Assembly Errors, 1 Assembly Warning
"../Lab7.3main.asm", WARNING! at line 59: [W5369] Silicon Errata CPU40: A jump instruction at the end of a section should be followed by a NOP.
	            jmp		main
 
Finished building: "../Lab7.3main.asm"
 
Building target: "Lab7.3_ASM_Rotate-Instruct_Jones.out"
Invoking: MSP430 Linker
"C:/ti/ccs1281/ccs/tools/compiler/ti-cgt-msp430_21.6.1.LTS/bin/cl430" -vmspx --code_model=small --data_model=small --use_hw_mpy=F5 --advice:power=all --advice:hw_config=all --define=__MSP430FR2355__ --define=_FRWP_ENABLE --define=_INFO_FRWP_ENABLE -g --printf_support=minimal --diag_warning=225 --diag_wrap=off --display_error_number --silicon_errata=CPU21 --silicon_errata=CPU22 --silicon_errata=CPU40 -z -m"Lab7.3_ASM_Rotate-Instruct_Jones.map" --heap_size=0 --stack_size=0 --cinit_hold_wdt=on -i"C:/ti/ccs1281/ccs/ccs_base/msp430/include" -i"C:/ti/ccs1281/ccs/ccs_base/msp430/lib/FR2xx" -i"C:/ti/ccs1281/ccs/tools/compiler/ti-cgt-msp430_21.6.1.LTS/lib" -i"C:/ti/ccs1281/ccs/tools/compiler/ti-cgt-msp430_21.6.1.LTS/include" --priority --reread_libs --define=_FRWP_ENABLE --define=_INFO_FRWP_ENABLE --diag_wrap=off --display_error_number --warn_sections --xml_link_info="Lab7.3_ASM_Rotate-Instruct_Jones_linkInfo.xml" --entry_point=RESET --use_hw_mpy=F5 -o "Lab7.3_ASM_Rotate-Instruct_Jones.out" "./Lab7.3main.obj" "../lnk_msp430fr2355.cmd"  -lfrwp_init.a -llibc.a 
<Linking>
Finished building target: "Lab7.3_ASM_Rotate-Instruct_Jones.out"
 

**** Build Finished ****

**** Build of configuration Debug for project Lab7.3_ASM_Rotate-Instruct_Jones ****

"C:\\ti\\ccs1281\\ccs\\utils\\bin\\gmake" -k -j 8 all -O 
 
gmake[1]: 'Lab7.3_ASM_Rotate-Instruct_Jones.out' is up to date.

**** Build Finished ****

**** Build of configuration Debug for project Lab7.3_ASM_Rotate-Instruct_Jones ****

"C:\\ti\\ccs1281\\ccs\\utils\\bin\\gmake" -k -j 8 all -O 
 
Building file: "../Lab7.3main.asm"
Invoking: MSP430 Compiler
"C:/ti/ccs1281/ccs/tools/compiler/ti-cgt-msp430_21.6.1.LTS/bin/cl430" -vmspx --code_model=small --data_model=small --use_hw_mpy=F5 --include_path="C:/ti/ccs1281/ccs/ccs_base/msp430/include" --include_path="C:/ALL_STORAGE_HERE/Classwork/Spring 2026/Microproccesors/CCS Workspace/Lab7.3_ASM_Rotate-Instruct_Jones" --include_path="C:/ti/ccs1281/ccs/tools/compiler/ti-cgt-msp430_21.6.1.LTS/include" --advice:power=all --advice:hw_config=all --define=__MSP430FR2355__ --define=_FRWP_ENABLE --define=_INFO_FRWP_ENABLE -g --printf_support=minimal --diag_warning=225 --diag_wrap=off --display_error_number --silicon_errata=CPU21 --silicon_errata=CPU22 --silicon_errata=CPU40 --preproc_with_compile --preproc_dependency="Lab7.3main.d_raw"  "../Lab7.3main.asm"
No Assembly Errors, 1 Assembly Warning
"../Lab7.3main.asm", WARNING! at line 60: [W5369] Silicon Errata CPU40: A jump instruction at the end of a section should be followed by a NOP.
	            jmp		main
 
Finished building: "../Lab7.3main.asm"
 
Building target: "Lab7.3_ASM_Rotate-Instruct_Jones.out"
Invoking: MSP430 Linker
"C:/ti/ccs1281/ccs/tools/compiler/ti-cgt-msp430_21.6.1.LTS/bin/cl430" -vmspx --code_model=small --data_model=small --use_hw_mpy=F5 --advice:power=all --advice:hw_config=all --define=__MSP430FR2355__ --define=_FRWP_ENABLE --define=_INFO_FRWP_ENABLE -g --printf_support=minimal --diag_warning=225 --diag_wrap=off --display_error_number --silicon_errata=CPU21 --silicon_errata=CPU22 --silicon_errata=CPU40 -z -m"Lab7.3_ASM_Rotate-Instruct_Jones.map" --heap_size=0 --stack_size=0 --cinit_hold_wdt=on -i"C:/ti/ccs1281/ccs/ccs_base/msp430/include" -i"C:/ti/ccs1281/ccs/ccs_base/msp430/lib/FR2xx" -i"C:/ti/ccs1281/ccs/tools/compiler/ti-cgt-msp430_21.6.1.LTS/lib" -i"C:/ti/ccs1281/ccs/tools/compiler/ti-cgt-msp430_21.6.1.LTS/include" --priority --reread_libs --define=_FRWP_ENABLE --define=_INFO_FRWP_ENABLE --diag_wrap=off --display_error_number --warn_sections --xml_link_info="Lab7.3_ASM_Rotate-Instruct_Jones_linkInfo.xml" --entry_point=RESET --use_hw_mpy=F5 -o "Lab7.3_ASM_Rotate-Instruct_Jones.out" "./Lab7.3main.obj" "../lnk_msp430fr2355.cmd"  -lfrwp_init.a -llibc.a 
<Linking>
Finished building target: "Lab7.3_ASM_Rotate-Instruct_Jones.out"
 

**** Build Finished ****

**** Build of configuration Debug for project Lab7.3_ASM_Rotate-Instruct_Jones ****

"C:\\ti\\ccs1281\\ccs\\utils\\bin\\gmake" -k -j 8 all -O 
 
Building file: "../Lab7.3main.asm"
Invoking: MSP430 Compiler
"C:/ti/ccs1281/ccs/tools/compiler/ti-cgt-msp430_21.6.1.LTS/bin/cl430" -vmspx --code_model=small --data_model=small --use_hw_mpy=F5 --include_path="C:/ti/ccs1281/ccs/ccs_base/msp430/include" --include_path="C:/ALL_STORAGE_HERE/Classwork/Spring 2026/Microproccesors/CCS Workspace/Lab7.3_ASM_Rotate-Instruct_Jones" --include_path="C:/ti/ccs1281/ccs/tools/compiler/ti-cgt-msp430_21.6.1.LTS/include" --advice:power=all --advice:hw_config=all --define=__MSP430FR2355__ --define=_FRWP_ENABLE --define=_INFO_FRWP_ENABLE -g --printf_support=minimal --diag_warning=225 --diag_wrap=off --display_error_number --silicon_errata=CPU21 --silicon_errata=CPU22 --silicon_errata=CPU40 --preproc_with_compile --preproc_dependency="Lab7.3main.d_raw"  "../Lab7.3main.asm"
No Assembly Errors, 1 Assembly Warning
"../Lab7.3main.asm", WARNING! at line 62: [W5369] Silicon Errata CPU40: A jump instruction at the end of a section should be followed by a NOP.
	            jmp		main
 
Finished building: "../Lab7.3main.asm"
 
Building target: "Lab7.3_ASM_Rotate-Instruct_Jones.out"
Invoking: MSP430 Linker
"C:/ti/ccs1281/ccs/tools/compiler/ti-cgt-msp430_21.6.1.LTS/bin/cl430" -vmspx --code_model=small --data_model=small --use_hw_mpy=F5 --advice:power=all --advice:hw_config=all --define=__MSP430FR2355__ --define=_FRWP_ENABLE --define=_INFO_FRWP_ENABLE -g --printf_support=minimal --diag_warning=225 --diag_wrap=off --display_error_number --silicon_errata=CPU21 --silicon_errata=CPU22 --silicon_errata=CPU40 -z -m"Lab7.3_ASM_Rotate-Instruct_Jones.map" --heap_size=0 --stack_size=0 --cinit_hold_wdt=on -i"C:/ti/ccs1281/ccs/ccs_base/msp430/include" -i"C:/ti/ccs1281/ccs/ccs_base/msp430/lib/FR2xx" -i"C:/ti/ccs1281/ccs/tools/compiler/ti-cgt-msp430_21.6.1.LTS/lib" -i"C:/ti/ccs1281/ccs/tools/compiler/ti-cgt-msp430_21.6.1.LTS/include" --priority --reread_libs --define=_FRWP_ENABLE --define=_INFO_FRWP_ENABLE --diag_wrap=off --display_error_number --warn_sections --xml_link_info="Lab7.3_ASM_Rotate-Instruct_Jones_linkInfo.xml" --entry_point=RESET --use_hw_mpy=F5 -o "Lab7.3_ASM_Rotate-Instruct_Jones.out" "./Lab7.3main.obj" "../lnk_msp430fr2355.cmd"  -lfrwp_init.a -llibc.a 
<Linking>
Finished building target: "Lab7.3_ASM_Rotate-Instruct_Jones.out"
 

**** Build Finished ****

**** Build of configuration Debug for project Lab7.3_ASM_Rotate-Instruct_Jones ****

"C:\\ti\\ccs1281\\ccs\\utils\\bin\\gmake" -k -j 8 all -O 
 
Building file: "../Lab7.3main.asm"
Invoking: MSP430 Compiler
"C:/ti/ccs1281/ccs/tools/compiler/ti-cgt-msp430_21.6.1.LTS/bin/cl430" -vmspx --code_model=small --data_model=small --use_hw_mpy=F5 --include_path="C:/ti/ccs1281/ccs/ccs_base/msp430/include" --include_path="C:/ALL_STORAGE_HERE/Classwork/Spring 2026/Microproccesors/CCS Workspace/Lab7.3_ASM_Rotate-Instruct_Jones" --include_path="C:/ti/ccs1281/ccs/tools/compiler/ti-cgt-msp430_21.6.1.LTS/include" --advice:power=all --advice:hw_config=all --define=__MSP430FR2355__ --define=_FRWP_ENABLE --define=_INFO_FRWP_ENABLE -g --printf_support=minimal --diag_warning=225 --diag_wrap=off --display_error_number --silicon_errata=CPU21 --silicon_errata=CPU22 --silicon_errata=CPU40 --preproc_with_compile --preproc_dependency="Lab7.3main.d_raw"  "../Lab7.3main.asm"
No Assembly Errors, 1 Assembly Warning
"../Lab7.3main.asm", WARNING! at line 62: [W5369] Silicon Errata CPU40: A jump instruction at the end of a section should be followed by a NOP.
	            jmp		main
 
Finished building: "../Lab7.3main.asm"
 
Building target: "Lab7.3_ASM_Rotate-Instruct_Jones.out"
Invoking: MSP430 Linker
"C:/ti/ccs1281/ccs/tools/compiler/ti-cgt-msp430_21.6.1.LTS/bin/cl430" -vmspx --code_model=small --data_model=small --use_hw_mpy=F5 --advice:power=all --advice:hw_config=all --define=__MSP430FR2355__ --define=_FRWP_ENABLE --define=_INFO_FRWP_ENABLE -g --printf_support=minimal --diag_warning=225 --diag_wrap=off --display_error_number --silicon_errata=CPU21 --silicon_errata=CPU22 --silicon_errata=CPU40 -z -m"Lab7.3_ASM_Rotate-Instruct_Jones.map" --heap_size=0 --stack_size=0 --cinit_hold_wdt=on -i"C:/ti/ccs1281/ccs/ccs_base/msp430/include" -i"C:/ti/ccs1281/ccs/ccs_base/msp430/lib/FR2xx" -i"C:/ti/ccs1281/ccs/tools/compiler/ti-cgt-msp430_21.6.1.LTS/lib" -i"C:/ti/ccs1281/ccs/tools/compiler/ti-cgt-msp430_21.6.1.LTS/include" --priority --reread_libs --define=_FRWP_ENABLE --define=_INFO_FRWP_ENABLE --diag_wrap=off --display_error_number --warn_sections --xml_link_info="Lab7.3_ASM_Rotate-Instruct_Jones_linkInfo.xml" --entry_point=RESET --use_hw_mpy=F5 -o "Lab7.3_ASM_Rotate-Instruct_Jones.out" "./Lab7.3main.obj" "../lnk_msp430fr2355.cmd"  -lfrwp_init.a -llibc.a 
<Linking>
Finished building target: "Lab7.3_ASM_Rotate-Instruct_Jones.out"
 

**** Build Finished ****

**** Build of configuration Debug for project Lab7.3_ASM_Rotate-Instruct_Jones ****

"C:\\ti\\ccs1281\\ccs\\utils\\bin\\gmake" -k -j 8 all -O 
 
Building file: "../Lab7.3main.asm"
Invoking: MSP430 Compiler
"C:/ti/ccs1281/ccs/tools/compiler/ti-cgt-msp430_21.6.1.LTS/bin/cl430" -vmspx --code_model=small --data_model=small --use_hw_mpy=F5 --include_path="C:/ti/ccs1281/ccs/ccs_base/msp430/include" --include_path="C:/ALL_STORAGE_HERE/Classwork/Spring 2026/Microproccesors/CCS Workspace/Lab7.3_ASM_Rotate-Instruct_Jones" --include_path="C:/ti/ccs1281/ccs/tools/compiler/ti-cgt-msp430_21.6.1.LTS/include" --advice:power=all --advice:hw_config=all --define=__MSP430FR2355__ --define=_FRWP_ENABLE --define=_INFO_FRWP_ENABLE -g --printf_support=minimal --diag_warning=225 --diag_wrap=off --display_error_number --silicon_errata=CPU21 --silicon_errata=CPU22 --silicon_errata=CPU40 --preproc_with_compile --preproc_dependency="Lab7.3main.d_raw"  "../Lab7.3main.asm"
No Assembly Errors, 1 Assembly Warning
"../Lab7.3main.asm", WARNING! at line 62: [W5369] Silicon Errata CPU40: A jump instruction at the end of a section should be followed by a NOP.
	            jmp		main
 
Finished building: "../Lab7.3main.asm"
 
Building target: "Lab7.3_ASM_Rotate-Instruct_Jones.out"
Invoking: MSP430 Linker
"C:/ti/ccs1281/ccs/tools/compiler/ti-cgt-msp430_21.6.1.LTS/bin/cl430" -vmspx --code_model=small --data_model=small --use_hw_mpy=F5 --advice:power=all --advice:hw_config=all --define=__MSP430FR2355__ --define=_FRWP_ENABLE --define=_INFO_FRWP_ENABLE -g --printf_support=minimal --diag_warning=225 --diag_wrap=off --display_error_number --silicon_errata=CPU21 --silicon_errata=CPU22 --silicon_errata=CPU40 -z -m"Lab7.3_ASM_Rotate-Instruct_Jones.map" --heap_size=0 --stack_size=0 --cinit_hold_wdt=on -i"C:/ti/ccs1281/ccs/ccs_base/msp430/include" -i"C:/ti/ccs1281/ccs/ccs_base/msp430/lib/FR2xx" -i"C:/ti/ccs1281/ccs/tools/compiler/ti-cgt-msp430_21.6.1.LTS/lib" -i"C:/ti/ccs1281/ccs/tools/compiler/ti-cgt-msp430_21.6.1.LTS/include" --priority --reread_libs --define=_FRWP_ENABLE --define=_INFO_FRWP_ENABLE --diag_wrap=off --display_error_number --warn_sections --xml_link_info="Lab7.3_ASM_Rotate-Instruct_Jones_linkInfo.xml" --entry_point=RESET --use_hw_mpy=F5 -o "Lab7.3_ASM_Rotate-Instruct_Jones.out" "./Lab7.3main.obj" "../lnk_msp430fr2355.cmd"  -lfrwp_init.a -llibc.a 
<Linking>
Finished building target: "Lab7.3_ASM_Rotate-Instruct_Jones.out"
 

**** Build Finished ****

**** Build of configuration Debug for project Lab7.3_ASM_Rotate-Instruct_Jones ****

"C:\\ti\\ccs1281\\ccs\\utils\\bin\\gmake" -k -j 8 all -O 
 
Building file: "../Lab7.3main.asm"
Invoking: MSP430 Compiler
"C:/ti/ccs1281/ccs/tools/compiler/ti-cgt-msp430_21.6.1.LTS/bin/cl430" -vmspx --code_model=small --data_model=small --use_hw_mpy=F5 --include_path="C:/ti/ccs1281/ccs/ccs_base/msp430/include" --include_path="C:/ALL_STORAGE_HERE/Classwork/Spring 2026/Microproccesors/CCS Workspace/Lab7.3_ASM_Rotate-Instruct_Jones" --include_path="C:/ti/ccs1281/ccs/tools/compiler/ti-cgt-msp430_21.6.1.LTS/include" --advice:power=all --advice:hw_config=all --define=__MSP430FR2355__ --define=_FRWP_ENABLE --define=_INFO_FRWP_ENABLE -g --printf_support=minimal --diag_warning=225 --diag_wrap=off --display_error_number --silicon_errata=CPU21 --silicon_errata=CPU22 --silicon_errata=CPU40 --preproc_with_compile --preproc_dependency="Lab7.3main.d_raw"  "../Lab7.3main.asm"
No Assembly Errors, 1 Assembly Warning
"../Lab7.3main.asm", WARNING! at line 62: [W5369] Silicon Errata CPU40: A jump instruction at the end of a section should be followed by a NOP.
	            jmp		main
 
Finished building: "../Lab7.3main.asm"
 
Building target: "Lab7.3_ASM_Rotate-Instruct_Jones.out"
Invoking: MSP430 Linker
"C:/ti/ccs1281/ccs/tools/compiler/ti-cgt-msp430_21.6.1.LTS/bin/cl430" -vmspx --code_model=small --data_model=small --use_hw_mpy=F5 --advice:power=all --advice:hw_config=all --define=__MSP430FR2355__ --define=_FRWP_ENABLE --define=_INFO_FRWP_ENABLE -g --printf_support=minimal --diag_warning=225 --diag_wrap=off --display_error_number --silicon_errata=CPU21 --silicon_errata=CPU22 --silicon_errata=CPU40 -z -m"Lab7.3_ASM_Rotate-Instruct_Jones.map" --heap_size=0 --stack_size=0 --cinit_hold_wdt=on -i"C:/ti/ccs1281/ccs/ccs_base/msp430/include" -i"C:/ti/ccs1281/ccs/ccs_base/msp430/lib/FR2xx" -i"C:/ti/ccs1281/ccs/tools/compiler/ti-cgt-msp430_21.6.1.LTS/lib" -i"C:/ti/ccs1281/ccs/tools/compiler/ti-cgt-msp430_21.6.1.LTS/include" --priority --reread_libs --define=_FRWP_ENABLE --define=_INFO_FRWP_ENABLE --diag_wrap=off --display_error_number --warn_sections --xml_link_info="Lab7.3_ASM_Rotate-Instruct_Jones_linkInfo.xml" --entry_point=RESET --use_hw_mpy=F5 -o "Lab7.3_ASM_Rotate-Instruct_Jones.out" "./Lab7.3main.obj" "../lnk_msp430fr2355.cmd"  -lfrwp_init.a -llibc.a 
<Linking>
Finished building target: "Lab7.3_ASM_Rotate-Instruct_Jones.out"
 

**** Build Finished ****

**** Build of configuration Debug for project Lab7.3_ASM_Rotate-Instruct_Jones ****

"C:\\ti\\ccs1281\\ccs\\utils\\bin\\gmake" -k -j 8 all -O 
 
Building file: "../Lab7.3main.asm"
Invoking: MSP430 Compiler
"C:/ti/ccs1281/ccs/tools/compiler/ti-cgt-msp430_21.6.1.LTS/bin/cl430" -vmspx --code_model=small --data_model=small --use_hw_mpy=F5 --include_path="C:/ti/ccs1281/ccs/ccs_base/msp430/include" --include_path="C:/ALL_STORAGE_HERE/Classwork/Spring 2026/Microproccesors/CCS Workspace/Lab7.3_ASM_Rotate-Instruct_Jones" --include_path="C:/ti/ccs1281/ccs/tools/compiler/ti-cgt-msp430_21.6.1.LTS/include" --advice:power=all --advice:hw_config=all --define=__MSP430FR2355__ --define=_FRWP_ENABLE --define=_INFO_FRWP_ENABLE -g --printf_support=minimal --diag_warning=225 --diag_wrap=off --display_error_number --silicon_errata=CPU21 --silicon_errata=CPU22 --silicon_errata=CPU40 --preproc_with_compile --preproc_dependency="Lab7.3main.d_raw"  "../Lab7.3main.asm"
No Assembly Errors, 1 Assembly Warning
"../Lab7.3main.asm", WARNING! at line 66: [W5369] Silicon Errata CPU40: A jump instruction at the end of a section should be followed by a NOP.
	            jmp		main
 
Finished building: "../Lab7.3main.asm"
 
Building target: "Lab7.3_ASM_Rotate-Instruct_Jones.out"
Invoking: MSP430 Linker
"C:/ti/ccs1281/ccs/tools/compiler/ti-cgt-msp430_21.6.1.LTS/bin/cl430" -vmspx --code_model=small --data_model=small --use_hw_mpy=F5 --advice:power=all --advice:hw_config=all --define=__MSP430FR2355__ --define=_FRWP_ENABLE --define=_INFO_FRWP_ENABLE -g --printf_support=minimal --diag_warning=225 --diag_wrap=off --display_error_number --silicon_errata=CPU21 --silicon_errata=CPU22 --silicon_errata=CPU40 -z -m"Lab7.3_ASM_Rotate-Instruct_Jones.map" --heap_size=0 --stack_size=0 --cinit_hold_wdt=on -i"C:/ti/ccs1281/ccs/ccs_base/msp430/include" -i"C:/ti/ccs1281/ccs/ccs_base/msp430/lib/FR2xx" -i"C:/ti/ccs1281/ccs/tools/compiler/ti-cgt-msp430_21.6.1.LTS/lib" -i"C:/ti/ccs1281/ccs/tools/compiler/ti-cgt-msp430_21.6.1.LTS/include" --priority --reread_libs --define=_FRWP_ENABLE --define=_INFO_FRWP_ENABLE --diag_wrap=off --display_error_number --warn_sections --xml_link_info="Lab7.3_ASM_Rotate-Instruct_Jones_linkInfo.xml" --entry_point=RESET --use_hw_mpy=F5 -o "Lab7.3_ASM_Rotate-Instruct_Jones.out" "./Lab7.3main.obj" "../lnk_msp430fr2355.cmd"  -lfrwp_init.a -llibc.a 
<Linking>
Finished building target: "Lab7.3_ASM_Rotate-Instruct_Jones.out"
 

**** Build Finished ****

**** Build of configuration Debug for project Lab7.3_ASM_Rotate-Instruct_Jones ****

"C:\\ti\\ccs1281\\ccs\\utils\\bin\\gmake" -k -j 8 all -O 
 
Building file: "../Lab7.3main.asm"
Invoking: MSP430 Compiler
"C:/ti/ccs1281/ccs/tools/compiler/ti-cgt-msp430_21.6.1.LTS/bin/cl430" -vmspx --code_model=small --data_model=small --use_hw_mpy=F5 --include_path="C:/ti/ccs1281/ccs/ccs_base/msp430/include" --include_path="C:/ALL_STORAGE_HERE/Classwork/Spring 2026/Microproccesors/CCS Workspace/Lab7.3_ASM_Rotate-Instruct_Jones" --include_path="C:/ti/ccs1281/ccs/tools/compiler/ti-cgt-msp430_21.6.1.LTS/include" --advice:power=all --advice:hw_config=all --define=__MSP430FR2355__ --define=_FRWP_ENABLE --define=_INFO_FRWP_ENABLE -g --printf_support=minimal --diag_warning=225 --diag_wrap=off --display_error_number --silicon_errata=CPU21 --silicon_errata=CPU22 --silicon_errata=CPU40 --preproc_with_compile --preproc_dependency="Lab7.3main.d_raw"  "../Lab7.3main.asm"
No Assembly Errors, 1 Assembly Warning
"../Lab7.3main.asm", WARNING! at line 68: [W5369] Silicon Errata CPU40: A jump instruction at the end of a section should be followed by a NOP.
	            jmp		main
 
Finished building: "../Lab7.3main.asm"
 
Building target: "Lab7.3_ASM_Rotate-Instruct_Jones.out"
Invoking: MSP430 Linker
"C:/ti/ccs1281/ccs/tools/compiler/ti-cgt-msp430_21.6.1.LTS/bin/cl430" -vmspx --code_model=small --data_model=small --use_hw_mpy=F5 --advice:power=all --advice:hw_config=all --define=__MSP430FR2355__ --define=_FRWP_ENABLE --define=_INFO_FRWP_ENABLE -g --printf_support=minimal --diag_warning=225 --diag_wrap=off --display_error_number --silicon_errata=CPU21 --silicon_errata=CPU22 --silicon_errata=CPU40 -z -m"Lab7.3_ASM_Rotate-Instruct_Jones.map" --heap_size=0 --stack_size=0 --cinit_hold_wdt=on -i"C:/ti/ccs1281/ccs/ccs_base/msp430/include" -i"C:/ti/ccs1281/ccs/ccs_base/msp430/lib/FR2xx" -i"C:/ti/ccs1281/ccs/tools/compiler/ti-cgt-msp430_21.6.1.LTS/lib" -i"C:/ti/ccs1281/ccs/tools/compiler/ti-cgt-msp430_21.6.1.LTS/include" --priority --reread_libs --define=_FRWP_ENABLE --define=_INFO_FRWP_ENABLE --diag_wrap=off --display_error_number --warn_sections --xml_link_info="Lab7.3_ASM_Rotate-Instruct_Jones_linkInfo.xml" --entry_point=RESET --use_hw_mpy=F5 -o "Lab7.3_ASM_Rotate-Instruct_Jones.out" "./Lab7.3main.obj" "../lnk_msp430fr2355.cmd"  -lfrwp_init.a -llibc.a 
<Linking>
Finished building target: "Lab7.3_ASM_Rotate-Instruct_Jones.out"
 

**** Build Finished ****

**** Build of configuration Debug for project Lab7.3_ASM_Rotate-Instruct_Jones ****

"C:\\ti\\ccs1281\\ccs\\utils\\bin\\gmake" -k -j 8 all -O 
 
Building file: "../Lab7.3main.asm"
Invoking: MSP430 Compiler
"C:/ti/ccs1281/ccs/tools/compiler/ti-cgt-msp430_21.6.1.LTS/bin/cl430" -vmspx --code_model=small --data_model=small --use_hw_mpy=F5 --include_path="C:/ti/ccs1281/ccs/ccs_base/msp430/include" --include_path="C:/ALL_STORAGE_HERE/Classwork/Spring 2026/Microproccesors/CCS Workspace/Lab7.3_ASM_Rotate-Instruct_Jones" --include_path="C:/ti/ccs1281/ccs/tools/compiler/ti-cgt-msp430_21.6.1.LTS/include" --advice:power=all --advice:hw_config=all --define=__MSP430FR2355__ --define=_FRWP_ENABLE --define=_INFO_FRWP_ENABLE -g --printf_support=minimal --diag_warning=225 --diag_wrap=off --display_error_number --silicon_errata=CPU21 --silicon_errata=CPU22 --silicon_errata=CPU40 --preproc_with_compile --preproc_dependency="Lab7.3main.d_raw"  "../Lab7.3main.asm"
No Assembly Errors, 1 Assembly Warning
"../Lab7.3main.asm", WARNING! at line 72: [W5369] Silicon Errata CPU40: A jump instruction at the end of a section should be followed by a NOP.
	            jmp		main
 
Finished building: "../Lab7.3main.asm"
 
Building target: "Lab7.3_ASM_Rotate-Instruct_Jones.out"
Invoking: MSP430 Linker
"C:/ti/ccs1281/ccs/tools/compiler/ti-cgt-msp430_21.6.1.LTS/bin/cl430" -vmspx --code_model=small --data_model=small --use_hw_mpy=F5 --advice:power=all --advice:hw_config=all --define=__MSP430FR2355__ --define=_FRWP_ENABLE --define=_INFO_FRWP_ENABLE -g --printf_support=minimal --diag_warning=225 --diag_wrap=off --display_error_number --silicon_errata=CPU21 --silicon_errata=CPU22 --silicon_errata=CPU40 -z -m"Lab7.3_ASM_Rotate-Instruct_Jones.map" --heap_size=0 --stack_size=0 --cinit_hold_wdt=on -i"C:/ti/ccs1281/ccs/ccs_base/msp430/include" -i"C:/ti/ccs1281/ccs/ccs_base/msp430/lib/FR2xx" -i"C:/ti/ccs1281/ccs/tools/compiler/ti-cgt-msp430_21.6.1.LTS/lib" -i"C:/ti/ccs1281/ccs/tools/compiler/ti-cgt-msp430_21.6.1.LTS/include" --priority --reread_libs --define=_FRWP_ENABLE --define=_INFO_FRWP_ENABLE --diag_wrap=off --display_error_number --warn_sections --xml_link_info="Lab7.3_ASM_Rotate-Instruct_Jones_linkInfo.xml" --entry_point=RESET --use_hw_mpy=F5 -o "Lab7.3_ASM_Rotate-Instruct_Jones.out" "./Lab7.3main.obj" "../lnk_msp430fr2355.cmd"  -lfrwp_init.a -llibc.a 
<Linking>
Finished building target: "Lab7.3_ASM_Rotate-Instruct_Jones.out"
 

**** Build Finished ****

**** Build of configuration Debug for project Lab7.3_ASM_Rotate-Instruct_Jones ****

"C:\\ti\\ccs1281\\ccs\\utils\\bin\\gmake" -k -j 8 all -O 
 
Building file: "../Lab7.3main.asm"
Invoking: MSP430 Compiler
"C:/ti/ccs1281/ccs/tools/compiler/ti-cgt-msp430_21.6.1.LTS/bin/cl430" -vmspx --code_model=small --data_model=small --use_hw_mpy=F5 --include_path="C:/ti/ccs1281/ccs/ccs_base/msp430/include" --include_path="C:/ALL_STORAGE_HERE/Classwork/Spring 2026/Microproccesors/CCS Workspace/Lab7.3_ASM_Rotate-Instruct_Jones" --include_path="C:/ti/ccs1281/ccs/tools/compiler/ti-cgt-msp430_21.6.1.LTS/include" --advice:power=all --advice:hw_config=all --define=__MSP430FR2355__ --define=_FRWP_ENABLE --define=_INFO_FRWP_ENABLE -g --printf_support=minimal --diag_warning=225 --diag_wrap=off --display_error_number --silicon_errata=CPU21 --silicon_errata=CPU22 --silicon_errata=CPU40 --preproc_with_compile --preproc_dependency="Lab7.3main.d_raw"  "../Lab7.3main.asm"
No Assembly Errors, 1 Assembly Warning
"../Lab7.3main.asm", WARNING! at line 72: [W5369] Silicon Errata CPU40: A jump instruction at the end of a section should be followed by a NOP.
	            jmp		main
 
Finished building: "../Lab7.3main.asm"
 
Building target: "Lab7.3_ASM_Rotate-Instruct_Jones.out"
Invoking: MSP430 Linker
"C:/ti/ccs1281/ccs/tools/compiler/ti-cgt-msp430_21.6.1.LTS/bin/cl430" -vmspx --code_model=small --data_model=small --use_hw_mpy=F5 --advice:power=all --advice:hw_config=all --define=__MSP430FR2355__ --define=_FRWP_ENABLE --define=_INFO_FRWP_ENABLE -g --printf_support=minimal --diag_warning=225 --diag_wrap=off --display_error_number --silicon_errata=CPU21 --silicon_errata=CPU22 --silicon_errata=CPU40 -z -m"Lab7.3_ASM_Rotate-Instruct_Jones.map" --heap_size=0 --stack_size=0 --cinit_hold_wdt=on -i"C:/ti/ccs1281/ccs/ccs_base/msp430/include" -i"C:/ti/ccs1281/ccs/ccs_base/msp430/lib/FR2xx" -i"C:/ti/ccs1281/ccs/tools/compiler/ti-cgt-msp430_21.6.1.LTS/lib" -i"C:/ti/ccs1281/ccs/tools/compiler/ti-cgt-msp430_21.6.1.LTS/include" --priority --reread_libs --define=_FRWP_ENABLE --define=_INFO_FRWP_ENABLE --diag_wrap=off --display_error_number --warn_sections --xml_link_info="Lab7.3_ASM_Rotate-Instruct_Jones_linkInfo.xml" --entry_point=RESET --use_hw_mpy=F5 -o "Lab7.3_ASM_Rotate-Instruct_Jones.out" "./Lab7.3main.obj" "../lnk_msp430fr2355.cmd"  -lfrwp_init.a -llibc.a 
<Linking>
Finished building target: "Lab7.3_ASM_Rotate-Instruct_Jones.out"
 

**** Build Finished ****

**** Build of configuration Debug for project Lab7.3_ASM_Rotate-Instruct_Jones ****

"C:\\ti\\ccs1281\\ccs\\utils\\bin\\gmake" -k -j 8 all -O 
 
Building file: "../Lab7.3main.asm"
Invoking: MSP430 Compiler
"C:/ti/ccs1281/ccs/tools/compiler/ti-cgt-msp430_21.6.1.LTS/bin/cl430" -vmspx --code_model=small --data_model=small --use_hw_mpy=F5 --include_path="C:/ti/ccs1281/ccs/ccs_base/msp430/include" --include_path="C:/ALL_STORAGE_HERE/Classwork/Spring 2026/Microproccesors/CCS Workspace/Lab7.3_ASM_Rotate-Instruct_Jones" --include_path="C:/ti/ccs1281/ccs/tools/compiler/ti-cgt-msp430_21.6.1.LTS/include" --advice:power=all --advice:hw_config=all --define=__MSP430FR2355__ --define=_FRWP_ENABLE --define=_INFO_FRWP_ENABLE -g --printf_support=minimal --diag_warning=225 --diag_wrap=off --display_error_number --silicon_errata=CPU21 --silicon_errata=CPU22 --silicon_errata=CPU40 --preproc_with_compile --preproc_dependency="Lab7.3main.d_raw"  "../Lab7.3main.asm"
No Assembly Errors, 1 Assembly Warning
"../Lab7.3main.asm", WARNING! at line 74: [W5369] Silicon Errata CPU40: A jump instruction at the end of a section should be followed by a NOP.
	            jmp		main
 
Finished building: "../Lab7.3main.asm"
 
Building target: "Lab7.3_ASM_Rotate-Instruct_Jones.out"
Invoking: MSP430 Linker
"C:/ti/ccs1281/ccs/tools/compiler/ti-cgt-msp430_21.6.1.LTS/bin/cl430" -vmspx --code_model=small --data_model=small --use_hw_mpy=F5 --advice:power=all --advice:hw_config=all --define=__MSP430FR2355__ --define=_FRWP_ENABLE --define=_INFO_FRWP_ENABLE -g --printf_support=minimal --diag_warning=225 --diag_wrap=off --display_error_number --silicon_errata=CPU21 --silicon_errata=CPU22 --silicon_errata=CPU40 -z -m"Lab7.3_ASM_Rotate-Instruct_Jones.map" --heap_size=0 --stack_size=0 --cinit_hold_wdt=on -i"C:/ti/ccs1281/ccs/ccs_base/msp430/include" -i"C:/ti/ccs1281/ccs/ccs_base/msp430/lib/FR2xx" -i"C:/ti/ccs1281/ccs/tools/compiler/ti-cgt-msp430_21.6.1.LTS/lib" -i"C:/ti/ccs1281/ccs/tools/compiler/ti-cgt-msp430_21.6.1.LTS/include" --priority --reread_libs --define=_FRWP_ENABLE --define=_INFO_FRWP_ENABLE --diag_wrap=off --display_error_number --warn_sections --xml_link_info="Lab7.3_ASM_Rotate-Instruct_Jones_linkInfo.xml" --entry_point=RESET --use_hw_mpy=F5 -o "Lab7.3_ASM_Rotate-Instruct_Jones.out" "./Lab7.3main.obj" "../lnk_msp430fr2355.cmd"  -lfrwp_init.a -llibc.a 
<Linking>
Finished building target: "Lab7.3_ASM_Rotate-Instruct_Jones.out"
 

**** Build Finished ****

**** Build of configuration Debug for project Lab7.3_ASM_Rotate-Instruct_Jones ****

"C:\\ti\\ccs1281\\ccs\\utils\\bin\\gmake" -k -j 8 all -O 
 
Building file: "../Lab7.3main.asm"
Invoking: MSP430 Compiler
"C:/ti/ccs1281/ccs/tools/compiler/ti-cgt-msp430_21.6.1.LTS/bin/cl430" -vmspx --code_model=small --data_model=small --use_hw_mpy=F5 --include_path="C:/ti/ccs1281/ccs/ccs_base/msp430/include" --include_path="C:/ALL_STORAGE_HERE/Classwork/Spring 2026/Microproccesors/CCS Workspace/Lab7.3_ASM_Rotate-Instruct_Jones" --include_path="C:/ti/ccs1281/ccs/tools/compiler/ti-cgt-msp430_21.6.1.LTS/include" --advice:power=all --advice:hw_config=all --define=__MSP430FR2355__ --define=_FRWP_ENABLE --define=_INFO_FRWP_ENABLE -g --printf_support=minimal --diag_warning=225 --diag_wrap=off --display_error_number --silicon_errata=CPU21 --silicon_errata=CPU22 --silicon_errata=CPU40 --preproc_with_compile --preproc_dependency="Lab7.3main.d_raw"  "../Lab7.3main.asm"
No Assembly Errors, 1 Assembly Warning
"../Lab7.3main.asm", WARNING! at line 74: [W5369] Silicon Errata CPU40: A jump instruction at the end of a section should be followed by a NOP.
	            jmp		main
 
Finished building: "../Lab7.3main.asm"
 
Building target: "Lab7.3_ASM_Rotate-Instruct_Jones.out"
Invoking: MSP430 Linker
"C:/ti/ccs1281/ccs/tools/compiler/ti-cgt-msp430_21.6.1.LTS/bin/cl430" -vmspx --code_model=small --data_model=small --use_hw_mpy=F5 --advice:power=all --advice:hw_config=all --define=__MSP430FR2355__ --define=_FRWP_ENABLE --define=_INFO_FRWP_ENABLE -g --printf_support=minimal --diag_warning=225 --diag_wrap=off --display_error_number --silicon_errata=CPU21 --silicon_errata=CPU22 --silicon_errata=CPU40 -z -m"Lab7.3_ASM_Rotate-Instruct_Jones.map" --heap_size=0 --stack_size=0 --cinit_hold_wdt=on -i"C:/ti/ccs1281/ccs/ccs_base/msp430/include" -i"C:/ti/ccs1281/ccs/ccs_base/msp430/lib/FR2xx" -i"C:/ti/ccs1281/ccs/tools/compiler/ti-cgt-msp430_21.6.1.LTS/lib" -i"C:/ti/ccs1281/ccs/tools/compiler/ti-cgt-msp430_21.6.1.LTS/include" --priority --reread_libs --define=_FRWP_ENABLE --define=_INFO_FRWP_ENABLE --diag_wrap=off --display_error_number --warn_sections --xml_link_info="Lab7.3_ASM_Rotate-Instruct_Jones_linkInfo.xml" --entry_point=RESET --use_hw_mpy=F5 -o "Lab7.3_ASM_Rotate-Instruct_Jones.out" "./Lab7.3main.obj" "../lnk_msp430fr2355.cmd"  -lfrwp_init.a -llibc.a 
<Linking>
Finished building target: "Lab7.3_ASM_Rotate-Instruct_Jones.out"
 

**** Build Finished ****

**** Build of configuration Debug for project Lab7.3_ASM_Rotate-Instruct_Jones ****

"C:\\ti\\ccs1281\\ccs\\utils\\bin\\gmake" -k -j 8 all -O 
 
Building file: "../Lab7.3main.asm"
Invoking: MSP430 Compiler
"C:/ti/ccs1281/ccs/tools/compiler/ti-cgt-msp430_21.6.1.LTS/bin/cl430" -vmspx --code_model=small --data_model=small --use_hw_mpy=F5 --include_path="C:/ti/ccs1281/ccs/ccs_base/msp430/include" --include_path="C:/ALL_STORAGE_HERE/Classwork/Spring 2026/Microproccesors/CCS Workspace/Lab7.3_ASM_Rotate-Instruct_Jones" --include_path="C:/ti/ccs1281/ccs/tools/compiler/ti-cgt-msp430_21.6.1.LTS/include" --advice:power=all --advice:hw_config=all --define=__MSP430FR2355__ --define=_FRWP_ENABLE --define=_INFO_FRWP_ENABLE -g --printf_support=minimal --diag_warning=225 --diag_wrap=off --display_error_number --silicon_errata=CPU21 --silicon_errata=CPU22 --silicon_errata=CPU40 --preproc_with_compile --preproc_dependency="Lab7.3main.d_raw"  "../Lab7.3main.asm"
No Assembly Errors, 1 Assembly Warning
"../Lab7.3main.asm", WARNING! at line 74: [W5369] Silicon Errata CPU40: A jump instruction at the end of a section should be followed by a NOP.
	            jmp		main
 
Finished building: "../Lab7.3main.asm"
 
Building target: "Lab7.3_ASM_Rotate-Instruct_Jones.out"
Invoking: MSP430 Linker
"C:/ti/ccs1281/ccs/tools/compiler/ti-cgt-msp430_21.6.1.LTS/bin/cl430" -vmspx --code_model=small --data_model=small --use_hw_mpy=F5 --advice:power=all --advice:hw_config=all --define=__MSP430FR2355__ --define=_FRWP_ENABLE --define=_INFO_FRWP_ENABLE -g --printf_support=minimal --diag_warning=225 --diag_wrap=off --display_error_number --silicon_errata=CPU21 --silicon_errata=CPU22 --silicon_errata=CPU40 -z -m"Lab7.3_ASM_Rotate-Instruct_Jones.map" --heap_size=0 --stack_size=0 --cinit_hold_wdt=on -i"C:/ti/ccs1281/ccs/ccs_base/msp430/include" -i"C:/ti/ccs1281/ccs/ccs_base/msp430/lib/FR2xx" -i"C:/ti/ccs1281/ccs/tools/compiler/ti-cgt-msp430_21.6.1.LTS/lib" -i"C:/ti/ccs1281/ccs/tools/compiler/ti-cgt-msp430_21.6.1.LTS/include" --priority --reread_libs --define=_FRWP_ENABLE --define=_INFO_FRWP_ENABLE --diag_wrap=off --display_error_number --warn_sections --xml_link_info="Lab7.3_ASM_Rotate-Instruct_Jones_linkInfo.xml" --entry_point=RESET --use_hw_mpy=F5 -o "Lab7.3_ASM_Rotate-Instruct_Jones.out" "./Lab7.3main.obj" "../lnk_msp430fr2355.cmd"  -lfrwp_init.a -llibc.a 
<Linking>
Finished building target: "Lab7.3_ASM_Rotate-Instruct_Jones.out"
 

**** Build Finished ****

**** Build of configuration Debug for project Lab7.3_ASM_Rotate-Instruct_Jones ****

"C:\\ti\\ccs1281\\ccs\\utils\\bin\\gmake" -k -j 8 all -O 
 
Building file: "../Lab7.3main.asm"
Invoking: MSP430 Compiler
"C:/ti/ccs1281/ccs/tools/compiler/ti-cgt-msp430_21.6.1.LTS/bin/cl430" -vmspx --code_model=small --data_model=small --use_hw_mpy=F5 --include_path="C:/ti/ccs1281/ccs/ccs_base/msp430/include" --include_path="C:/ALL_STORAGE_HERE/Classwork/Spring 2026/Microproccesors/CCS Workspace/Lab7.3_ASM_Rotate-Instruct_Jones" --include_path="C:/ti/ccs1281/ccs/tools/compiler/ti-cgt-msp430_21.6.1.LTS/include" --advice:power=all --advice:hw_config=all --define=__MSP430FR2355__ --define=_FRWP_ENABLE --define=_INFO_FRWP_ENABLE -g --printf_support=minimal --diag_warning=225 --diag_wrap=off --display_error_number --silicon_errata=CPU21 --silicon_errata=CPU22 --silicon_errata=CPU40 --preproc_with_compile --preproc_dependency="Lab7.3main.d_raw"  "../Lab7.3main.asm"
No Assembly Errors, 1 Assembly Warning
"../Lab7.3main.asm", WARNING! at line 82: [W5369] Silicon Errata CPU40: A jump instruction at the end of a section should be followed by a NOP.
	            jmp		main
 
Finished building: "../Lab7.3main.asm"
 
Building target: "Lab7.3_ASM_Rotate-Instruct_Jones.out"
Invoking: MSP430 Linker
"C:/ti/ccs1281/ccs/tools/compiler/ti-cgt-msp430_21.6.1.LTS/bin/cl430" -vmspx --code_model=small --data_model=small --use_hw_mpy=F5 --advice:power=all --advice:hw_config=all --define=__MSP430FR2355__ --define=_FRWP_ENABLE --define=_INFO_FRWP_ENABLE -g --printf_support=minimal --diag_warning=225 --diag_wrap=off --display_error_number --silicon_errata=CPU21 --silicon_errata=CPU22 --silicon_errata=CPU40 -z -m"Lab7.3_ASM_Rotate-Instruct_Jones.map" --heap_size=0 --stack_size=0 --cinit_hold_wdt=on -i"C:/ti/ccs1281/ccs/ccs_base/msp430/include" -i"C:/ti/ccs1281/ccs/ccs_base/msp430/lib/FR2xx" -i"C:/ti/ccs1281/ccs/tools/compiler/ti-cgt-msp430_21.6.1.LTS/lib" -i"C:/ti/ccs1281/ccs/tools/compiler/ti-cgt-msp430_21.6.1.LTS/include" --priority --reread_libs --define=_FRWP_ENABLE --define=_INFO_FRWP_ENABLE --diag_wrap=off --display_error_number --warn_sections --xml_link_info="Lab7.3_ASM_Rotate-Instruct_Jones_linkInfo.xml" --entry_point=RESET --use_hw_mpy=F5 -o "Lab7.3_ASM_Rotate-Instruct_Jones.out" "./Lab7.3main.obj" "../lnk_msp430fr2355.cmd"  -lfrwp_init.a -llibc.a 
<Linking>
Finished building target: "Lab7.3_ASM_Rotate-Instruct_Jones.out"
 

**** Build Finished ****

**** Build of configuration Debug for project Lab7.3_ASM_Rotate-Instruct_Jones ****

"C:\\ti\\ccs1281\\ccs\\utils\\bin\\gmake" -k -j 8 all -O 
 
gmake[1]: 'Lab7.3_ASM_Rotate-Instruct_Jones.out' is up to date.

**** Build Finished ****

**** Build of configuration Debug for project Lab7.3_ASM_Rotate-Instruct_Jones ****

"C:\\ti\\ccs1281\\ccs\\utils\\bin\\gmake" -k -j 8 all -O 
 
Building file: "../Lab7.3main.asm"
Invoking: MSP430 Compiler
"C:/ti/ccs1281/ccs/tools/compiler/ti-cgt-msp430_21.6.1.LTS/bin/cl430" -vmspx --code_model=small --data_model=small --use_hw_mpy=F5 --include_path="C:/ti/ccs1281/ccs/ccs_base/msp430/include" --include_path="C:/ALL_STORAGE_HERE/Classwork/Spring 2026/Microproccesors/CCS Workspace/Lab7.3_ASM_Rotate-Instruct_Jones" --include_path="C:/ti/ccs1281/ccs/tools/compiler/ti-cgt-msp430_21.6.1.LTS/include" --advice:power=all --advice:hw_config=all --define=__MSP430FR2355__ --define=_FRWP_ENABLE --define=_INFO_FRWP_ENABLE -g --printf_support=minimal --diag_warning=225 --diag_wrap=off --display_error_number --silicon_errata=CPU21 --silicon_errata=CPU22 --silicon_errata=CPU40 --preproc_with_compile --preproc_dependency="Lab7.3main.d_raw"  "../Lab7.3main.asm"
No Assembly Errors, 1 Assembly Warning
"../Lab7.3main.asm", WARNING! at line 82: [W5369] Silicon Errata CPU40: A jump instruction at the end of a section should be followed by a NOP.
	            jmp		main
 
Finished building: "../Lab7.3main.asm"
 
Building target: "Lab7.3_ASM_Rotate-Instruct_Jones.out"
Invoking: MSP430 Linker
"C:/ti/ccs1281/ccs/tools/compiler/ti-cgt-msp430_21.6.1.LTS/bin/cl430" -vmspx --code_model=small --data_model=small --use_hw_mpy=F5 --advice:power=all --advice:hw_config=all --define=__MSP430FR2355__ --define=_FRWP_ENABLE --define=_INFO_FRWP_ENABLE -g --printf_support=minimal --diag_warning=225 --diag_wrap=off --display_error_number --silicon_errata=CPU21 --silicon_errata=CPU22 --silicon_errata=CPU40 -z -m"Lab7.3_ASM_Rotate-Instruct_Jones.map" --heap_size=0 --stack_size=0 --cinit_hold_wdt=on -i"C:/ti/ccs1281/ccs/ccs_base/msp430/include" -i"C:/ti/ccs1281/ccs/ccs_base/msp430/lib/FR2xx" -i"C:/ti/ccs1281/ccs/tools/compiler/ti-cgt-msp430_21.6.1.LTS/lib" -i"C:/ti/ccs1281/ccs/tools/compiler/ti-cgt-msp430_21.6.1.LTS/include" --priority --reread_libs --define=_FRWP_ENABLE --define=_INFO_FRWP_ENABLE --diag_wrap=off --display_error_number --warn_sections --xml_link_info="Lab7.3_ASM_Rotate-Instruct_Jones_linkInfo.xml" --entry_point=RESET --use_hw_mpy=F5 -o "Lab7.3_ASM_Rotate-Instruct_Jones.out" "./Lab7.3main.obj" "../lnk_msp430fr2355.cmd"  -lfrwp_init.a -llibc.a 
<Linking>
Finished building target: "Lab7.3_ASM_Rotate-Instruct_Jones.out"
 

**** Build Finished ****

**** Build of configuration Debug for project Lab7.3_ASM_Rotate-Instruct_Jones ****

"C:\\ti\\ccs1281\\ccs\\utils\\bin\\gmake" -k -j 8 all -O 
 
gmake[1]: 'Lab7.3_ASM_Rotate-Instruct_Jones.out' is up to date.

**** Build Finished ****

**** Build of configuration Debug for project Lab7.2_ASM_SetClearTest_Jones ****

"C:\\ti\\ccs1281\\ccs\\utils\\bin\\gmake" -k -j 8 all -O 
 
Building file: "../Lab7.2main.asm"
Invoking: MSP430 Compiler
"C:/ti/ccs1281/ccs/tools/compiler/ti-cgt-msp430_21.6.1.LTS/bin/cl430" -vmspx --code_model=small --data_model=small --use_hw_mpy=F5 --include_path="C:/ti/ccs1281/ccs/ccs_base/msp430/include" --include_path="C:/ALL_STORAGE_HERE/Classwork/Spring 2026/Microproccesors/CCS Workspace/Lab7.2_ASM_SetClearTest_Jones" --include_path="C:/ti/ccs1281/ccs/tools/compiler/ti-cgt-msp430_21.6.1.LTS/include" --advice:power=all --advice:hw_config=all --define=__MSP430FR2355__ --define=_FRWP_ENABLE --define=_INFO_FRWP_ENABLE -g --printf_support=minimal --diag_warning=225 --diag_wrap=off --display_error_number --silicon_errata=CPU21 --silicon_errata=CPU22 --silicon_errata=CPU40 --preproc_with_compile --preproc_dependency="Lab7.2main.d_raw"  "../Lab7.2main.asm"
No Assembly Errors, 1 Assembly Warning
"../Lab7.2main.asm", WARNING! at line 64: [W5369] Silicon Errata CPU40: A jump instruction at the end of a section should be followed by a NOP.
				jmp 	main
 
Finished building: "../Lab7.2main.asm"
 
Building target: "Lab7.2_ASM_SetClearTest_Jones.out"
Invoking: MSP430 Linker
"C:/ti/ccs1281/ccs/tools/compiler/ti-cgt-msp430_21.6.1.LTS/bin/cl430" -vmspx --code_model=small --data_model=small --use_hw_mpy=F5 --advice:power=all --advice:hw_config=all --define=__MSP430FR2355__ --define=_FRWP_ENABLE --define=_INFO_FRWP_ENABLE -g --printf_support=minimal --diag_warning=225 --diag_wrap=off --display_error_number --silicon_errata=CPU21 --silicon_errata=CPU22 --silicon_errata=CPU40 -z -m"Lab7.2_ASM_SetClearTest_Jones.map" --heap_size=0 --stack_size=0 --cinit_hold_wdt=on -i"C:/ti/ccs1281/ccs/ccs_base/msp430/include" -i"C:/ti/ccs1281/ccs/ccs_base/msp430/lib/FR2xx" -i"C:/ti/ccs1281/ccs/tools/compiler/ti-cgt-msp430_21.6.1.LTS/lib" -i"C:/ti/ccs1281/ccs/tools/compiler/ti-cgt-msp430_21.6.1.LTS/include" --priority --reread_libs --define=_FRWP_ENABLE --define=_INFO_FRWP_ENABLE --diag_wrap=off --display_error_number --warn_sections --xml_link_info="Lab7.2_ASM_SetClearTest_Jones_linkInfo.xml" --entry_point=RESET --use_hw_mpy=F5 -o "Lab7.2_ASM_SetClearTest_Jones.out" "./Lab7.2main.obj" "../lnk_msp430fr2355.cmd"  -lfrwp_init.a -llibc.a 
<Linking>
Finished building target: "Lab7.2_ASM_SetClearTest_Jones.out"
 

**** Build Finished ****

**** Build of configuration Debug for project Lab7.3_ASM_Rotate-Instruct_Jones ****

"C:\\ti\\ccs1281\\ccs\\utils\\bin\\gmake" -k -j 8 all -O 
 
gmake[1]: 'Lab7.3_ASM_Rotate-Instruct_Jones.out' is up to date.

**** Build Finished ****

**** Build of configuration Debug for project Chp9.1_CodeExample ****

"C:\\ti\\ccs1281\\ccs\\utils\\bin\\gmake" -k -j 8 all -O 
 
Building file: "../9.1main.asm"
Invoking: MSP430 Compiler
"C:/ti/ccs1281/ccs/tools/compiler/ti-cgt-msp430_21.6.1.LTS/bin/cl430" -vmspx --code_model=small --data_model=small --use_hw_mpy=F5 --include_path="C:/ti/ccs1281/ccs/ccs_base/msp430/include" --include_path="C:/ALL_STORAGE_HERE/Classwork/Spring 2026/Microproccesors/CCS Workspace/Chp9.1_CodeExample" --include_path="C:/ti/ccs1281/ccs/tools/compiler/ti-cgt-msp430_21.6.1.LTS/include" --advice:power=all --advice:hw_config=all --define=__MSP430FR2355__ --define=_FRWP_ENABLE --define=_INFO_FRWP_ENABLE -g --printf_support=minimal --diag_warning=225 --diag_wrap=off --display_error_number --silicon_errata=CPU21 --silicon_errata=CPU22 --silicon_errata=CPU40 --preproc_with_compile --preproc_dependency="9.1main.d_raw"  "../9.1main.asm"
No Assembly Errors, 1 Assembly Warning
"../9.1main.asm", WARNING! at line 34: [W5369] Silicon Errata CPU40: A jump instruction at the end of a section should be followed by a NOP.
				jmp 	main
 
Finished building: "../9.1main.asm"
 
Building target: "Chp9.1_CodeExample.out"
Invoking: MSP430 Linker
"C:/ti/ccs1281/ccs/tools/compiler/ti-cgt-msp430_21.6.1.LTS/bin/cl430" -vmspx --code_model=small --data_model=small --use_hw_mpy=F5 --advice:power=all --advice:hw_config=all --define=__MSP430FR2355__ --define=_FRWP_ENABLE --define=_INFO_FRWP_ENABLE -g --printf_support=minimal --diag_warning=225 --diag_wrap=off --display_error_number --silicon_errata=CPU21 --silicon_errata=CPU22 --silicon_errata=CPU40 -z -m"Chp9.1_CodeExample.map" --heap_size=0 --stack_size=0 --cinit_hold_wdt=on -i"C:/ti/ccs1281/ccs/ccs_base/msp430/include" -i"C:/ti/ccs1281/ccs/ccs_base/msp430/lib/FR2xx" -i"C:/ti/ccs1281/ccs/tools/compiler/ti-cgt-msp430_21.6.1.LTS/lib" -i"C:/ti/ccs1281/ccs/tools/compiler/ti-cgt-msp430_21.6.1.LTS/include" --priority --reread_libs --define=_FRWP_ENABLE --define=_INFO_FRWP_ENABLE --diag_wrap=off --display_error_number --warn_sections --xml_link_info="Chp9.1_CodeExample_linkInfo.xml" --entry_point=RESET --use_hw_mpy=F5 -o "Chp9.1_CodeExample.out" "./9.1main.obj" "../lnk_msp430fr2355.cmd"  -lfrwp_init.a -llibc.a 
<Linking>
Finished building target: "Chp9.1_CodeExample.out"
 

**** Build Finished ****

**** Build of configuration Debug for project Chp7.2_CodeExample ****

"C:\\ti\\ccs1281\\ccs\\utils\\bin\\gmake" -k -j 8 all -O 
 
Building file: "../7.2main.asm"
Invoking: MSP430 Compiler
"C:/ti/ccs1281/ccs/tools/compiler/ti-cgt-msp430_21.6.1.LTS/bin/cl430" -vmspx --code_model=small --data_model=small --use_hw_mpy=F5 --include_path="C:/ti/ccs1281/ccs/ccs_base/msp430/include" --include_path="C:/ALL_STORAGE_HERE/Classwork/Spring 2026/Microproccesors/CCS Workspace/Chp7.2_CodeExample" --include_path="C:/ti/ccs1281/ccs/tools/compiler/ti-cgt-msp430_21.6.1.LTS/include" --advice:power=all --advice:hw_config=all --define=__MSP430FR2355__ --define=_FRWP_ENABLE --define=_INFO_FRWP_ENABLE -g --printf_support=minimal --diag_warning=225 --diag_wrap=off --display_error_number --silicon_errata=CPU21 --silicon_errata=CPU22 --silicon_errata=CPU40 --preproc_with_compile --preproc_dependency="7.2main.d_raw"  "../7.2main.asm"
No Assembly Errors, 1 Assembly Warning
"../7.2main.asm", WARNING! at line 41: [W5369] Silicon Errata CPU40: A jump instruction at the end of a section should be followed by a NOP.
				jmp		main
 
Finished building: "../7.2main.asm"
 
Building target: "Chp7.2_CodeExample.out"
Invoking: MSP430 Linker
"C:/ti/ccs1281/ccs/tools/compiler/ti-cgt-msp430_21.6.1.LTS/bin/cl430" -vmspx --code_model=small --data_model=small --use_hw_mpy=F5 --advice:power=all --advice:hw_config=all --define=__MSP430FR2355__ --define=_FRWP_ENABLE --define=_INFO_FRWP_ENABLE -g --printf_support=minimal --diag_warning=225 --diag_wrap=off --display_error_number --silicon_errata=CPU21 --silicon_errata=CPU22 --silicon_errata=CPU40 -z -m"Chp7.2_CodeExample.map" --heap_size=0 --stack_size=0 --cinit_hold_wdt=on -i"C:/ti/ccs1281/ccs/ccs_base/msp430/include" -i"C:/ti/ccs1281/ccs/ccs_base/msp430/lib/FR2xx" -i"C:/ti/ccs1281/ccs/tools/compiler/ti-cgt-msp430_21.6.1.LTS/lib" -i"C:/ti/ccs1281/ccs/tools/compiler/ti-cgt-msp430_21.6.1.LTS/include" --priority --reread_libs --define=_FRWP_ENABLE --define=_INFO_FRWP_ENABLE --diag_wrap=off --display_error_number --warn_sections --xml_link_info="Chp7.2_CodeExample_linkInfo.xml" --entry_point=RESET --use_hw_mpy=F5 -o "Chp7.2_CodeExample.out" "./7.2main.obj" "../lnk_msp430fr2355.cmd"  -lfrwp_init.a -llibc.a 
<Linking>
Finished building target: "Chp7.2_CodeExample.out"
 

**** Build Finished ****

**** Clean-only build of configuration Debug for project Lab9.1_ASM_DigitInOut_Jones ****

"C:\\ti\\ccs1281\\ccs\\utils\\bin\\gmake" -k -j 8 clean -O 
 
DEL /F  "Lab9.1_ASM_DigitInOut_Jones.out" 
DEL /F "Lab9.1main.obj" 
DEL /F "Lab9.1main.d" 
Could Not Find C:\ALL_STORAGE_HERE\Classwork\Spring 2026\Microproccesors\CCS Workspace\Lab9.1_ASM_DigitInOut_Jones\Debug\Lab9.1main.d
Finished clean
 

**** Build Finished ****

**** Build of configuration Debug for project Lab9.1_ASM_DigitInOut_Jones ****

"C:\\ti\\ccs1281\\ccs\\utils\\bin\\gmake" -k -j 8 all -O 
 
Building file: "../Lab9.1main.asm"
Invoking: MSP430 Compiler
"C:/ti/ccs1281/ccs/tools/compiler/ti-cgt-msp430_21.6.1.LTS/bin/cl430" -vmspx --code_model=small --data_model=small --use_hw_mpy=F5 --include_path="C:/ti/ccs1281/ccs/ccs_base/msp430/include" --include_path="C:/ALL_STORAGE_HERE/Classwork/Spring 2026/Microproccesors/CCS Workspace/Lab9.1_ASM_DigitInOut_Jones" --include_path="C:/ti/ccs1281/ccs/tools/compiler/ti-cgt-msp430_21.6.1.LTS/include" --advice:power=all --advice:hw_config=all --define=__MSP430FR2355__ --define=_FRWP_ENABLE --define=_INFO_FRWP_ENABLE -g --printf_support=minimal --diag_warning=225 --diag_wrap=off --display_error_number --silicon_errata=CPU21 --silicon_errata=CPU22 --silicon_errata=CPU40 --preproc_with_compile --preproc_dependency="Lab9.1main.d_raw"  "../Lab9.1main.asm"
No Assembly Errors, 1 Assembly Warning
"../Lab9.1main.asm", WARNING! at line 114: [W5369] Silicon Errata CPU40: A jump instruction at the end of a section should be followed by a NOP.
				jmp		main
 
Finished building: "../Lab9.1main.asm"
 
Building target: "Lab9.1_ASM_DigitInOut_Jones.out"
Invoking: MSP430 Linker
"C:/ti/ccs1281/ccs/tools/compiler/ti-cgt-msp430_21.6.1.LTS/bin/cl430" -vmspx --code_model=small --data_model=small --use_hw_mpy=F5 --advice:power=all --advice:hw_config=all --define=__MSP430FR2355__ --define=_FRWP_ENABLE --define=_INFO_FRWP_ENABLE -g --printf_support=minimal --diag_warning=225 --diag_wrap=off --display_error_number --silicon_errata=CPU21 --silicon_errata=CPU22 --silicon_errata=CPU40 -z -m"Lab9.1_ASM_DigitInOut_Jones.map" --heap_size=0 --stack_size=0 --cinit_hold_wdt=on -i"C:/ti/ccs1281/ccs/ccs_base/msp430/include" -i"C:/ti/ccs1281/ccs/ccs_base/msp430/lib/FR2xx" -i"C:/ti/ccs1281/ccs/tools/compiler/ti-cgt-msp430_21.6.1.LTS/lib" -i"C:/ti/ccs1281/ccs/tools/compiler/ti-cgt-msp430_21.6.1.LTS/include" --priority --reread_libs --define=_FRWP_ENABLE --define=_INFO_FRWP_ENABLE --diag_wrap=off --display_error_number --warn_sections --xml_link_info="Lab9.1_ASM_DigitInOut_Jones_linkInfo.xml" --entry_point=RESET --use_hw_mpy=F5 -o "Lab9.1_ASM_DigitInOut_Jones.out" "./Lab9.1main.obj" "../lnk_msp430fr2355.cmd"  -lfrwp_init.a -llibc.a 
<Linking>
Finished building target: "Lab9.1_ASM_DigitInOut_Jones.out"
 

**** Build Finished ****

**** Build of configuration Debug for project Lab7.3_ASM_Rotate-Instruct_Jones ****

"C:\\ti\\ccs1281\\ccs\\utils\\bin\\gmake" -k -j 8 all -O 
 
gmake[1]: 'Lab7.3_ASM_Rotate-Instruct_Jones.out' is up to date.

**** Build Finished ****

**** Build of configuration Debug for project Lab9.1_ASM_DigitInOut_Jones ****

"C:\\ti\\ccs1281\\ccs\\utils\\bin\\gmake" -k -j 8 all -O 
 
gmake[1]: 'Lab9.1_ASM_DigitInOut_Jones.out' is up to date.

**** Build Finished ****

**** Clean-only build of configuration Debug for project Chp6.1_CodeExample ****

"C:\\ti\\ccs1281\\ccs\\utils\\bin\\gmake" -k -j 8 clean -O 
 
DEL /F  "Chp6.1-6.3_CodeExample.out" 
DEL /F "6.1-6.3main.obj" 
DEL /F "6.1-6.3main.d" 
Could Not Find C:\ALL_STORAGE_HERE\Classwork\Spring 2026\Microproccesors\CCS Workspace\Chp6.1_CodeExample\Debug\6.1-6.3main.d
Finished clean
 

**** Build Finished ****

**** Clean-only build of configuration Debug for project Chp6.1_CodeExample ****

"C:\\ti\\ccs1281\\ccs\\utils\\bin\\gmake" -k -j 8 clean -O 
 
DEL /F  "Chp6.1-6.3_CodeExample.out" 
DEL /F "6.1-6.3main.obj" 
DEL /F "6.1-6.3main.d" 
Could Not Find C:\ALL_STORAGE_HERE\Classwork\Spring 2026\Microproccesors\CCS Workspace\Chp6.1_CodeExample\Debug\Chp6.1-6.3_CodeExample.out
Could Not Find C:\ALL_STORAGE_HERE\Classwork\Spring 2026\Microproccesors\CCS Workspace\Chp6.1_CodeExample\Debug\6.1-6.3main.obj
Could Not Find C:\ALL_STORAGE_HERE\Classwork\Spring 2026\Microproccesors\CCS Workspace\Chp6.1_CodeExample\Debug\6.1-6.3main.d
Finished clean
 

**** Build Finished ****

**** Clean-only build of configuration Debug for project Chp6.4_CodeExample ****

"C:\\ti\\ccs1281\\ccs\\utils\\bin\\gmake" -k -j 8 clean -O 
 
DEL /F  "Chp6.4-6.5_CodeExample.out" 
DEL /F "main.obj" 
DEL /F "main.d" 
Could Not Find C:\ALL_STORAGE_HERE\Classwork\Spring 2026\Microproccesors\CCS Workspace\Chp6.4_CodeExample\Debug\main.d
Finished clean
 

**** Build Finished ****

**** Clean-only build of configuration Debug for project Chp6.4_CodeExample ****

"C:\\ti\\ccs1281\\ccs\\utils\\bin\\gmake" -k -j 8 clean -O 
 
DEL /F  "Chp6.4-6.5_CodeExample.out" 
DEL /F "main.obj" 
DEL /F "main.d" 
Could Not Find C:\ALL_STORAGE_HERE\Classwork\Spring 2026\Microproccesors\CCS Workspace\Chp6.4_CodeExample\Debug\Chp6.4-6.5_CodeExample.out
Could Not Find C:\ALL_STORAGE_HERE\Classwork\Spring 2026\Microproccesors\CCS Workspace\Chp6.4_CodeExample\Debug\main.obj
Could Not Find C:\ALL_STORAGE_HERE\Classwork\Spring 2026\Microproccesors\CCS Workspace\Chp6.4_CodeExample\Debug\main.d
Finished clean
 

**** Build Finished ****

**** Clean-only build of configuration Debug for project Chp7.1_CodeExample ****

"C:\\ti\\ccs1281\\ccs\\utils\\bin\\gmake" -k -j 8 clean -O 
 
DEL /F  "Chp7.1-7.2_CodeExample.out" 
DEL /F "7.1-7.2main.obj" 
DEL /F "7.1-7.2main.d" 
Could Not Find C:\ALL_STORAGE_HERE\Classwork\Spring 2026\Microproccesors\CCS Workspace\Chp7.1_CodeExample\Debug\7.1-7.2main.d
Finished clean
 

**** Build Finished ****

**** Clean-only build of configuration Debug for project Chp7.1_CodeExample ****

"C:\\ti\\ccs1281\\ccs\\utils\\bin\\gmake" -k -j 8 clean -O 
 
DEL /F  "Chp7.1-7.2_CodeExample.out" 
DEL /F "7.1-7.2main.obj" 
DEL /F "7.1-7.2main.d" 
Could Not Find C:\ALL_STORAGE_HERE\Classwork\Spring 2026\Microproccesors\CCS Workspace\Chp7.1_CodeExample\Debug\Chp7.1-7.2_CodeExample.out
Could Not Find C:\ALL_STORAGE_HERE\Classwork\Spring 2026\Microproccesors\CCS Workspace\Chp7.1_CodeExample\Debug\7.1-7.2main.obj
Could Not Find C:\ALL_STORAGE_HERE\Classwork\Spring 2026\Microproccesors\CCS Workspace\Chp7.1_CodeExample\Debug\7.1-7.2main.d
Finished clean
 

**** Build Finished ****

**** Clean-only build of configuration Debug for project Chp7.2_CodeExample ****

"C:\\ti\\ccs1281\\ccs\\utils\\bin\\gmake" -k -j 8 clean -O 
 
DEL /F  "Chp7.2_CodeExample.out" 
DEL /F "7.2main.obj" 
DEL /F "7.2main.d" 
Could Not Find C:\ALL_STORAGE_HERE\Classwork\Spring 2026\Microproccesors\CCS Workspace\Chp7.2_CodeExample\Debug\7.2main.d
Finished clean
 

**** Build Finished ****

**** Clean-only build of configuration Debug for project Chp7.2_CodeExample ****

"C:\\ti\\ccs1281\\ccs\\utils\\bin\\gmake" -k -j 8 clean -O 
 
DEL /F  "Chp7.2_CodeExample.out" 
DEL /F "7.2main.obj" 
DEL /F "7.2main.d" 
Could Not Find C:\ALL_STORAGE_HERE\Classwork\Spring 2026\Microproccesors\CCS Workspace\Chp7.2_CodeExample\Debug\Chp7.2_CodeExample.out
Could Not Find C:\ALL_STORAGE_HERE\Classwork\Spring 2026\Microproccesors\CCS Workspace\Chp7.2_CodeExample\Debug\7.2main.obj
Could Not Find C:\ALL_STORAGE_HERE\Classwork\Spring 2026\Microproccesors\CCS Workspace\Chp7.2_CodeExample\Debug\7.2main.d
Finished clean
 

**** Build Finished ****

**** Clean-only build of configuration Debug for project Chp7.3-7.4_ExampleCode ****

"C:\\ti\\ccs1281\\ccs\\utils\\bin\\gmake" -k -j 8 clean -O 
 
DEL /F  "Chp7.3-7.4_ExampleCode.out" 
DEL /F "7.3-7.4main.obj" 
DEL /F "7.3-7.4main.d" 
Could Not Find C:\ALL_STORAGE_HERE\Classwork\Spring 2026\Microproccesors\CCS Workspace\Chp7.3-7.4_ExampleCode\Debug\7.3-7.4main.d
Finished clean
 

**** Build Finished ****

**** Clean-only build of configuration Debug for project Chp7.3-7.4_ExampleCode ****

"C:\\ti\\ccs1281\\ccs\\utils\\bin\\gmake" -k -j 8 clean -O 
 
DEL /F  "Chp7.3-7.4_ExampleCode.out" 
DEL /F "7.3-7.4main.obj" 
DEL /F "7.3-7.4main.d" 
Could Not Find C:\ALL_STORAGE_HERE\Classwork\Spring 2026\Microproccesors\CCS Workspace\Chp7.3-7.4_ExampleCode\Debug\Chp7.3-7.4_ExampleCode.out
Could Not Find C:\ALL_STORAGE_HERE\Classwork\Spring 2026\Microproccesors\CCS Workspace\Chp7.3-7.4_ExampleCode\Debug\7.3-7.4main.obj
Could Not Find C:\ALL_STORAGE_HERE\Classwork\Spring 2026\Microproccesors\CCS Workspace\Chp7.3-7.4_ExampleCode\Debug\7.3-7.4main.d
Finished clean
 

**** Build Finished ****

**** Clean-only build of configuration Debug for project Chp9.1_CodeExample ****

"C:\\ti\\ccs1281\\ccs\\utils\\bin\\gmake" -k -j 8 clean -O 
 
DEL /F  "Chp9.1_CodeExample.out" 
DEL /F "9.1main.obj" 
DEL /F "9.1main.d" 
Could Not Find C:\ALL_STORAGE_HERE\Classwork\Spring 2026\Microproccesors\CCS Workspace\Chp9.1_CodeExample\Debug\9.1main.d
Finished clean
 

**** Build Finished ****

**** Clean-only build of configuration Debug for project Chp9.1_CodeExample ****

"C:\\ti\\ccs1281\\ccs\\utils\\bin\\gmake" -k -j 8 clean -O 
 
DEL /F  "Chp9.1_CodeExample.out" 
DEL /F "9.1main.obj" 
DEL /F "9.1main.d" 
Could Not Find C:\ALL_STORAGE_HERE\Classwork\Spring 2026\Microproccesors\CCS Workspace\Chp9.1_CodeExample\Debug\Chp9.1_CodeExample.out
Could Not Find C:\ALL_STORAGE_HERE\Classwork\Spring 2026\Microproccesors\CCS Workspace\Chp9.1_CodeExample\Debug\9.1main.obj
Could Not Find C:\ALL_STORAGE_HERE\Classwork\Spring 2026\Microproccesors\CCS Workspace\Chp9.1_CodeExample\Debug\9.1main.d
Finished clean
 

**** Build Finished ****

**** Clean-only build of configuration Debug for project Lab1.1_ASM_Blinky1_Jones ****

"C:\\ti\\ccs1281\\ccs\\utils\\bin\\gmake" -k -j 8 clean -O 
 
DEL /F  "Lab1.1_ASM_Blinky1_Jones.out" 
DEL /F "main_Lab1.1.obj" 
DEL /F "main_Lab1.1.d" 
Could Not Find C:\ALL_STORAGE_HERE\Classwork\Spring 2026\Microproccesors\CCS Workspace\Lab1.1_ASM_Blinky1_Jones\Debug\main_Lab1.1.d
Finished clean
 

**** Build Finished ****

**** Clean-only build of configuration Debug for project Lab1.1_ASM_Blinky1_Jones ****

"C:\\ti\\ccs1281\\ccs\\utils\\bin\\gmake" -k -j 8 clean -O 
 
DEL /F  "Lab1.1_ASM_Blinky1_Jones.out" 
DEL /F "main_Lab1.1.obj" 
DEL /F "main_Lab1.1.d" 
Could Not Find C:\ALL_STORAGE_HERE\Classwork\Spring 2026\Microproccesors\CCS Workspace\Lab1.1_ASM_Blinky1_Jones\Debug\Lab1.1_ASM_Blinky1_Jones.out
Could Not Find C:\ALL_STORAGE_HERE\Classwork\Spring 2026\Microproccesors\CCS Workspace\Lab1.1_ASM_Blinky1_Jones\Debug\main_Lab1.1.obj
Could Not Find C:\ALL_STORAGE_HERE\Classwork\Spring 2026\Microproccesors\CCS Workspace\Lab1.1_ASM_Blinky1_Jones\Debug\main_Lab1.1.d
Finished clean
 

**** Build Finished ****

**** Clean-only build of configuration Debug for project Lab5.1_ASM_Debugger_Jones ****

"C:\\ti\\ccs1281\\ccs\\utils\\bin\\gmake" -k -j 8 clean -O 
 
DEL /F  "Lab5.1_ASM_Debugger_Jones.out" 
DEL /F "Lab5.1main.obj" 
DEL /F "Lab5.1main.d" 
Could Not Find C:\ALL_STORAGE_HERE\Classwork\Spring 2026\Microproccesors\CCS Workspace\Lab5.1_ASM_Debugger_Jones\Debug\Lab5.1main.d
Finished clean
 

**** Build Finished ****

**** Clean-only build of configuration Debug for project Lab5.1_ASM_Debugger_Jones ****

"C:\\ti\\ccs1281\\ccs\\utils\\bin\\gmake" -k -j 8 clean -O 
 
DEL /F  "Lab5.1_ASM_Debugger_Jones.out" 
DEL /F "Lab5.1main.obj" 
DEL /F "Lab5.1main.d" 
Could Not Find C:\ALL_STORAGE_HERE\Classwork\Spring 2026\Microproccesors\CCS Workspace\Lab5.1_ASM_Debugger_Jones\Debug\Lab5.1_ASM_Debugger_Jones.out
Could Not Find C:\ALL_STORAGE_HERE\Classwork\Spring 2026\Microproccesors\CCS Workspace\Lab5.1_ASM_Debugger_Jones\Debug\Lab5.1main.obj
Could Not Find C:\ALL_STORAGE_HERE\Classwork\Spring 2026\Microproccesors\CCS Workspace\Lab5.1_ASM_Debugger_Jones\Debug\Lab5.1main.d
Finished clean
 

**** Build Finished ****

**** Clean-only build of configuration Debug for project Lab6.1_ASM_RegImmAbsMode_Jones ****

"C:\\ti\\ccs1281\\ccs\\utils\\bin\\gmake" -k -j 8 clean -O 
 
DEL /F  "Lab6.1_ASM_RegImmAbsMode_Jones.out" 
DEL /F "Lab6.1main.obj" 
DEL /F "Lab6.1main.d" 
Could Not Find C:\ALL_STORAGE_HERE\Classwork\Spring 2026\Microproccesors\CCS Workspace\Lab6.1_ASM_RegImmAbsMode_Jones\Debug\Lab6.1main.d
Finished clean
 

**** Build Finished ****

**** Clean-only build of configuration Debug for project Lab6.1_ASM_RegImmAbsMode_Jones ****

"C:\\ti\\ccs1281\\ccs\\utils\\bin\\gmake" -k -j 8 clean -O 
 
DEL /F  "Lab6.1_ASM_RegImmAbsMode_Jones.out" 
DEL /F "Lab6.1main.obj" 
DEL /F "Lab6.1main.d" 
Could Not Find C:\ALL_STORAGE_HERE\Classwork\Spring 2026\Microproccesors\CCS Workspace\Lab6.1_ASM_RegImmAbsMode_Jones\Debug\Lab6.1_ASM_RegImmAbsMode_Jones.out
Could Not Find C:\ALL_STORAGE_HERE\Classwork\Spring 2026\Microproccesors\CCS Workspace\Lab6.1_ASM_RegImmAbsMode_Jones\Debug\Lab6.1main.obj
Could Not Find C:\ALL_STORAGE_HERE\Classwork\Spring 2026\Microproccesors\CCS Workspace\Lab6.1_ASM_RegImmAbsMode_Jones\Debug\Lab6.1main.d
Finished clean
 

**** Build Finished ****

**** Clean-only build of configuration Debug for project Lab6.2_ASM_SymIndMode_Jones ****

"C:\\ti\\ccs1281\\ccs\\utils\\bin\\gmake" -k -j 8 clean -O 
 
DEL /F  "Lab6.2_ASM_SymIndMode_Jones.out" 
DEL /F "Lab6.2main.obj" 
DEL /F "Lab6.2main.d" 
Could Not Find C:\ALL_STORAGE_HERE\Classwork\Spring 2026\Microproccesors\CCS Workspace\Lab6.2_ASM_SymIndMode_Jones\Debug\Lab6.2main.d
Finished clean
 

**** Build Finished ****

**** Clean-only build of configuration Debug for project Lab6.2_ASM_SymIndMode_Jones ****

"C:\\ti\\ccs1281\\ccs\\utils\\bin\\gmake" -k -j 8 clean -O 
 
DEL /F  "Lab6.2_ASM_SymIndMode_Jones.out" 
DEL /F "Lab6.2main.obj" 
DEL /F "Lab6.2main.d" 
Could Not Find C:\ALL_STORAGE_HERE\Classwork\Spring 2026\Microproccesors\CCS Workspace\Lab6.2_ASM_SymIndMode_Jones\Debug\Lab6.2_ASM_SymIndMode_Jones.out
Could Not Find C:\ALL_STORAGE_HERE\Classwork\Spring 2026\Microproccesors\CCS Workspace\Lab6.2_ASM_SymIndMode_Jones\Debug\Lab6.2main.obj
Could Not Find C:\ALL_STORAGE_HERE\Classwork\Spring 2026\Microproccesors\CCS Workspace\Lab6.2_ASM_SymIndMode_Jones\Debug\Lab6.2main.d
Finished clean
 

**** Build Finished ****

**** Clean-only build of configuration Debug for project Lab6.3_ASM_AutoIndexedMode_Jones ****

"C:\\ti\\ccs1281\\ccs\\utils\\bin\\gmake" -k -j 8 clean -O 
 
DEL /F  "Lab6.3_ASM_AutoIndexedMode_Jones.out" 
DEL /F "Lab6.3main.obj" 
DEL /F "Lab6.3main.d" 
Could Not Find C:\ALL_STORAGE_HERE\Classwork\Spring 2026\Microproccesors\CCS Workspace\Lab6.3_ASM_AutoIndexedMode_Jones\Debug\Lab6.3main.d
Finished clean
 

**** Build Finished ****

**** Clean-only build of configuration Debug for project Lab6.3_ASM_AutoIndexedMode_Jones ****

"C:\\ti\\ccs1281\\ccs\\utils\\bin\\gmake" -k -j 8 clean -O 
 
DEL /F  "Lab6.3_ASM_AutoIndexedMode_Jones.out" 
DEL /F "Lab6.3main.obj" 
DEL /F "Lab6.3main.d" 
Could Not Find C:\ALL_STORAGE_HERE\Classwork\Spring 2026\Microproccesors\CCS Workspace\Lab6.3_ASM_AutoIndexedMode_Jones\Debug\Lab6.3_ASM_AutoIndexedMode_Jones.out
Could Not Find C:\ALL_STORAGE_HERE\Classwork\Spring 2026\Microproccesors\CCS Workspace\Lab6.3_ASM_AutoIndexedMode_Jones\Debug\Lab6.3main.obj
Could Not Find C:\ALL_STORAGE_HERE\Classwork\Spring 2026\Microproccesors\CCS Workspace\Lab6.3_ASM_AutoIndexedMode_Jones\Debug\Lab6.3main.d
Finished clean
 

**** Build Finished ****

**** Clean-only build of configuration Debug for project Lab7.1_ASM_ArithLogic_Jones ****

"C:\\ti\\ccs1281\\ccs\\utils\\bin\\gmake" -k -j 8 clean -O 
 
DEL /F  "Lab7.1_ASM_ArithLogic_Jones.out" 
DEL /F "Lab7.1main.obj" 
DEL /F "Lab7.1main.d" 
Could Not Find C:\ALL_STORAGE_HERE\Classwork\Spring 2026\Microproccesors\CCS Workspace\Lab7.1_ASM_ArithLogic_Jones\Debug\Lab7.1main.d
Finished clean
 

**** Build Finished ****

**** Clean-only build of configuration Debug for project Lab7.1_ASM_ArithLogic_Jones ****

"C:\\ti\\ccs1281\\ccs\\utils\\bin\\gmake" -k -j 8 clean -O 
 
DEL /F  "Lab7.1_ASM_ArithLogic_Jones.out" 
DEL /F "Lab7.1main.obj" 
DEL /F "Lab7.1main.d" 
Could Not Find C:\ALL_STORAGE_HERE\Classwork\Spring 2026\Microproccesors\CCS Workspace\Lab7.1_ASM_ArithLogic_Jones\Debug\Lab7.1_ASM_ArithLogic_Jones.out
Could Not Find C:\ALL_STORAGE_HERE\Classwork\Spring 2026\Microproccesors\CCS Workspace\Lab7.1_ASM_ArithLogic_Jones\Debug\Lab7.1main.obj
Could Not Find C:\ALL_STORAGE_HERE\Classwork\Spring 2026\Microproccesors\CCS Workspace\Lab7.1_ASM_ArithLogic_Jones\Debug\Lab7.1main.d
Finished clean
 

**** Build Finished ****

**** Clean-only build of configuration Debug for project Lab7.2_ASM_SetClearTest_Jones ****

"C:\\ti\\ccs1281\\ccs\\utils\\bin\\gmake" -k -j 8 clean -O 
 
DEL /F  "Lab7.2_ASM_SetClearTest_Jones.out" 
DEL /F "Lab7.2main.obj" 
DEL /F "Lab7.2main.d" 
Could Not Find C:\ALL_STORAGE_HERE\Classwork\Spring 2026\Microproccesors\CCS Workspace\Lab7.2_ASM_SetClearTest_Jones\Debug\Lab7.2main.d
Finished clean
 

**** Build Finished ****

**** Clean-only build of configuration Debug for project Lab7.2_ASM_SetClearTest_Jones ****

"C:\\ti\\ccs1281\\ccs\\utils\\bin\\gmake" -k -j 8 clean -O 
 
DEL /F  "Lab7.2_ASM_SetClearTest_Jones.out" 
DEL /F "Lab7.2main.obj" 
DEL /F "Lab7.2main.d" 
Could Not Find C:\ALL_STORAGE_HERE\Classwork\Spring 2026\Microproccesors\CCS Workspace\Lab7.2_ASM_SetClearTest_Jones\Debug\Lab7.2_ASM_SetClearTest_Jones.out
Could Not Find C:\ALL_STORAGE_HERE\Classwork\Spring 2026\Microproccesors\CCS Workspace\Lab7.2_ASM_SetClearTest_Jones\Debug\Lab7.2main.obj
Could Not Find C:\ALL_STORAGE_HERE\Classwork\Spring 2026\Microproccesors\CCS Workspace\Lab7.2_ASM_SetClearTest_Jones\Debug\Lab7.2main.d
Finished clean
 

**** Build Finished ****

**** Clean-only build of configuration Debug for project Lab7.3_ASM_Rotate-Instruct_Jones ****

"C:\\ti\\ccs1281\\ccs\\utils\\bin\\gmake" -k -j 8 clean -O 
 
DEL /F  "Lab7.3_ASM_Rotate-Instruct_Jones.out" 
DEL /F "Lab7.3main.obj" 
DEL /F "Lab7.3main.d" 
Could Not Find C:\ALL_STORAGE_HERE\Classwork\Spring 2026\Microproccesors\CCS Workspace\Lab7.3_ASM_Rotate-Instruct_Jones\Debug\Lab7.3main.d
Finished clean
 

**** Build Finished ****

**** Clean-only build of configuration Debug for project Lab7.3_ASM_Rotate-Instruct_Jones ****

"C:\\ti\\ccs1281\\ccs\\utils\\bin\\gmake" -k -j 8 clean -O 
 
DEL /F  "Lab7.3_ASM_Rotate-Instruct_Jones.out" 
DEL /F "Lab7.3main.obj" 
DEL /F "Lab7.3main.d" 
Could Not Find C:\ALL_STORAGE_HERE\Classwork\Spring 2026\Microproccesors\CCS Workspace\Lab7.3_ASM_Rotate-Instruct_Jones\Debug\Lab7.3_ASM_Rotate-Instruct_Jones.out
Could Not Find C:\ALL_STORAGE_HERE\Classwork\Spring 2026\Microproccesors\CCS Workspace\Lab7.3_ASM_Rotate-Instruct_Jones\Debug\Lab7.3main.obj
Could Not Find C:\ALL_STORAGE_HERE\Classwork\Spring 2026\Microproccesors\CCS Workspace\Lab7.3_ASM_Rotate-Instruct_Jones\Debug\Lab7.3main.d
Finished clean
 

**** Build Finished ****

**** Clean-only build of configuration Debug for project Lab9.1_ASM_DigitInOut_Jones ****

"C:\\ti\\ccs1281\\ccs\\utils\\bin\\gmake" -k -j 8 clean -O 
 
DEL /F  "Lab9.1_ASM_DigitInOut_Jones.out" 
DEL /F "Lab9.1main.obj" 
DEL /F "Lab9.1main.d" 
Could Not Find C:\ALL_STORAGE_HERE\Classwork\Spring 2026\Microproccesors\CCS Workspace\Lab9.1_ASM_DigitInOut_Jones\Debug\Lab9.1main.d
Finished clean
 

**** Build Finished ****

**** Clean-only build of configuration Debug for project Lab9.1_ASM_DigitInOut_Jones ****

"C:\\ti\\ccs1281\\ccs\\utils\\bin\\gmake" -k -j 8 clean -O 
 
DEL /F  "Lab9.1_ASM_DigitInOut_Jones.out" 
DEL /F "Lab9.1main.obj" 
DEL /F "Lab9.1main.d" 
Could Not Find C:\ALL_STORAGE_HERE\Classwork\Spring 2026\Microproccesors\CCS Workspace\Lab9.1_ASM_DigitInOut_Jones\Debug\Lab9.1_ASM_DigitInOut_Jones.out
Could Not Find C:\ALL_STORAGE_HERE\Classwork\Spring 2026\Microproccesors\CCS Workspace\Lab9.1_ASM_DigitInOut_Jones\Debug\Lab9.1main.obj
Could Not Find C:\ALL_STORAGE_HERE\Classwork\Spring 2026\Microproccesors\CCS Workspace\Lab9.1_ASM_DigitInOut_Jones\Debug\Lab9.1main.d
Finished clean
 

**** Build Finished ****

**** Clean-only build of configuration Debug for project Practical1_AddressingModes_Jones ****

"C:\\ti\\ccs1281\\ccs\\utils\\bin\\gmake" -k -j 8 clean -O 
 
DEL /F  "Practical1_AddressingModes_Jones.out" 
DEL /F "Practical1main.obj" 
DEL /F "Practical1main.d" 
Could Not Find C:\ALL_STORAGE_HERE\Classwork\Spring 2026\Microproccesors\CCS Workspace\Practical1_AddressingModes_Jones\Debug\Practical1main.d
Finished clean
 

**** Build Finished ****

**** Clean-only build of configuration Debug for project Practical1_AddressingModes_Jones ****

"C:\\ti\\ccs1281\\ccs\\utils\\bin\\gmake" -k -j 8 clean -O 
 
DEL /F  "Practical1_AddressingModes_Jones.out" 
DEL /F "Practical1main.obj" 
DEL /F "Practical1main.d" 
Could Not Find C:\ALL_STORAGE_HERE\Classwork\Spring 2026\Microproccesors\CCS Workspace\Practical1_AddressingModes_Jones\Debug\Practical1_AddressingModes_Jones.out
Could Not Find C:\ALL_STORAGE_HERE\Classwork\Spring 2026\Microproccesors\CCS Workspace\Practical1_AddressingModes_Jones\Debug\Practical1main.obj
Could Not Find C:\ALL_STORAGE_HERE\Classwork\Spring 2026\Microproccesors\CCS Workspace\Practical1_AddressingModes_Jones\Debug\Practical1main.d
Finished clean
 

**** Build Finished ****

**** Build of configuration Debug for project Lab9.1_ASM_DigitInOut_Jones ****

"C:\\ti\\ccs1281\\ccs\\utils\\bin\\gmake" -k -j 8 all -O 
 
Building file: "../Lab9.1main.asm"
Invoking: MSP430 Compiler
"C:/ti/ccs1281/ccs/tools/compiler/ti-cgt-msp430_21.6.1.LTS/bin/cl430" -vmspx --code_model=small --data_model=small --use_hw_mpy=F5 --include_path="C:/ti/ccs1281/ccs/ccs_base/msp430/include" --include_path="C:/ALL_STORAGE_HERE/Classwork/Spring 2026/Microproccesors/CCS Workspace/Lab9.1_ASM_DigitInOut_Jones" --include_path="C:/ti/ccs1281/ccs/tools/compiler/ti-cgt-msp430_21.6.1.LTS/include" --advice:power=all --advice:hw_config=all --define=__MSP430FR2355__ --define=_FRWP_ENABLE --define=_INFO_FRWP_ENABLE -g --printf_support=minimal --diag_warning=225 --diag_wrap=off --display_error_number --silicon_errata=CPU21 --silicon_errata=CPU22 --silicon_errata=CPU40 --preproc_with_compile --preproc_dependency="Lab9.1main.d_raw"  "../Lab9.1main.asm"
No Assembly Errors, 1 Assembly Warning
"../Lab9.1main.asm", WARNING! at line 114: [W5369] Silicon Errata CPU40: A jump instruction at the end of a section should be followed by a NOP.
				jmp		main
 
Finished building: "../Lab9.1main.asm"
 
Building target: "Lab9.1_ASM_DigitInOut_Jones.out"
Invoking: MSP430 Linker
"C:/ti/ccs1281/ccs/tools/compiler/ti-cgt-msp430_21.6.1.LTS/bin/cl430" -vmspx --code_model=small --data_model=small --use_hw_mpy=F5 --advice:power=all --advice:hw_config=all --define=__MSP430FR2355__ --define=_FRWP_ENABLE --define=_INFO_FRWP_ENABLE -g --printf_support=minimal --diag_warning=225 --diag_wrap=off --display_error_number --silicon_errata=CPU21 --silicon_errata=CPU22 --silicon_errata=CPU40 -z -m"Lab9.1_ASM_DigitInOut_Jones.map" --heap_size=0 --stack_size=0 --cinit_hold_wdt=on -i"C:/ti/ccs1281/ccs/ccs_base/msp430/include" -i"C:/ti/ccs1281/ccs/ccs_base/msp430/lib/FR2xx" -i"C:/ti/ccs1281/ccs/tools/compiler/ti-cgt-msp430_21.6.1.LTS/lib" -i"C:/ti/ccs1281/ccs/tools/compiler/ti-cgt-msp430_21.6.1.LTS/include" --priority --reread_libs --define=_FRWP_ENABLE --define=_INFO_FRWP_ENABLE --diag_wrap=off --display_error_number --warn_sections --xml_link_info="Lab9.1_ASM_DigitInOut_Jones_linkInfo.xml" --entry_point=RESET --use_hw_mpy=F5 -o "Lab9.1_ASM_DigitInOut_Jones.out" "./Lab9.1main.obj" "../lnk_msp430fr2355.cmd"  -lfrwp_init.a -llibc.a 
<Linking>
Finished building target: "Lab9.1_ASM_DigitInOut_Jones.out"
 

**** Build Finished ****

**** Build of configuration Debug for project Lab9.1_ASM_DigitInOut_Jones ****

"C:\\ti\\ccs1281\\ccs\\utils\\bin\\gmake" -k -j 8 all -O 
 
gmake[1]: 'Lab9.1_ASM_DigitInOut_Jones.out' is up to date.

**** Build Finished ****

**** Build of configuration Debug for project Lab9.1_ASM_DigitInOut_Jones ****

"C:\\ti\\ccs1281\\ccs\\utils\\bin\\gmake" -k -j 8 all -O 
 
Building file: "../Lab9.1main.asm"
Invoking: MSP430 Compiler
"C:/ti/ccs1281/ccs/tools/compiler/ti-cgt-msp430_21.6.1.LTS/bin/cl430" -vmspx --code_model=small --data_model=small --use_hw_mpy=F5 --include_path="C:/ti/ccs1281/ccs/ccs_base/msp430/include" --include_path="C:/ALL_STORAGE_HERE/Classwork/Spring 2026/Microproccesors/CCS Workspace/Lab9.1_ASM_DigitInOut_Jones" --include_path="C:/ti/ccs1281/ccs/tools/compiler/ti-cgt-msp430_21.6.1.LTS/include" --advice:power=all --advice:hw_config=all --define=__MSP430FR2355__ --define=_FRWP_ENABLE --define=_INFO_FRWP_ENABLE -g --printf_support=minimal --diag_warning=225 --diag_wrap=off --display_error_number --silicon_errata=CPU21 --silicon_errata=CPU22 --silicon_errata=CPU40 --preproc_with_compile --preproc_dependency="Lab9.1main.d_raw"  "../Lab9.1main.asm"
No Assembly Errors, 1 Assembly Warning
"../Lab9.1main.asm", WARNING! at line 117: [W5369] Silicon Errata CPU40: A jump instruction at the end of a section should be followed by a NOP.
				jmp		main
 
Finished building: "../Lab9.1main.asm"
 
Building target: "Lab9.1_ASM_DigitInOut_Jones.out"
Invoking: MSP430 Linker
"C:/ti/ccs1281/ccs/tools/compiler/ti-cgt-msp430_21.6.1.LTS/bin/cl430" -vmspx --code_model=small --data_model=small --use_hw_mpy=F5 --advice:power=all --advice:hw_config=all --define=__MSP430FR2355__ --define=_FRWP_ENABLE --define=_INFO_FRWP_ENABLE -g --printf_support=minimal --diag_warning=225 --diag_wrap=off --display_error_number --silicon_errata=CPU21 --silicon_errata=CPU22 --silicon_errata=CPU40 -z -m"Lab9.1_ASM_DigitInOut_Jones.map" --heap_size=0 --stack_size=0 --cinit_hold_wdt=on -i"C:/ti/ccs1281/ccs/ccs_base/msp430/include" -i"C:/ti/ccs1281/ccs/ccs_base/msp430/lib/FR2xx" -i"C:/ti/ccs1281/ccs/tools/compiler/ti-cgt-msp430_21.6.1.LTS/lib" -i"C:/ti/ccs1281/ccs/tools/compiler/ti-cgt-msp430_21.6.1.LTS/include" --priority --reread_libs --define=_FRWP_ENABLE --define=_INFO_FRWP_ENABLE --diag_wrap=off --display_error_number --warn_sections --xml_link_info="Lab9.1_ASM_DigitInOut_Jones_linkInfo.xml" --entry_point=RESET --use_hw_mpy=F5 -o "Lab9.1_ASM_DigitInOut_Jones.out" "./Lab9.1main.obj" "../lnk_msp430fr2355.cmd"  -lfrwp_init.a -llibc.a 
<Linking>
Finished building target: "Lab9.1_ASM_DigitInOut_Jones.out"
 

**** Build Finished ****

**** Clean-only build of configuration Debug for project Lab8.1_ASM_Jumps_Jones ****

"C:\\ti\\ccs1281\\ccs\\utils\\bin\\gmake" -k -j 8 clean -O 
 
DEL /F  "Lab8.1_ASM_Jumps_Jones.out" 
DEL /F "Lab8.1main.obj" 
DEL /F "Lab8.1main.d" 
Could Not Find C:\ALL_STORAGE_HERE\Classwork\Spring 2026\Microproccesors\CCS Workspace\Lab8.1_ASM_Jumps_Jones\Debug\Lab8.1main.d
Finished clean
 

**** Build Finished ****

**** Build of configuration Debug for project Lab8.1_ASM_Jumps_Jones ****

"C:\\ti\\ccs1281\\ccs\\utils\\bin\\gmake" -k -j 8 all -O 
 
Building file: "../Lab8.1main.asm"
Invoking: MSP430 Compiler
"C:/ti/ccs1281/ccs/tools/compiler/ti-cgt-msp430_21.6.1.LTS/bin/cl430" -vmspx --code_model=small --data_model=small --use_hw_mpy=F5 --include_path="C:/ti/ccs1281/ccs/ccs_base/msp430/include" --include_path="C:/ALL_STORAGE_HERE/Classwork/Spring 2026/Microproccesors/CCS Workspace/Lab8.1_ASM_Jumps_Jones" --include_path="C:/ti/ccs1281/ccs/tools/compiler/ti-cgt-msp430_21.6.1.LTS/include" --advice:power=all --advice:hw_config=all --define=__MSP430FR2355__ --define=_FRWP_ENABLE --define=_INFO_FRWP_ENABLE -g --printf_support=minimal --diag_warning=225 --diag_wrap=off --display_error_number --silicon_errata=CPU21 --silicon_errata=CPU22 --silicon_errata=CPU40 --preproc_with_compile --preproc_dependency="Lab8.1main.d_raw"  "../Lab8.1main.asm"
No Assembly Errors, 1 Assembly Warning
"../Lab8.1main.asm", WARNING! at line 49: [W5369] Silicon Errata CPU40: A jump instruction at the end of a section should be followed by a NOP.
				jmp		Main					; Repeat forever
 
Finished building: "../Lab8.1main.asm"
 
Building target: "Lab8.1_ASM_Jumps_Jones.out"
Invoking: MSP430 Linker
"C:/ti/ccs1281/ccs/tools/compiler/ti-cgt-msp430_21.6.1.LTS/bin/cl430" -vmspx --code_model=small --data_model=small --use_hw_mpy=F5 --advice:power=all --advice:hw_config=all --define=__MSP430FR2355__ --define=_FRWP_ENABLE --define=_INFO_FRWP_ENABLE -g --printf_support=minimal --diag_warning=225 --diag_wrap=off --display_error_number --silicon_errata=CPU21 --silicon_errata=CPU22 --silicon_errata=CPU40 -z -m"Lab8.1_ASM_Jumps_Jones.map" --heap_size=0 --stack_size=0 --cinit_hold_wdt=on -i"C:/ti/ccs1281/ccs/ccs_base/msp430/include" -i"C:/ti/ccs1281/ccs/ccs_base/msp430/lib/FR2xx" -i"C:/ti/ccs1281/ccs/tools/compiler/ti-cgt-msp430_21.6.1.LTS/lib" -i"C:/ti/ccs1281/ccs/tools/compiler/ti-cgt-msp430_21.6.1.LTS/include" --priority --reread_libs --define=_FRWP_ENABLE --define=_INFO_FRWP_ENABLE --diag_wrap=off --display_error_number --warn_sections --xml_link_info="Lab8.1_ASM_Jumps_Jones_linkInfo.xml" --entry_point=RESET --use_hw_mpy=F5 -o "Lab8.1_ASM_Jumps_Jones.out" "./Lab8.1main.obj" "../lnk_msp430fr2355.cmd"  -lfrwp_init.a -llibc.a 
<Linking>
Finished building target: "Lab8.1_ASM_Jumps_Jones.out"
 

**** Build Finished ****

**** Clean-only build of configuration Debug for project Lab8.1_ASM_Jumps_v2_Jones ****

"C:\\ti\\ccs1281\\ccs\\utils\\bin\\gmake" -k -j 8 clean -O 
 
DEL /F  "Lab8.1_ASM_Jumps_v2_Jones.out" 
DEL /F "Lab8.1_v2main.obj" 
DEL /F "Lab8.1_v2main.d" 
Could Not Find C:\ALL_STORAGE_HERE\Classwork\Spring 2026\Microproccesors\CCS Workspace\Lab8.1_ASM_Jumps_v2_Jones\Debug\Lab8.1_v2main.d
Finished clean
 

**** Build Finished ****

**** Build of configuration Debug for project Lab8.1_ASM_Jumps_v2_Jones ****

"C:\\ti\\ccs1281\\ccs\\utils\\bin\\gmake" -k -j 8 all -O 
 
Building file: "../Lab8.1_v2main.asm"
Invoking: MSP430 Compiler
"C:/ti/ccs1281/ccs/tools/compiler/ti-cgt-msp430_21.6.1.LTS/bin/cl430" -vmspx --code_model=small --data_model=small --use_hw_mpy=F5 --include_path="C:/ti/ccs1281/ccs/ccs_base/msp430/include" --include_path="C:/ALL_STORAGE_HERE/Classwork/Spring 2026/Microproccesors/CCS Workspace/Lab8.1_ASM_Jumps_v2_Jones" --include_path="C:/ti/ccs1281/ccs/tools/compiler/ti-cgt-msp430_21.6.1.LTS/include" --advice:power=all --advice:hw_config=all --define=__MSP430FR2355__ --define=_FRWP_ENABLE --define=_INFO_FRWP_ENABLE -g --printf_support=minimal --diag_warning=225 --diag_wrap=off --display_error_number --silicon_errata=CPU21 --silicon_errata=CPU22 --silicon_errata=CPU40 --preproc_with_compile --preproc_dependency="Lab8.1_v2main.d_raw"  "../Lab8.1_v2main.asm"
No Assembly Errors, 1 Assembly Warning
"../Lab8.1_v2main.asm", WARNING! at line 116: [W5369] Silicon Errata CPU40: A jump instruction at the end of a section should be followed by a NOP.
				jmp		Done
 
Finished building: "../Lab8.1_v2main.asm"
 
Building target: "Lab8.1_ASM_Jumps_v2_Jones.out"
Invoking: MSP430 Linker
"C:/ti/ccs1281/ccs/tools/compiler/ti-cgt-msp430_21.6.1.LTS/bin/cl430" -vmspx --code_model=small --data_model=small --use_hw_mpy=F5 --advice:power=all --advice:hw_config=all --define=__MSP430FR2355__ --define=_FRWP_ENABLE --define=_INFO_FRWP_ENABLE -g --printf_support=minimal --diag_warning=225 --diag_wrap=off --display_error_number --silicon_errata=CPU21 --silicon_errata=CPU22 --silicon_errata=CPU40 -z -m"Lab8.1_ASM_Jumps_v2_Jones.map" --heap_size=0 --stack_size=0 --cinit_hold_wdt=on -i"C:/ti/ccs1281/ccs/ccs_base/msp430/include" -i"C:/ti/ccs1281/ccs/ccs_base/msp430/lib/FR2xx" -i"C:/ti/ccs1281/ccs/tools/compiler/ti-cgt-msp430_21.6.1.LTS/lib" -i"C:/ti/ccs1281/ccs/tools/compiler/ti-cgt-msp430_21.6.1.LTS/include" --priority --reread_libs --define=_FRWP_ENABLE --define=_INFO_FRWP_ENABLE --diag_wrap=off --display_error_number --warn_sections --xml_link_info="Lab8.1_ASM_Jumps_v2_Jones_linkInfo.xml" --entry_point=RESET --use_hw_mpy=F5 -o "Lab8.1_ASM_Jumps_v2_Jones.out" "./Lab8.1_v2main.obj" "../lnk_msp430fr2355.cmd"  -lfrwp_init.a -llibc.a 
<Linking>
Finished building target: "Lab8.1_ASM_Jumps_v2_Jones.out"
 

**** Build Finished ****

**** Build of configuration Debug for project Lab8.1_ASM_Jumps_v2_Jones ****

"C:\\ti\\ccs1281\\ccs\\utils\\bin\\gmake" -k -j 8 all -O 
 
Building file: "../Lab8.1_v2main.asm"
Invoking: MSP430 Compiler
"C:/ti/ccs1281/ccs/tools/compiler/ti-cgt-msp430_21.6.1.LTS/bin/cl430" -vmspx --code_model=small --data_model=small --use_hw_mpy=F5 --include_path="C:/ti/ccs1281/ccs/ccs_base/msp430/include" --include_path="C:/ALL_STORAGE_HERE/Classwork/Spring 2026/Microproccesors/CCS Workspace/Lab8.1_ASM_Jumps_v2_Jones" --include_path="C:/ti/ccs1281/ccs/tools/compiler/ti-cgt-msp430_21.6.1.LTS/include" --advice:power=all --advice:hw_config=all --define=__MSP430FR2355__ --define=_FRWP_ENABLE --define=_INFO_FRWP_ENABLE -g --printf_support=minimal --diag_warning=225 --diag_wrap=off --display_error_number --silicon_errata=CPU21 --silicon_errata=CPU22 --silicon_errata=CPU40 --preproc_with_compile --preproc_dependency="Lab8.1_v2main.d_raw"  "../Lab8.1_v2main.asm"
No Assembly Errors, 1 Assembly Warning
"../Lab8.1_v2main.asm", WARNING! at line 116: [W5369] Silicon Errata CPU40: A jump instruction at the end of a section should be followed by a NOP.
				jmp		Done
 
Finished building: "../Lab8.1_v2main.asm"
 
Building target: "Lab8.1_ASM_Jumps_v2_Jones.out"
Invoking: MSP430 Linker
"C:/ti/ccs1281/ccs/tools/compiler/ti-cgt-msp430_21.6.1.LTS/bin/cl430" -vmspx --code_model=small --data_model=small --use_hw_mpy=F5 --advice:power=all --advice:hw_config=all --define=__MSP430FR2355__ --define=_FRWP_ENABLE --define=_INFO_FRWP_ENABLE -g --printf_support=minimal --diag_warning=225 --diag_wrap=off --display_error_number --silicon_errata=CPU21 --silicon_errata=CPU22 --silicon_errata=CPU40 -z -m"Lab8.1_ASM_Jumps_v2_Jones.map" --heap_size=0 --stack_size=0 --cinit_hold_wdt=on -i"C:/ti/ccs1281/ccs/ccs_base/msp430/include" -i"C:/ti/ccs1281/ccs/ccs_base/msp430/lib/FR2xx" -i"C:/ti/ccs1281/ccs/tools/compiler/ti-cgt-msp430_21.6.1.LTS/lib" -i"C:/ti/ccs1281/ccs/tools/compiler/ti-cgt-msp430_21.6.1.LTS/include" --priority --reread_libs --define=_FRWP_ENABLE --define=_INFO_FRWP_ENABLE --diag_wrap=off --display_error_number --warn_sections --xml_link_info="Lab8.1_ASM_Jumps_v2_Jones_linkInfo.xml" --entry_point=RESET --use_hw_mpy=F5 -o "Lab8.1_ASM_Jumps_v2_Jones.out" "./Lab8.1_v2main.obj" "../lnk_msp430fr2355.cmd"  -lfrwp_init.a -llibc.a 
<Linking>
Finished building target: "Lab8.1_ASM_Jumps_v2_Jones.out"
 

**** Build Finished ****

**** Build of configuration Debug for project Lab8.2_ASM_Constructs_Jones ****

"C:\\ti\\ccs1281\\ccs\\utils\\bin\\gmake" -k -j 8 all -O 
 
Building file: "../Lab8.2main.asm"
Invoking: MSP430 Compiler
"C:/ti/ccs1281/ccs/tools/compiler/ti-cgt-msp430_21.6.1.LTS/bin/cl430" -vmspx --code_model=small --data_model=small --use_hw_mpy=F5 --include_path="C:/ti/ccs1281/ccs/ccs_base/msp430/include" --include_path="C:/ALL_STORAGE_HERE/Classwork/Spring 2026/Microproccesors/CCS Workspace/Lab8.2_ASM_Constructs_Jones" --include_path="C:/ti/ccs1281/ccs/tools/compiler/ti-cgt-msp430_21.6.1.LTS/include" --advice:power=all --advice:hw_config=all --define=__MSP430FR2355__ --define=_FRWP_ENABLE --define=_INFO_FRWP_ENABLE -g --printf_support=minimal --diag_warning=225 --diag_wrap=off --display_error_number --silicon_errata=CPU21 --silicon_errata=CPU22 --silicon_errata=CPU40 --preproc_with_compile --preproc_dependency="Lab8.2main.d_raw"  "../Lab8.2main.asm"
4 Assembly Errors, 1 Assembly Warning
 
>> Compilation failure
subdir_rules.mk:9: recipe for target 'Lab8.2main.obj' failed
"../Lab8.2main.asm", ERROR!   at line 54: [E0001] Undefined symbol
				jnz		MainDelayOn
 
"../Lab8.2main.asm", ERROR!   at line 60: [E0001] Undefined symbol
				jnz		MainDelayOff
 
"../Lab8.2main.asm", ERROR!   at line 63: [E0001] Undefined symbol
				jmp		main
 
"../Lab8.2main.asm", WARNING! at line 63: [W5369] Silicon Errata CPU40: A jump instruction at the end of a section should be followed by a NOP.
				jmp		main
 
"../Lab8.2main.asm", ERROR!   at EOF: [E0300] The following symbols are undefined:
  MainDelayOff
  main
  MainDelayOn
 
Errors in Source - Assembler Aborted
gmake: *** [Lab8.2main.obj] Error 1
gmake: Target 'all' not remade because of errors.

**** Build Finished ****

**** Build of configuration Debug for project Lab8.2_ASM_Constructs_Jones ****

"C:\\ti\\ccs1281\\ccs\\utils\\bin\\gmake" -k -j 8 all -O 
 
Building file: "../Lab8.2main.asm"
Invoking: MSP430 Compiler
"C:/ti/ccs1281/ccs/tools/compiler/ti-cgt-msp430_21.6.1.LTS/bin/cl430" -vmspx --code_model=small --data_model=small --use_hw_mpy=F5 --include_path="C:/ti/ccs1281/ccs/ccs_base/msp430/include" --include_path="C:/ALL_STORAGE_HERE/Classwork/Spring 2026/Microproccesors/CCS Workspace/Lab8.2_ASM_Constructs_Jones" --include_path="C:/ti/ccs1281/ccs/tools/compiler/ti-cgt-msp430_21.6.1.LTS/include" --advice:power=all --advice:hw_config=all --define=__MSP430FR2355__ --define=_FRWP_ENABLE --define=_INFO_FRWP_ENABLE -g --printf_support=minimal --diag_warning=225 --diag_wrap=off --display_error_number --silicon_errata=CPU21 --silicon_errata=CPU22 --silicon_errata=CPU40 --preproc_with_compile --preproc_dependency="Lab8.2main.d_raw"  "../Lab8.2main.asm"
2 Assembly Errors, 1 Assembly Warning
 
>> Compilation failure
subdir_rules.mk:9: recipe for target 'Lab8.2main.obj' failed
"../Lab8.2main.asm", ERROR!   at line 63: [E0001] Undefined symbol
				jmp		main
 
"../Lab8.2main.asm", WARNING! at line 63: [W5369] Silicon Errata CPU40: A jump instruction at the end of a section should be followed by a NOP.
				jmp		main
 
"../Lab8.2main.asm", ERROR!   at EOF: [E0300] The following symbols are undefined:
  main
 
Errors in Source - Assembler Aborted
gmake: *** [Lab8.2main.obj] Error 1
gmake: Target 'all' not remade because of errors.

**** Build Finished ****

**** Build of configuration Debug for project Lab8.2_ASM_Constructs_Jones ****

"C:\\ti\\ccs1281\\ccs\\utils\\bin\\gmake" -k -j 8 all -O 
 
Building file: "../Lab8.2main.asm"
Invoking: MSP430 Compiler
"C:/ti/ccs1281/ccs/tools/compiler/ti-cgt-msp430_21.6.1.LTS/bin/cl430" -vmspx --code_model=small --data_model=small --use_hw_mpy=F5 --include_path="C:/ti/ccs1281/ccs/ccs_base/msp430/include" --include_path="C:/ALL_STORAGE_HERE/Classwork/Spring 2026/Microproccesors/CCS Workspace/Lab8.2_ASM_Constructs_Jones" --include_path="C:/ti/ccs1281/ccs/tools/compiler/ti-cgt-msp430_21.6.1.LTS/include" --advice:power=all --advice:hw_config=all --define=__MSP430FR2355__ --define=_FRWP_ENABLE --define=_INFO_FRWP_ENABLE -g --printf_support=minimal --diag_warning=225 --diag_wrap=off --display_error_number --silicon_errata=CPU21 --silicon_errata=CPU22 --silicon_errata=CPU40 --preproc_with_compile --preproc_dependency="Lab8.2main.d_raw"  "../Lab8.2main.asm"
2 Assembly Errors, 1 Assembly Warning
 
>> Compilation failure
subdir_rules.mk:9: recipe for target 'Lab8.2main.obj' failed
"../Lab8.2main.asm", ERROR!   at line 63: [E0001] Undefined symbol
				jmp		main
 
"../Lab8.2main.asm", WARNING! at line 63: [W5369] Silicon Errata CPU40: A jump instruction at the end of a section should be followed by a NOP.
				jmp		main
 
"../Lab8.2main.asm", ERROR!   at EOF: [E0300] The following symbols are undefined:
  main
 
Errors in Source - Assembler Aborted
gmake: *** [Lab8.2main.obj] Error 1
gmake: Target 'all' not remade because of errors.

**** Build Finished ****

**** Build of configuration Debug for project Lab8.2_ASM_Constructs_Jones ****

"C:\\ti\\ccs1281\\ccs\\utils\\bin\\gmake" -k -j 8 all -O 
 
Building file: "../Lab8.2main.asm"
Invoking: MSP430 Compiler
"C:/ti/ccs1281/ccs/tools/compiler/ti-cgt-msp430_21.6.1.LTS/bin/cl430" -vmspx --code_model=small --data_model=small --use_hw_mpy=F5 --include_path="C:/ti/ccs1281/ccs/ccs_base/msp430/include" --include_path="C:/ALL_STORAGE_HERE/Classwork/Spring 2026/Microproccesors/CCS Workspace/Lab8.2_ASM_Constructs_Jones" --include_path="C:/ti/ccs1281/ccs/tools/compiler/ti-cgt-msp430_21.6.1.LTS/include" --advice:power=all --advice:hw_config=all --define=__MSP430FR2355__ --define=_FRWP_ENABLE --define=_INFO_FRWP_ENABLE -g --printf_support=minimal --diag_warning=225 --diag_wrap=off --display_error_number --silicon_errata=CPU21 --silicon_errata=CPU22 --silicon_errata=CPU40 --preproc_with_compile --preproc_dependency="Lab8.2main.d_raw"  "../Lab8.2main.asm"
2 Assembly Errors, 1 Assembly Warning
 
>> Compilation failure
subdir_rules.mk:9: recipe for target 'Lab8.2main.obj' failed
"../Lab8.2main.asm", ERROR!   at line 66: [E0001] Undefined symbol
				jmp		main
 
"../Lab8.2main.asm", WARNING! at line 66: [W5369] Silicon Errata CPU40: A jump instruction at the end of a section should be followed by a NOP.
				jmp		main
 
"../Lab8.2main.asm", ERROR!   at EOF: [E0300] The following symbols are undefined:
  main
 
Errors in Source - Assembler Aborted
gmake: *** [Lab8.2main.obj] Error 1
gmake: Target 'all' not remade because of errors.

**** Build Finished ****

**** Build of configuration Debug for project Lab8.2_ASM_Constructs_Jones ****

"C:\\ti\\ccs1281\\ccs\\utils\\bin\\gmake" -k -j 8 all -O 
 
Building file: "../Lab8.2main.asm"
Invoking: MSP430 Compiler
"C:/ti/ccs1281/ccs/tools/compiler/ti-cgt-msp430_21.6.1.LTS/bin/cl430" -vmspx --code_model=small --data_model=small --use_hw_mpy=F5 --include_path="C:/ti/ccs1281/ccs/ccs_base/msp430/include" --include_path="C:/ALL_STORAGE_HERE/Classwork/Spring 2026/Microproccesors/CCS Workspace/Lab8.2_ASM_Constructs_Jones" --include_path="C:/ti/ccs1281/ccs/tools/compiler/ti-cgt-msp430_21.6.1.LTS/include" --advice:power=all --advice:hw_config=all --define=__MSP430FR2355__ --define=_FRWP_ENABLE --define=_INFO_FRWP_ENABLE -g --printf_support=minimal --diag_warning=225 --diag_wrap=off --display_error_number --silicon_errata=CPU21 --silicon_errata=CPU22 --silicon_errata=CPU40 --preproc_with_compile --preproc_dependency="Lab8.2main.d_raw"  "../Lab8.2main.asm"
No Assembly Errors, 1 Assembly Warning
"../Lab8.2main.asm", WARNING! at line 66: [W5369] Silicon Errata CPU40: A jump instruction at the end of a section should be followed by a NOP.
				jmp		Main
 
Finished building: "../Lab8.2main.asm"
 
Building target: "Lab8.2_ASM_Constructs_Jones.out"
Invoking: MSP430 Linker
"C:/ti/ccs1281/ccs/tools/compiler/ti-cgt-msp430_21.6.1.LTS/bin/cl430" -vmspx --code_model=small --data_model=small --use_hw_mpy=F5 --advice:power=all --advice:hw_config=all --define=__MSP430FR2355__ --define=_FRWP_ENABLE --define=_INFO_FRWP_ENABLE -g --printf_support=minimal --diag_warning=225 --diag_wrap=off --display_error_number --silicon_errata=CPU21 --silicon_errata=CPU22 --silicon_errata=CPU40 -z -m"Lab8.2_ASM_Constructs_Jones.map" --heap_size=0 --stack_size=0 --cinit_hold_wdt=on -i"C:/ti/ccs1281/ccs/ccs_base/msp430/include" -i"C:/ti/ccs1281/ccs/ccs_base/msp430/lib/FR2xx" -i"C:/ti/ccs1281/ccs/tools/compiler/ti-cgt-msp430_21.6.1.LTS/lib" -i"C:/ti/ccs1281/ccs/tools/compiler/ti-cgt-msp430_21.6.1.LTS/include" --priority --reread_libs --define=_FRWP_ENABLE --define=_INFO_FRWP_ENABLE --diag_wrap=off --display_error_number --warn_sections --xml_link_info="Lab8.2_ASM_Constructs_Jones_linkInfo.xml" --entry_point=RESET --use_hw_mpy=F5 -o "Lab8.2_ASM_Constructs_Jones.out" "./Lab8.2main.obj" "../lnk_msp430fr2355.cmd"  -lfrwp_init.a -llibc.a 
<Linking>
Finished building target: "Lab8.2_ASM_Constructs_Jones.out"
 

**** Build Finished ****

**** Build of configuration Debug for project Lab8.2_ASM_Constructs_Jones ****

"C:\\ti\\ccs1281\\ccs\\utils\\bin\\gmake" -k -j 8 all -O 
 
Building file: "../Lab8.2main.asm"
Invoking: MSP430 Compiler
"C:/ti/ccs1281/ccs/tools/compiler/ti-cgt-msp430_21.6.1.LTS/bin/cl430" -vmspx --code_model=small --data_model=small --use_hw_mpy=F5 --include_path="C:/ti/ccs1281/ccs/ccs_base/msp430/include" --include_path="C:/ALL_STORAGE_HERE/Classwork/Spring 2026/Microproccesors/CCS Workspace/Lab8.2_ASM_Constructs_Jones" --include_path="C:/ti/ccs1281/ccs/tools/compiler/ti-cgt-msp430_21.6.1.LTS/include" --advice:power=all --advice:hw_config=all --define=__MSP430FR2355__ --define=_FRWP_ENABLE --define=_INFO_FRWP_ENABLE -g --printf_support=minimal --diag_warning=225 --diag_wrap=off --display_error_number --silicon_errata=CPU21 --silicon_errata=CPU22 --silicon_errata=CPU40 --preproc_with_compile --preproc_dependency="Lab8.2main.d_raw"  "../Lab8.2main.asm"
No Assembly Errors, 1 Assembly Warning
"../Lab8.2main.asm", WARNING! at line 77: [W5369] Silicon Errata CPU40: A jump instruction at the end of a section should be followed by a NOP.
				jmp 	Main
 
Finished building: "../Lab8.2main.asm"
 
Building target: "Lab8.2_ASM_Constructs_Jones.out"
Invoking: MSP430 Linker
"C:/ti/ccs1281/ccs/tools/compiler/ti-cgt-msp430_21.6.1.LTS/bin/cl430" -vmspx --code_model=small --data_model=small --use_hw_mpy=F5 --advice:power=all --advice:hw_config=all --define=__MSP430FR2355__ --define=_FRWP_ENABLE --define=_INFO_FRWP_ENABLE -g --printf_support=minimal --diag_warning=225 --diag_wrap=off --display_error_number --silicon_errata=CPU21 --silicon_errata=CPU22 --silicon_errata=CPU40 -z -m"Lab8.2_ASM_Constructs_Jones.map" --heap_size=0 --stack_size=0 --cinit_hold_wdt=on -i"C:/ti/ccs1281/ccs/ccs_base/msp430/include" -i"C:/ti/ccs1281/ccs/ccs_base/msp430/lib/FR2xx" -i"C:/ti/ccs1281/ccs/tools/compiler/ti-cgt-msp430_21.6.1.LTS/lib" -i"C:/ti/ccs1281/ccs/tools/compiler/ti-cgt-msp430_21.6.1.LTS/include" --priority --reread_libs --define=_FRWP_ENABLE --define=_INFO_FRWP_ENABLE --diag_wrap=off --display_error_number --warn_sections --xml_link_info="Lab8.2_ASM_Constructs_Jones_linkInfo.xml" --entry_point=RESET --use_hw_mpy=F5 -o "Lab8.2_ASM_Constructs_Jones.out" "./Lab8.2main.obj" "../lnk_msp430fr2355.cmd"  -lfrwp_init.a -llibc.a 
<Linking>
Finished building target: "Lab8.2_ASM_Constructs_Jones.out"
 

**** Build Finished ****

**** Build of configuration Debug for project Lab8.2_ASM_Constructs_Jones ****

"C:\\ti\\ccs1281\\ccs\\utils\\bin\\gmake" -k -j 8 all -O 
 
Building file: "../Lab8.2main.asm"
Invoking: MSP430 Compiler
"C:/ti/ccs1281/ccs/tools/compiler/ti-cgt-msp430_21.6.1.LTS/bin/cl430" -vmspx --code_model=small --data_model=small --use_hw_mpy=F5 --include_path="C:/ti/ccs1281/ccs/ccs_base/msp430/include" --include_path="C:/ALL_STORAGE_HERE/Classwork/Spring 2026/Microproccesors/CCS Workspace/Lab8.2_ASM_Constructs_Jones" --include_path="C:/ti/ccs1281/ccs/tools/compiler/ti-cgt-msp430_21.6.1.LTS/include" --advice:power=all --advice:hw_config=all --define=__MSP430FR2355__ --define=_FRWP_ENABLE --define=_INFO_FRWP_ENABLE -g --printf_support=minimal --diag_warning=225 --diag_wrap=off --display_error_number --silicon_errata=CPU21 --silicon_errata=CPU22 --silicon_errata=CPU40 --preproc_with_compile --preproc_dependency="Lab8.2main.d_raw"  "../Lab8.2main.asm"
No Assembly Errors, 1 Assembly Warning
"../Lab8.2main.asm", WARNING! at line 101: [W5369] Silicon Errata CPU40: A jump instruction at the end of a section should be followed by a NOP.
				jmp		For					; loop back to while loop
 
Finished building: "../Lab8.2main.asm"
 
Building target: "Lab8.2_ASM_Constructs_Jones.out"
Invoking: MSP430 Linker
"C:/ti/ccs1281/ccs/tools/compiler/ti-cgt-msp430_21.6.1.LTS/bin/cl430" -vmspx --code_model=small --data_model=small --use_hw_mpy=F5 --advice:power=all --advice:hw_config=all --define=__MSP430FR2355__ --define=_FRWP_ENABLE --define=_INFO_FRWP_ENABLE -g --printf_support=minimal --diag_warning=225 --diag_wrap=off --display_error_number --silicon_errata=CPU21 --silicon_errata=CPU22 --silicon_errata=CPU40 -z -m"Lab8.2_ASM_Constructs_Jones.map" --heap_size=0 --stack_size=0 --cinit_hold_wdt=on -i"C:/ti/ccs1281/ccs/ccs_base/msp430/include" -i"C:/ti/ccs1281/ccs/ccs_base/msp430/lib/FR2xx" -i"C:/ti/ccs1281/ccs/tools/compiler/ti-cgt-msp430_21.6.1.LTS/lib" -i"C:/ti/ccs1281/ccs/tools/compiler/ti-cgt-msp430_21.6.1.LTS/include" --priority --reread_libs --define=_FRWP_ENABLE --define=_INFO_FRWP_ENABLE --diag_wrap=off --display_error_number --warn_sections --xml_link_info="Lab8.2_ASM_Constructs_Jones_linkInfo.xml" --entry_point=RESET --use_hw_mpy=F5 -o "Lab8.2_ASM_Constructs_Jones.out" "./Lab8.2main.obj" "../lnk_msp430fr2355.cmd"  -lfrwp_init.a -llibc.a 
<Linking>
Finished building target: "Lab8.2_ASM_Constructs_Jones.out"
 

**** Build Finished ****

**** Build of configuration Debug for project Lab8.2_ASM_Constructs_Jones ****

"C:\\ti\\ccs1281\\ccs\\utils\\bin\\gmake" -k -j 8 all -O 
 
gmake[1]: 'Lab8.2_ASM_Constructs_Jones.out' is up to date.

**** Build Finished ****

**** Build of configuration Debug for project Lab8.2_ASM_Constructs_Jones ****

"C:\\ti\\ccs1281\\ccs\\utils\\bin\\gmake" -k -j 8 all -O 
 
Building file: "../Lab8.2main.asm"
Invoking: MSP430 Compiler
"C:/ti/ccs1281/ccs/tools/compiler/ti-cgt-msp430_21.6.1.LTS/bin/cl430" -vmspx --code_model=small --data_model=small --use_hw_mpy=F5 --include_path="C:/ti/ccs1281/ccs/ccs_base/msp430/include" --include_path="C:/ALL_STORAGE_HERE/Classwork/Spring 2026/Microproccesors/CCS Workspace/Lab8.2_ASM_Constructs_Jones" --include_path="C:/ti/ccs1281/ccs/tools/compiler/ti-cgt-msp430_21.6.1.LTS/include" --advice:power=all --advice:hw_config=all --define=__MSP430FR2355__ --define=_FRWP_ENABLE --define=_INFO_FRWP_ENABLE -g --printf_support=minimal --diag_warning=225 --diag_wrap=off --display_error_number --silicon_errata=CPU21 --silicon_errata=CPU22 --silicon_errata=CPU40 --preproc_with_compile --preproc_dependency="Lab8.2main.d_raw"  "../Lab8.2main.asm"
No Assembly Errors, 1 Assembly Warning
"../Lab8.2main.asm", WARNING! at line 104: [W5369] Silicon Errata CPU40: A jump instruction at the end of a section should be followed by a NOP.
				jmp		Main
 
Finished building: "../Lab8.2main.asm"
 
Building target: "Lab8.2_ASM_Constructs_Jones.out"
Invoking: MSP430 Linker
"C:/ti/ccs1281/ccs/tools/compiler/ti-cgt-msp430_21.6.1.LTS/bin/cl430" -vmspx --code_model=small --data_model=small --use_hw_mpy=F5 --advice:power=all --advice:hw_config=all --define=__MSP430FR2355__ --define=_FRWP_ENABLE --define=_INFO_FRWP_ENABLE -g --printf_support=minimal --diag_warning=225 --diag_wrap=off --display_error_number --silicon_errata=CPU21 --silicon_errata=CPU22 --silicon_errata=CPU40 -z -m"Lab8.2_ASM_Constructs_Jones.map" --heap_size=0 --stack_size=0 --cinit_hold_wdt=on -i"C:/ti/ccs1281/ccs/ccs_base/msp430/include" -i"C:/ti/ccs1281/ccs/ccs_base/msp430/lib/FR2xx" -i"C:/ti/ccs1281/ccs/tools/compiler/ti-cgt-msp430_21.6.1.LTS/lib" -i"C:/ti/ccs1281/ccs/tools/compiler/ti-cgt-msp430_21.6.1.LTS/include" --priority --reread_libs --define=_FRWP_ENABLE --define=_INFO_FRWP_ENABLE --diag_wrap=off --display_error_number --warn_sections --xml_link_info="Lab8.2_ASM_Constructs_Jones_linkInfo.xml" --entry_point=RESET --use_hw_mpy=F5 -o "Lab8.2_ASM_Constructs_Jones.out" "./Lab8.2main.obj" "../lnk_msp430fr2355.cmd"  -lfrwp_init.a -llibc.a 
<Linking>
Finished building target: "Lab8.2_ASM_Constructs_Jones.out"
 

**** Build Finished ****

**** Build of configuration Debug for project Lab8.2_ASM_Constructs_Jones ****

"C:\\ti\\ccs1281\\ccs\\utils\\bin\\gmake" -k -j 8 all -O 
 
Building file: "../Lab8.2main.asm"
Invoking: MSP430 Compiler
"C:/ti/ccs1281/ccs/tools/compiler/ti-cgt-msp430_21.6.1.LTS/bin/cl430" -vmspx --code_model=small --data_model=small --use_hw_mpy=F5 --include_path="C:/ti/ccs1281/ccs/ccs_base/msp430/include" --include_path="C:/ALL_STORAGE_HERE/Classwork/Spring 2026/Microproccesors/CCS Workspace/Lab8.2_ASM_Constructs_Jones" --include_path="C:/ti/ccs1281/ccs/tools/compiler/ti-cgt-msp430_21.6.1.LTS/include" --advice:power=all --advice:hw_config=all --define=__MSP430FR2355__ --define=_FRWP_ENABLE --define=_INFO_FRWP_ENABLE -g --printf_support=minimal --diag_warning=225 --diag_wrap=off --display_error_number --silicon_errata=CPU21 --silicon_errata=CPU22 --silicon_errata=CPU40 --preproc_with_compile --preproc_dependency="Lab8.2main.d_raw"  "../Lab8.2main.asm"
No Assembly Errors, 1 Assembly Warning
"../Lab8.2main.asm", WARNING! at line 77: [W5369] Silicon Errata CPU40: A jump instruction at the end of a section should be followed by a NOP.
				jmp 	Main
 
Finished building: "../Lab8.2main.asm"
 
Building target: "Lab8.2_ASM_Constructs_Jones.out"
Invoking: MSP430 Linker
"C:/ti/ccs1281/ccs/tools/compiler/ti-cgt-msp430_21.6.1.LTS/bin/cl430" -vmspx --code_model=small --data_model=small --use_hw_mpy=F5 --advice:power=all --advice:hw_config=all --define=__MSP430FR2355__ --define=_FRWP_ENABLE --define=_INFO_FRWP_ENABLE -g --printf_support=minimal --diag_warning=225 --diag_wrap=off --display_error_number --silicon_errata=CPU21 --silicon_errata=CPU22 --silicon_errata=CPU40 -z -m"Lab8.2_ASM_Constructs_Jones.map" --heap_size=0 --stack_size=0 --cinit_hold_wdt=on -i"C:/ti/ccs1281/ccs/ccs_base/msp430/include" -i"C:/ti/ccs1281/ccs/ccs_base/msp430/lib/FR2xx" -i"C:/ti/ccs1281/ccs/tools/compiler/ti-cgt-msp430_21.6.1.LTS/lib" -i"C:/ti/ccs1281/ccs/tools/compiler/ti-cgt-msp430_21.6.1.LTS/include" --priority --reread_libs --define=_FRWP_ENABLE --define=_INFO_FRWP_ENABLE --diag_wrap=off --display_error_number --warn_sections --xml_link_info="Lab8.2_ASM_Constructs_Jones_linkInfo.xml" --entry_point=RESET --use_hw_mpy=F5 -o "Lab8.2_ASM_Constructs_Jones.out" "./Lab8.2main.obj" "../lnk_msp430fr2355.cmd"  -lfrwp_init.a -llibc.a 
<Linking>
Finished building target: "Lab8.2_ASM_Constructs_Jones.out"
 

**** Build Finished ****

**** Build of configuration Debug for project Lab8.2_ASM_Constructs_Jones ****

"C:\\ti\\ccs1281\\ccs\\utils\\bin\\gmake" -k -j 8 all -O 
 
Building file: "../Lab8.2main.asm"
Invoking: MSP430 Compiler
"C:/ti/ccs1281/ccs/tools/compiler/ti-cgt-msp430_21.6.1.LTS/bin/cl430" -vmspx --code_model=small --data_model=small --use_hw_mpy=F5 --include_path="C:/ti/ccs1281/ccs/ccs_base/msp430/include" --include_path="C:/ALL_STORAGE_HERE/Classwork/Spring 2026/Microproccesors/CCS Workspace/Lab8.2_ASM_Constructs_Jones" --include_path="C:/ti/ccs1281/ccs/tools/compiler/ti-cgt-msp430_21.6.1.LTS/include" --advice:power=all --advice:hw_config=all --define=__MSP430FR2355__ --define=_FRWP_ENABLE --define=_INFO_FRWP_ENABLE -g --printf_support=minimal --diag_warning=225 --diag_wrap=off --display_error_number --silicon_errata=CPU21 --silicon_errata=CPU22 --silicon_errata=CPU40 --preproc_with_compile --preproc_dependency="Lab8.2main.d_raw"  "../Lab8.2main.asm"
No Assembly Errors, 1 Assembly Warning
"../Lab8.2main.asm", WARNING! at line 77: [W5369] Silicon Errata CPU40: A jump instruction at the end of a section should be followed by a NOP.
				jmp 	Main
 
Finished building: "../Lab8.2main.asm"
 
Building target: "Lab8.2_ASM_Constructs_Jones.out"
Invoking: MSP430 Linker
"C:/ti/ccs1281/ccs/tools/compiler/ti-cgt-msp430_21.6.1.LTS/bin/cl430" -vmspx --code_model=small --data_model=small --use_hw_mpy=F5 --advice:power=all --advice:hw_config=all --define=__MSP430FR2355__ --define=_FRWP_ENABLE --define=_INFO_FRWP_ENABLE -g --printf_support=minimal --diag_warning=225 --diag_wrap=off --display_error_number --silicon_errata=CPU21 --silicon_errata=CPU22 --silicon_errata=CPU40 -z -m"Lab8.2_ASM_Constructs_Jones.map" --heap_size=0 --stack_size=0 --cinit_hold_wdt=on -i"C:/ti/ccs1281/ccs/ccs_base/msp430/include" -i"C:/ti/ccs1281/ccs/ccs_base/msp430/lib/FR2xx" -i"C:/ti/ccs1281/ccs/tools/compiler/ti-cgt-msp430_21.6.1.LTS/lib" -i"C:/ti/ccs1281/ccs/tools/compiler/ti-cgt-msp430_21.6.1.LTS/include" --priority --reread_libs --define=_FRWP_ENABLE --define=_INFO_FRWP_ENABLE --diag_wrap=off --display_error_number --warn_sections --xml_link_info="Lab8.2_ASM_Constructs_Jones_linkInfo.xml" --entry_point=RESET --use_hw_mpy=F5 -o "Lab8.2_ASM_Constructs_Jones.out" "./Lab8.2main.obj" "../lnk_msp430fr2355.cmd"  -lfrwp_init.a -llibc.a 
<Linking>
Finished building target: "Lab8.2_ASM_Constructs_Jones.out"
 

**** Build Finished ****

**** Build of configuration Debug for project Lab8.2_ASM_Constructs_Jones ****

"C:\\ti\\ccs1281\\ccs\\utils\\bin\\gmake" -k -j 8 all -O 
 
gmake[1]: 'Lab8.2_ASM_Constructs_Jones.out' is up to date.

**** Build Finished ****

**** Build of configuration Debug for project Lab8.2_ASM_Constructs_Jones ****

"C:\\ti\\ccs1281\\ccs\\utils\\bin\\gmake" -k -j 8 all -O 
 
Building file: "../Lab8.2main.asm"
Invoking: MSP430 Compiler
"C:/ti/ccs1281/ccs/tools/compiler/ti-cgt-msp430_21.6.1.LTS/bin/cl430" -vmspx --code_model=small --data_model=small --use_hw_mpy=F5 --include_path="C:/ti/ccs1281/ccs/ccs_base/msp430/include" --include_path="C:/ALL_STORAGE_HERE/Classwork/Spring 2026/Microproccesors/CCS Workspace/Lab8.2_ASM_Constructs_Jones" --include_path="C:/ti/ccs1281/ccs/tools/compiler/ti-cgt-msp430_21.6.1.LTS/include" --advice:power=all --advice:hw_config=all --define=__MSP430FR2355__ --define=_FRWP_ENABLE --define=_INFO_FRWP_ENABLE -g --printf_support=minimal --diag_warning=225 --diag_wrap=off --display_error_number --silicon_errata=CPU21 --silicon_errata=CPU22 --silicon_errata=CPU40 --preproc_with_compile --preproc_dependency="Lab8.2main.d_raw"  "../Lab8.2main.asm"
No Assembly Errors, 1 Assembly Warning
"../Lab8.2main.asm", WARNING! at line 77: [W5369] Silicon Errata CPU40: A jump instruction at the end of a section should be followed by a NOP.
				jmp 	Main
 
Finished building: "../Lab8.2main.asm"
 
Building target: "Lab8.2_ASM_Constructs_Jones.out"
Invoking: MSP430 Linker
"C:/ti/ccs1281/ccs/tools/compiler/ti-cgt-msp430_21.6.1.LTS/bin/cl430" -vmspx --code_model=small --data_model=small --use_hw_mpy=F5 --advice:power=all --advice:hw_config=all --define=__MSP430FR2355__ --define=_FRWP_ENABLE --define=_INFO_FRWP_ENABLE -g --printf_support=minimal --diag_warning=225 --diag_wrap=off --display_error_number --silicon_errata=CPU21 --silicon_errata=CPU22 --silicon_errata=CPU40 -z -m"Lab8.2_ASM_Constructs_Jones.map" --heap_size=0 --stack_size=0 --cinit_hold_wdt=on -i"C:/ti/ccs1281/ccs/ccs_base/msp430/include" -i"C:/ti/ccs1281/ccs/ccs_base/msp430/lib/FR2xx" -i"C:/ti/ccs1281/ccs/tools/compiler/ti-cgt-msp430_21.6.1.LTS/lib" -i"C:/ti/ccs1281/ccs/tools/compiler/ti-cgt-msp430_21.6.1.LTS/include" --priority --reread_libs --define=_FRWP_ENABLE --define=_INFO_FRWP_ENABLE --diag_wrap=off --display_error_number --warn_sections --xml_link_info="Lab8.2_ASM_Constructs_Jones_linkInfo.xml" --entry_point=RESET --use_hw_mpy=F5 -o "Lab8.2_ASM_Constructs_Jones.out" "./Lab8.2main.obj" "../lnk_msp430fr2355.cmd"  -lfrwp_init.a -llibc.a 
<Linking>
Finished building target: "Lab8.2_ASM_Constructs_Jones.out"
 

**** Build Finished ****

**** Build of configuration Debug for project Lab8.2_ASM_Constructs_Jones ****

"C:\\ti\\ccs1281\\ccs\\utils\\bin\\gmake" -k -j 8 all -O 
 
Building file: "../Lab8.2main.asm"
Invoking: MSP430 Compiler
"C:/ti/ccs1281/ccs/tools/compiler/ti-cgt-msp430_21.6.1.LTS/bin/cl430" -vmspx --code_model=small --data_model=small --use_hw_mpy=F5 --include_path="C:/ti/ccs1281/ccs/ccs_base/msp430/include" --include_path="C:/ALL_STORAGE_HERE/Classwork/Spring 2026/Microproccesors/CCS Workspace/Lab8.2_ASM_Constructs_Jones" --include_path="C:/ti/ccs1281/ccs/tools/compiler/ti-cgt-msp430_21.6.1.LTS/include" --advice:power=all --advice:hw_config=all --define=__MSP430FR2355__ --define=_FRWP_ENABLE --define=_INFO_FRWP_ENABLE -g --printf_support=minimal --diag_warning=225 --diag_wrap=off --display_error_number --silicon_errata=CPU21 --silicon_errata=CPU22 --silicon_errata=CPU40 --preproc_with_compile --preproc_dependency="Lab8.2main.d_raw"  "../Lab8.2main.asm"
No Assembly Errors, 1 Assembly Warning
"../Lab8.2main.asm", WARNING! at line 104: [W5369] Silicon Errata CPU40: A jump instruction at the end of a section should be followed by a NOP.
				jmp		Main
 
Finished building: "../Lab8.2main.asm"
 
Building target: "Lab8.2_ASM_Constructs_Jones.out"
Invoking: MSP430 Linker
"C:/ti/ccs1281/ccs/tools/compiler/ti-cgt-msp430_21.6.1.LTS/bin/cl430" -vmspx --code_model=small --data_model=small --use_hw_mpy=F5 --advice:power=all --advice:hw_config=all --define=__MSP430FR2355__ --define=_FRWP_ENABLE --define=_INFO_FRWP_ENABLE -g --printf_support=minimal --diag_warning=225 --diag_wrap=off --display_error_number --silicon_errata=CPU21 --silicon_errata=CPU22 --silicon_errata=CPU40 -z -m"Lab8.2_ASM_Constructs_Jones.map" --heap_size=0 --stack_size=0 --cinit_hold_wdt=on -i"C:/ti/ccs1281/ccs/ccs_base/msp430/include" -i"C:/ti/ccs1281/ccs/ccs_base/msp430/lib/FR2xx" -i"C:/ti/ccs1281/ccs/tools/compiler/ti-cgt-msp430_21.6.1.LTS/lib" -i"C:/ti/ccs1281/ccs/tools/compiler/ti-cgt-msp430_21.6.1.LTS/include" --priority --reread_libs --define=_FRWP_ENABLE --define=_INFO_FRWP_ENABLE --diag_wrap=off --display_error_number --warn_sections --xml_link_info="Lab8.2_ASM_Constructs_Jones_linkInfo.xml" --entry_point=RESET --use_hw_mpy=F5 -o "Lab8.2_ASM_Constructs_Jones.out" "./Lab8.2main.obj" "../lnk_msp430fr2355.cmd"  -lfrwp_init.a -llibc.a 
<Linking>
Finished building target: "Lab8.2_ASM_Constructs_Jones.out"
 

**** Build Finished ****

**** Build of configuration Debug for project Lab8.2_ASM_Constructs_Jones ****

"C:\\ti\\ccs1281\\ccs\\utils\\bin\\gmake" -k -j 8 all -O 
 
gmake[1]: 'Lab8.2_ASM_Constructs_Jones.out' is up to date.

**** Build Finished ****

**** Build of configuration Debug for project Lab8.2_ASM_Constructs_Jones ****

"C:\\ti\\ccs1281\\ccs\\utils\\bin\\gmake" -k -j 8 all -O 
 
Building file: "../Lab8.2main.asm"
Invoking: MSP430 Compiler
"C:/ti/ccs1281/ccs/tools/compiler/ti-cgt-msp430_21.6.1.LTS/bin/cl430" -vmspx --code_model=small --data_model=small --use_hw_mpy=F5 --include_path="C:/ti/ccs1281/ccs/ccs_base/msp430/include" --include_path="C:/ALL_STORAGE_HERE/Classwork/Spring 2026/Microproccesors/CCS Workspace/Lab8.2_ASM_Constructs_Jones" --include_path="C:/ti/ccs1281/ccs/tools/compiler/ti-cgt-msp430_21.6.1.LTS/include" --advice:power=all --advice:hw_config=all --define=__MSP430FR2355__ --define=_FRWP_ENABLE --define=_INFO_FRWP_ENABLE -g --printf_support=minimal --diag_warning=225 --diag_wrap=off --display_error_number --silicon_errata=CPU21 --silicon_errata=CPU22 --silicon_errata=CPU40 --preproc_with_compile --preproc_dependency="Lab8.2main.d_raw"  "../Lab8.2main.asm"
No Assembly Errors, 1 Assembly Warning
"../Lab8.2main.asm", WARNING! at line 104: [W5369] Silicon Errata CPU40: A jump instruction at the end of a section should be followed by a NOP.
				jmp		Main
 
Finished building: "../Lab8.2main.asm"
 
Building target: "Lab8.2_ASM_Constructs_Jones.out"
Invoking: MSP430 Linker
"C:/ti/ccs1281/ccs/tools/compiler/ti-cgt-msp430_21.6.1.LTS/bin/cl430" -vmspx --code_model=small --data_model=small --use_hw_mpy=F5 --advice:power=all --advice:hw_config=all --define=__MSP430FR2355__ --define=_FRWP_ENABLE --define=_INFO_FRWP_ENABLE -g --printf_support=minimal --diag_warning=225 --diag_wrap=off --display_error_number --silicon_errata=CPU21 --silicon_errata=CPU22 --silicon_errata=CPU40 -z -m"Lab8.2_ASM_Constructs_Jones.map" --heap_size=0 --stack_size=0 --cinit_hold_wdt=on -i"C:/ti/ccs1281/ccs/ccs_base/msp430/include" -i"C:/ti/ccs1281/ccs/ccs_base/msp430/lib/FR2xx" -i"C:/ti/ccs1281/ccs/tools/compiler/ti-cgt-msp430_21.6.1.LTS/lib" -i"C:/ti/ccs1281/ccs/tools/compiler/ti-cgt-msp430_21.6.1.LTS/include" --priority --reread_libs --define=_FRWP_ENABLE --define=_INFO_FRWP_ENABLE --diag_wrap=off --display_error_number --warn_sections --xml_link_info="Lab8.2_ASM_Constructs_Jones_linkInfo.xml" --entry_point=RESET --use_hw_mpy=F5 -o "Lab8.2_ASM_Constructs_Jones.out" "./Lab8.2main.obj" "../lnk_msp430fr2355.cmd"  -lfrwp_init.a -llibc.a 
<Linking>
Finished building target: "Lab8.2_ASM_Constructs_Jones.out"
 

**** Build Finished ****

**** Build of configuration Debug for project Lab8.2_ASM_Constructs_Jones ****

"C:\\ti\\ccs1281\\ccs\\utils\\bin\\gmake" -k -j 8 all -O 
 
Building file: "../Lab8.2main.asm"
Invoking: MSP430 Compiler
"C:/ti/ccs1281/ccs/tools/compiler/ti-cgt-msp430_21.6.1.LTS/bin/cl430" -vmspx --code_model=small --data_model=small --use_hw_mpy=F5 --include_path="C:/ti/ccs1281/ccs/ccs_base/msp430/include" --include_path="C:/ALL_STORAGE_HERE/Classwork/Spring 2026/Microproccesors/CCS Workspace/Lab8.2_ASM_Constructs_Jones" --include_path="C:/ti/ccs1281/ccs/tools/compiler/ti-cgt-msp430_21.6.1.LTS/include" --advice:power=all --advice:hw_config=all --define=__MSP430FR2355__ --define=_FRWP_ENABLE --define=_INFO_FRWP_ENABLE -g --printf_support=minimal --diag_warning=225 --diag_wrap=off --display_error_number --silicon_errata=CPU21 --silicon_errata=CPU22 --silicon_errata=CPU40 --preproc_with_compile --preproc_dependency="Lab8.2main.d_raw"  "../Lab8.2main.asm"
3 Assembly Errors, 1 Assembly Warning
 
>> Compilation failure
subdir_rules.mk:9: recipe for target 'Lab8.2main.obj' failed
"../Lab8.2main.asm", ERROR!   at line 122: [E0001] Undefined symbol
				jnz		ForDelayOff				; jump if z = 0
 
"../Lab8.2main.asm", ERROR!   at line 127: [E0003] Unexpected trailing operand(s)
				cmp.b	#002j, &P5IN			; check if P5.0 is high
 
"../Lab8.2main.asm", WARNING! at line 174: [W5369] Silicon Errata CPU40: A jump instruction at the end of a section should be followed by a NOP.
				jmp		If
 
"../Lab8.2main.asm", ERROR!   at EOF: [E0300] The following symbols are undefined:
  ForDelayOff
 
Errors in Source - Assembler Aborted
gmake: *** [Lab8.2main.obj] Error 1
gmake: Target 'all' not remade because of errors.

**** Build Finished ****

**** Build of configuration Debug for project Lab8.2_ASM_Constructs_Jones ****

"C:\\ti\\ccs1281\\ccs\\utils\\bin\\gmake" -k -j 8 all -O 
 
Building file: "../Lab8.2main.asm"
Invoking: MSP430 Compiler
"C:/ti/ccs1281/ccs/tools/compiler/ti-cgt-msp430_21.6.1.LTS/bin/cl430" -vmspx --code_model=small --data_model=small --use_hw_mpy=F5 --include_path="C:/ti/ccs1281/ccs/ccs_base/msp430/include" --include_path="C:/ALL_STORAGE_HERE/Classwork/Spring 2026/Microproccesors/CCS Workspace/Lab8.2_ASM_Constructs_Jones" --include_path="C:/ti/ccs1281/ccs/tools/compiler/ti-cgt-msp430_21.6.1.LTS/include" --advice:power=all --advice:hw_config=all --define=__MSP430FR2355__ --define=_FRWP_ENABLE --define=_INFO_FRWP_ENABLE -g --printf_support=minimal --diag_warning=225 --diag_wrap=off --display_error_number --silicon_errata=CPU21 --silicon_errata=CPU22 --silicon_errata=CPU40 --preproc_with_compile --preproc_dependency="Lab8.2main.d_raw"  "../Lab8.2main.asm"
No Assembly Errors, 1 Assembly Warning
"../Lab8.2main.asm", WARNING! at line 174: [W5369] Silicon Errata CPU40: A jump instruction at the end of a section should be followed by a NOP.
				jmp		If
 
Finished building: "../Lab8.2main.asm"
 
Building target: "Lab8.2_ASM_Constructs_Jones.out"
Invoking: MSP430 Linker
"C:/ti/ccs1281/ccs/tools/compiler/ti-cgt-msp430_21.6.1.LTS/bin/cl430" -vmspx --code_model=small --data_model=small --use_hw_mpy=F5 --advice:power=all --advice:hw_config=all --define=__MSP430FR2355__ --define=_FRWP_ENABLE --define=_INFO_FRWP_ENABLE -g --printf_support=minimal --diag_warning=225 --diag_wrap=off --display_error_number --silicon_errata=CPU21 --silicon_errata=CPU22 --silicon_errata=CPU40 -z -m"Lab8.2_ASM_Constructs_Jones.map" --heap_size=0 --stack_size=0 --cinit_hold_wdt=on -i"C:/ti/ccs1281/ccs/ccs_base/msp430/include" -i"C:/ti/ccs1281/ccs/ccs_base/msp430/lib/FR2xx" -i"C:/ti/ccs1281/ccs/tools/compiler/ti-cgt-msp430_21.6.1.LTS/lib" -i"C:/ti/ccs1281/ccs/tools/compiler/ti-cgt-msp430_21.6.1.LTS/include" --priority --reread_libs --define=_FRWP_ENABLE --define=_INFO_FRWP_ENABLE --diag_wrap=off --display_error_number --warn_sections --xml_link_info="Lab8.2_ASM_Constructs_Jones_linkInfo.xml" --entry_point=RESET --use_hw_mpy=F5 -o "Lab8.2_ASM_Constructs_Jones.out" "./Lab8.2main.obj" "../lnk_msp430fr2355.cmd"  -lfrwp_init.a -llibc.a 
<Linking>
Finished building target: "Lab8.2_ASM_Constructs_Jones.out"
 

**** Build Finished ****

**** Build of configuration Debug for project Lab8.2_ASM_Constructs_Jones ****

"C:\\ti\\ccs1281\\ccs\\utils\\bin\\gmake" -k -j 8 all -O 
 
Building file: "../Lab8.2main.asm"
Invoking: MSP430 Compiler
"C:/ti/ccs1281/ccs/tools/compiler/ti-cgt-msp430_21.6.1.LTS/bin/cl430" -vmspx --code_model=small --data_model=small --use_hw_mpy=F5 --include_path="C:/ti/ccs1281/ccs/ccs_base/msp430/include" --include_path="C:/ALL_STORAGE_HERE/Classwork/Spring 2026/Microproccesors/CCS Workspace/Lab8.2_ASM_Constructs_Jones" --include_path="C:/ti/ccs1281/ccs/tools/compiler/ti-cgt-msp430_21.6.1.LTS/include" --advice:power=all --advice:hw_config=all --define=__MSP430FR2355__ --define=_FRWP_ENABLE --define=_INFO_FRWP_ENABLE -g --printf_support=minimal --diag_warning=225 --diag_wrap=off --display_error_number --silicon_errata=CPU21 --silicon_errata=CPU22 --silicon_errata=CPU40 --preproc_with_compile --preproc_dependency="Lab8.2main.d_raw"  "../Lab8.2main.asm"
No Assembly Errors, 1 Assembly Warning
"../Lab8.2main.asm", WARNING! at line 175: [W5369] Silicon Errata CPU40: A jump instruction at the end of a section should be followed by a NOP.
				jmp		If
 
Finished building: "../Lab8.2main.asm"
 
Building target: "Lab8.2_ASM_Constructs_Jones.out"
Invoking: MSP430 Linker
"C:/ti/ccs1281/ccs/tools/compiler/ti-cgt-msp430_21.6.1.LTS/bin/cl430" -vmspx --code_model=small --data_model=small --use_hw_mpy=F5 --advice:power=all --advice:hw_config=all --define=__MSP430FR2355__ --define=_FRWP_ENABLE --define=_INFO_FRWP_ENABLE -g --printf_support=minimal --diag_warning=225 --diag_wrap=off --display_error_number --silicon_errata=CPU21 --silicon_errata=CPU22 --silicon_errata=CPU40 -z -m"Lab8.2_ASM_Constructs_Jones.map" --heap_size=0 --stack_size=0 --cinit_hold_wdt=on -i"C:/ti/ccs1281/ccs/ccs_base/msp430/include" -i"C:/ti/ccs1281/ccs/ccs_base/msp430/lib/FR2xx" -i"C:/ti/ccs1281/ccs/tools/compiler/ti-cgt-msp430_21.6.1.LTS/lib" -i"C:/ti/ccs1281/ccs/tools/compiler/ti-cgt-msp430_21.6.1.LTS/include" --priority --reread_libs --define=_FRWP_ENABLE --define=_INFO_FRWP_ENABLE --diag_wrap=off --display_error_number --warn_sections --xml_link_info="Lab8.2_ASM_Constructs_Jones_linkInfo.xml" --entry_point=RESET --use_hw_mpy=F5 -o "Lab8.2_ASM_Constructs_Jones.out" "./Lab8.2main.obj" "../lnk_msp430fr2355.cmd"  -lfrwp_init.a -llibc.a 
<Linking>
Finished building target: "Lab8.2_ASM_Constructs_Jones.out"
 

**** Build Finished ****

**** Build of configuration Debug for project Lab8.2_ASM_Constructs_Jones ****

"C:\\ti\\ccs1281\\ccs\\utils\\bin\\gmake" -k -j 8 all -O 
 
gmake[1]: 'Lab8.2_ASM_Constructs_Jones.out' is up to date.

**** Build Finished ****

**** Build of configuration Debug for project Chp9.3_CodeExample ****

"C:\\ti\\ccs1281\\ccs\\utils\\bin\\gmake" -k -j 8 all -O 
 
Building file: "../9.3main.asm"
Invoking: MSP430 Compiler
"C:/ti/ccs1281/ccs/tools/compiler/ti-cgt-msp430_21.6.1.LTS/bin/cl430" -vmspx --code_model=small --data_model=small --use_hw_mpy=F5 --include_path="C:/ti/ccs1281/ccs/ccs_base/msp430/include" --include_path="C:/ALL_STORAGE_HERE/Classwork/Spring 2026/Microproccesors/CCS Workspace/Chp9.3_CodeExample" --include_path="C:/ti/ccs1281/ccs/tools/compiler/ti-cgt-msp430_21.6.1.LTS/include" --advice:power=all --advice:hw_config=all --define=__MSP430FR2355__ --define=_FRWP_ENABLE --define=_INFO_FRWP_ENABLE -g --printf_support=minimal --diag_warning=225 --diag_wrap=off --display_error_number --silicon_errata=CPU21 --silicon_errata=CPU22 --silicon_errata=CPU40 --preproc_with_compile --preproc_dependency="9.3main.d_raw"  "../9.3main.asm"
1 Assembly Error, 1 Assembly Warning
 
>> Compilation failure
subdir_rules.mk:9: recipe for target '9.3main.obj' failed
"../9.3main.asm", WARNING! at line 45: [W5369] Silicon Errata CPU40: A jump instruction at the end of a section should be followed by a NOP.
				jmp main
 
"../9.3main.asm", ERROR!   at EOF: [E0300] The following symbols are undefined:
  PM5CLT0
 
Errors in Source - Assembler Aborted
gmake: *** [9.3main.obj] Error 1
gmake: Target 'all' not remade because of errors.

**** Build Finished ****

**** Build of configuration Debug for project Chp9.3_CodeExample ****

"C:\\ti\\ccs1281\\ccs\\utils\\bin\\gmake" -k -j 8 all -O 
 
Building file: "../9.3main.asm"
Invoking: MSP430 Compiler
"C:/ti/ccs1281/ccs/tools/compiler/ti-cgt-msp430_21.6.1.LTS/bin/cl430" -vmspx --code_model=small --data_model=small --use_hw_mpy=F5 --include_path="C:/ti/ccs1281/ccs/ccs_base/msp430/include" --include_path="C:/ALL_STORAGE_HERE/Classwork/Spring 2026/Microproccesors/CCS Workspace/Chp9.3_CodeExample" --include_path="C:/ti/ccs1281/ccs/tools/compiler/ti-cgt-msp430_21.6.1.LTS/include" --advice:power=all --advice:hw_config=all --define=__MSP430FR2355__ --define=_FRWP_ENABLE --define=_INFO_FRWP_ENABLE -g --printf_support=minimal --diag_warning=225 --diag_wrap=off --display_error_number --silicon_errata=CPU21 --silicon_errata=CPU22 --silicon_errata=CPU40 --preproc_with_compile --preproc_dependency="9.3main.d_raw"  "../9.3main.asm"
1 Assembly Error, 1 Assembly Warning
 
>> Compilation failure
subdir_rules.mk:9: recipe for target '9.3main.obj' failed
"../9.3main.asm", WARNING! at line 45: [W5369] Silicon Errata CPU40: A jump instruction at the end of a section should be followed by a NOP.
				jmp main
 
"../9.3main.asm", ERROR!   at EOF: [E0300] The following symbols are undefined:
  PM5CLT0
 
Errors in Source - Assembler Aborted
gmake: *** [9.3main.obj] Error 1
gmake: Target 'all' not remade because of errors.

**** Build Finished ****

**** Build of configuration Debug for project Chp9.3_CodeExample ****

"C:\\ti\\ccs1281\\ccs\\utils\\bin\\gmake" -k -j 8 all -O 
 
Building file: "../9.3main.asm"
Invoking: MSP430 Compiler
"C:/ti/ccs1281/ccs/tools/compiler/ti-cgt-msp430_21.6.1.LTS/bin/cl430" -vmspx --code_model=small --data_model=small --use_hw_mpy=F5 --include_path="C:/ti/ccs1281/ccs/ccs_base/msp430/include" --include_path="C:/ALL_STORAGE_HERE/Classwork/Spring 2026/Microproccesors/CCS Workspace/Chp9.3_CodeExample" --include_path="C:/ti/ccs1281/ccs/tools/compiler/ti-cgt-msp430_21.6.1.LTS/include" --advice:power=all --advice:hw_config=all --define=__MSP430FR2355__ --define=_FRWP_ENABLE --define=_INFO_FRWP_ENABLE -g --printf_support=minimal --diag_warning=225 --diag_wrap=off --display_error_number --silicon_errata=CPU21 --silicon_errata=CPU22 --silicon_errata=CPU40 --preproc_with_compile --preproc_dependency="9.3main.d_raw"  "../9.3main.asm"
1 Assembly Error, 1 Assembly Warning
 
>> Compilation failure
subdir_rules.mk:9: recipe for target '9.3main.obj' failed
"../9.3main.asm", WARNING! at line 45: [W5369] Silicon Errata CPU40: A jump instruction at the end of a section should be followed by a NOP.
				jmp		main
 
"../9.3main.asm", ERROR!   at EOF: [E0300] The following symbols are undefined:
  PM5CLT0
 
Errors in Source - Assembler Aborted
gmake: *** [9.3main.obj] Error 1
gmake: Target 'all' not remade because of errors.

**** Build Finished ****

**** Build of configuration Debug for project Chp9.3_CodeExample ****

"C:\\ti\\ccs1281\\ccs\\utils\\bin\\gmake" -k -j 8 all -O 
 
Building file: "../9.3main.asm"
Invoking: MSP430 Compiler
"C:/ti/ccs1281/ccs/tools/compiler/ti-cgt-msp430_21.6.1.LTS/bin/cl430" -vmspx --code_model=small --data_model=small --use_hw_mpy=F5 --include_path="C:/ti/ccs1281/ccs/ccs_base/msp430/include" --include_path="C:/ALL_STORAGE_HERE/Classwork/Spring 2026/Microproccesors/CCS Workspace/Chp9.3_CodeExample" --include_path="C:/ti/ccs1281/ccs/tools/compiler/ti-cgt-msp430_21.6.1.LTS/include" --advice:power=all --advice:hw_config=all --define=__MSP430FR2355__ --define=_FRWP_ENABLE --define=_INFO_FRWP_ENABLE -g --printf_support=minimal --diag_warning=225 --diag_wrap=off --display_error_number --silicon_errata=CPU21 --silicon_errata=CPU22 --silicon_errata=CPU40 --preproc_with_compile --preproc_dependency="9.3main.d_raw"  "../9.3main.asm"
1 Assembly Error, 1 Assembly Warning
 
>> Compilation failure
subdir_rules.mk:9: recipe for target '9.3main.obj' failed
"../9.3main.asm", WARNING! at line 45: [W5369] Silicon Errata CPU40: A jump instruction at the end of a section should be followed by a NOP.
				jmp		main
 
"../9.3main.asm", ERROR!   at EOF: [E0300] The following symbols are undefined:
  PM5CLT0
 
Errors in Source - Assembler Aborted
gmake: *** [9.3main.obj] Error 1
gmake: Target 'all' not remade because of errors.

**** Build Finished ****

**** Build of configuration Debug for project Chp9.4_CodeExample ****

"C:\\ti\\ccs1281\\ccs\\utils\\bin\\gmake" -k -j 8 all -O 
 
Building file: "../9.4main.asm"
Invoking: MSP430 Compiler
"C:/ti/ccs1281/ccs/tools/compiler/ti-cgt-msp430_21.6.1.LTS/bin/cl430" -vmspx --code_model=small --data_model=small --use_hw_mpy=F5 --include_path="C:/ti/ccs1281/ccs/ccs_base/msp430/include" --include_path="C:/ALL_STORAGE_HERE/Classwork/Spring 2026/Microproccesors/CCS Workspace/Chp9.4_CodeExample" --include_path="C:/ti/ccs1281/ccs/tools/compiler/ti-cgt-msp430_21.6.1.LTS/include" --advice:power=all --advice:hw_config=all --define=__MSP430FR2355__ --define=_FRWP_ENABLE --define=_INFO_FRWP_ENABLE -g --printf_support=minimal --diag_warning=225 --diag_wrap=off --display_error_number --silicon_errata=CPU21 --silicon_errata=CPU22 --silicon_errata=CPU40 --preproc_with_compile --preproc_dependency="9.4main.d_raw"  "../9.4main.asm"
1 Assembly Error, 1 Assembly Warning
 
>> Compilation failure
subdir_rules.mk:9: recipe for target '9.4main.obj' failed
"../9.4main.asm", WARNING! at line 51: [W5369] Silicon Errata CPU40: A jump instruction at the end of a section should be followed by a NOP.
				jmp		main
 
"../9.4main.asm", ERROR!   at EOF: [E0300] The following symbols are undefined:
  PM5CLT0
 
Errors in Source - Assembler Aborted
gmake: *** [9.4main.obj] Error 1
gmake: Target 'all' not remade because of errors.

**** Build Finished ****

**** Build of configuration Debug for project Lab8.2_ASM_Constructs_Jones ****

"C:\\ti\\ccs1281\\ccs\\utils\\bin\\gmake" -k -j 8 all -O 
 
gmake[1]: 'Lab8.2_ASM_Constructs_Jones.out' is up to date.

**** Build Finished ****

**** Build of configuration Debug for project Chp9.4_CodeExample ****

"C:\\ti\\ccs1281\\ccs\\utils\\bin\\gmake" -k -j 8 all -O 
 
Building file: "../9.4main.asm"
Invoking: MSP430 Compiler
"C:/ti/ccs1281/ccs/tools/compiler/ti-cgt-msp430_21.6.1.LTS/bin/cl430" -vmspx --code_model=small --data_model=small --use_hw_mpy=F5 --include_path="C:/ti/ccs1281/ccs/ccs_base/msp430/include" --include_path="C:/ALL_STORAGE_HERE/Classwork/Spring 2026/Microproccesors/CCS Workspace/Chp9.4_CodeExample" --include_path="C:/ti/ccs1281/ccs/tools/compiler/ti-cgt-msp430_21.6.1.LTS/include" --advice:power=all --advice:hw_config=all --define=__MSP430FR2355__ --define=_FRWP_ENABLE --define=_INFO_FRWP_ENABLE -g --printf_support=minimal --diag_warning=225 --diag_wrap=off --display_error_number --silicon_errata=CPU21 --silicon_errata=CPU22 --silicon_errata=CPU40 --preproc_with_compile --preproc_dependency="9.4main.d_raw"  "../9.4main.asm"
No Assembly Errors, 1 Assembly Warning
"../9.4main.asm", WARNING! at line 51: [W5369] Silicon Errata CPU40: A jump instruction at the end of a section should be followed by a NOP.
				jmp		main
 
Finished building: "../9.4main.asm"
 
Building target: "Chp9.4_CodeExample.out"
Invoking: MSP430 Linker
"C:/ti/ccs1281/ccs/tools/compiler/ti-cgt-msp430_21.6.1.LTS/bin/cl430" -vmspx --code_model=small --data_model=small --use_hw_mpy=F5 --advice:power=all --advice:hw_config=all --define=__MSP430FR2355__ --define=_FRWP_ENABLE --define=_INFO_FRWP_ENABLE -g --printf_support=minimal --diag_warning=225 --diag_wrap=off --display_error_number --silicon_errata=CPU21 --silicon_errata=CPU22 --silicon_errata=CPU40 -z -m"Chp9.4_CodeExample.map" --heap_size=0 --stack_size=0 --cinit_hold_wdt=on -i"C:/ti/ccs1281/ccs/ccs_base/msp430/include" -i"C:/ti/ccs1281/ccs/ccs_base/msp430/lib/FR2xx" -i"C:/ti/ccs1281/ccs/tools/compiler/ti-cgt-msp430_21.6.1.LTS/lib" -i"C:/ti/ccs1281/ccs/tools/compiler/ti-cgt-msp430_21.6.1.LTS/include" --priority --reread_libs --define=_FRWP_ENABLE --define=_INFO_FRWP_ENABLE --diag_wrap=off --display_error_number --warn_sections --xml_link_info="Chp9.4_CodeExample_linkInfo.xml" --entry_point=RESET --use_hw_mpy=F5 -o "Chp9.4_CodeExample.out" "./9.4main.obj" "../lnk_msp430fr2355.cmd"  -lfrwp_init.a -llibc.a 
<Linking>
Finished building target: "Chp9.4_CodeExample.out"
 

**** Build Finished ****

**** Build of configuration Debug for project Chp9.3_CodeExample ****

"C:\\ti\\ccs1281\\ccs\\utils\\bin\\gmake" -k -j 8 all -O 
 
Building file: "../9.3main.asm"
Invoking: MSP430 Compiler
"C:/ti/ccs1281/ccs/tools/compiler/ti-cgt-msp430_21.6.1.LTS/bin/cl430" -vmspx --code_model=small --data_model=small --use_hw_mpy=F5 --include_path="C:/ti/ccs1281/ccs/ccs_base/msp430/include" --include_path="C:/ALL_STORAGE_HERE/Classwork/Spring 2026/Microproccesors/CCS Workspace/Chp9.3_CodeExample" --include_path="C:/ti/ccs1281/ccs/tools/compiler/ti-cgt-msp430_21.6.1.LTS/include" --advice:power=all --advice:hw_config=all --define=__MSP430FR2355__ --define=_FRWP_ENABLE --define=_INFO_FRWP_ENABLE -g --printf_support=minimal --diag_warning=225 --diag_wrap=off --display_error_number --silicon_errata=CPU21 --silicon_errata=CPU22 --silicon_errata=CPU40 --preproc_with_compile --preproc_dependency="9.3main.d_raw"  "../9.3main.asm"
No Assembly Errors, 1 Assembly Warning
"../9.3main.asm", WARNING! at line 45: [W5369] Silicon Errata CPU40: A jump instruction at the end of a section should be followed by a NOP.
				jmp		main
 
Finished building: "../9.3main.asm"
 
Building target: "Chp9.3_CodeExample.out"
Invoking: MSP430 Linker
"C:/ti/ccs1281/ccs/tools/compiler/ti-cgt-msp430_21.6.1.LTS/bin/cl430" -vmspx --code_model=small --data_model=small --use_hw_mpy=F5 --advice:power=all --advice:hw_config=all --define=__MSP430FR2355__ --define=_FRWP_ENABLE --define=_INFO_FRWP_ENABLE -g --printf_support=minimal --diag_warning=225 --diag_wrap=off --display_error_number --silicon_errata=CPU21 --silicon_errata=CPU22 --silicon_errata=CPU40 -z -m"Chp9.3_CodeExample.map" --heap_size=0 --stack_size=0 --cinit_hold_wdt=on -i"C:/ti/ccs1281/ccs/ccs_base/msp430/include" -i"C:/ti/ccs1281/ccs/ccs_base/msp430/lib/FR2xx" -i"C:/ti/ccs1281/ccs/tools/compiler/ti-cgt-msp430_21.6.1.LTS/lib" -i"C:/ti/ccs1281/ccs/tools/compiler/ti-cgt-msp430_21.6.1.LTS/include" --priority --reread_libs --define=_FRWP_ENABLE --define=_INFO_FRWP_ENABLE --diag_wrap=off --display_error_number --warn_sections --xml_link_info="Chp9.3_CodeExample_linkInfo.xml" --entry_point=RESET --use_hw_mpy=F5 -o "Chp9.3_CodeExample.out" "./9.3main.obj" "../lnk_msp430fr2355.cmd"  -lfrwp_init.a -llibc.a 
<Linking>
Finished building target: "Chp9.3_CodeExample.out"
 

**** Build Finished ****

**** Build of configuration Debug for project Chp6.3_CodeExample ****

"C:\\ti\\ccs1281\\ccs\\utils\\bin\\gmake" -k -j 16 all -O 
 
Building file: "../6.3main.asm"
Invoking: MSP430 Compiler
"C:/ti/ccs1281/ccs/tools/compiler/ti-cgt-msp430_21.6.1.LTS/bin/cl430" -vmspx --code_model=small --data_model=small --use_hw_mpy=F5 --include_path="C:/ti/ccs1281/ccs/ccs_base/msp430/include" --include_path="C:/-- All Storage Here --/Classwork/Spring 2026/Microproccesors/CCS Workspace/Chp6.3_CodeExample" --include_path="C:/ti/ccs1281/ccs/tools/compiler/ti-cgt-msp430_21.6.1.LTS/include" --advice:power=all --advice:hw_config=all --define=__MSP430FR2355__ --define=_FRWP_ENABLE --define=_INFO_FRWP_ENABLE -g --printf_support=minimal --diag_warning=225 --diag_wrap=off --display_error_number --silicon_errata=CPU21 --silicon_errata=CPU22 --silicon_errata=CPU40 --preproc_with_compile --preproc_dependency="6.3main.d_raw"  "../6.3main.asm"
1 Assembly Error, 1 Assembly Warning
 
>> Compilation failure
subdir_rules.mk:9: recipe for target '6.3main.obj' failed
"../6.3main.asm", ERROR!   at line 45: [E0003] Invalid octal constant specified
	Const2:		.short	0CAFE					; init 2nd word
 
"../6.3main.asm", WARNING! at line 35: [W5369] Silicon Errata CPU40: A jump instruction at the end of a section should be followed by a NOP.
				jmp 	main
 
 
Errors in Source - Assembler Aborted
gmake: *** [6.3main.obj] Error 1
gmake: Target 'all' not remade because of errors.

**** Build Finished ****

**** Build of configuration Debug for project Chp6.3_CodeExample ****

"C:\\ti\\ccs1281\\ccs\\utils\\bin\\gmake" -k -j 16 all -O 
 
Building file: "../6.3main.asm"
Invoking: MSP430 Compiler
"C:/ti/ccs1281/ccs/tools/compiler/ti-cgt-msp430_21.6.1.LTS/bin/cl430" -vmspx --code_model=small --data_model=small --use_hw_mpy=F5 --include_path="C:/ti/ccs1281/ccs/ccs_base/msp430/include" --include_path="C:/-- All Storage Here --/Classwork/Spring 2026/Microproccesors/CCS Workspace/Chp6.3_CodeExample" --include_path="C:/ti/ccs1281/ccs/tools/compiler/ti-cgt-msp430_21.6.1.LTS/include" --advice:power=all --advice:hw_config=all --define=__MSP430FR2355__ --define=_FRWP_ENABLE --define=_INFO_FRWP_ENABLE -g --printf_support=minimal --diag_warning=225 --diag_wrap=off --display_error_number --silicon_errata=CPU21 --silicon_errata=CPU22 --silicon_errata=CPU40 --preproc_with_compile --preproc_dependency="6.3main.d_raw"  "../6.3main.asm"
No Assembly Errors, 1 Assembly Warning
"../6.3main.asm", WARNING! at line 35: [W5369] Silicon Errata CPU40: A jump instruction at the end of a section should be followed by a NOP.
				jmp 	main
 
Finished building: "../6.3main.asm"
 
Building target: "Chp6.3_CodeExample.out"
Invoking: MSP430 Linker
"C:/ti/ccs1281/ccs/tools/compiler/ti-cgt-msp430_21.6.1.LTS/bin/cl430" -vmspx --code_model=small --data_model=small --use_hw_mpy=F5 --advice:power=all --advice:hw_config=all --define=__MSP430FR2355__ --define=_FRWP_ENABLE --define=_INFO_FRWP_ENABLE -g --printf_support=minimal --diag_warning=225 --diag_wrap=off --display_error_number --silicon_errata=CPU21 --silicon_errata=CPU22 --silicon_errata=CPU40 -z -m"Chp6.3_CodeExample.map" --heap_size=0 --stack_size=0 --cinit_hold_wdt=on -i"C:/ti/ccs1281/ccs/ccs_base/msp430/include" -i"C:/ti/ccs1281/ccs/ccs_base/msp430/lib/FR2xx" -i"C:/ti/ccs1281/ccs/tools/compiler/ti-cgt-msp430_21.6.1.LTS/lib" -i"C:/ti/ccs1281/ccs/tools/compiler/ti-cgt-msp430_21.6.1.LTS/include" --priority --reread_libs --define=_FRWP_ENABLE --define=_INFO_FRWP_ENABLE --diag_wrap=off --display_error_number --warn_sections --xml_link_info="Chp6.3_CodeExample_linkInfo.xml" --entry_point=RESET --use_hw_mpy=F5 -o "Chp6.3_CodeExample.out" "./6.3main.obj" "../lnk_msp430fr2355.cmd"  -lfrwp_init.a -llibc.a 
<Linking>
warning #10366-D: automatic library build: using library "C:\ti\ccs1281\ccs\tools\compiler\ti-cgt-msp430_21.6.1.LTS\lib\rts430x_sc_sd_eabi.lib" for the first time, so it must be built.  This may take a few minutes.
Creating library c:/users/jones/appdata/local/temp/ti_mkl~1/rts430x_sc_sd_eabi.lib
Finished building target: "Chp6.3_CodeExample.out"
 

**** Build Finished ****

**** Build of configuration Debug for project Chp10.1_CodeExample ****

"C:\\ti\\ccs1281\\ccs\\utils\\bin\\gmake" -k -j 16 all -O 
 
Building file: "../10.1main.asm"
Invoking: MSP430 Compiler
"C:/ti/ccs1281/ccs/tools/compiler/ti-cgt-msp430_21.6.1.LTS/bin/cl430" -vmspx --code_model=small --data_model=small --use_hw_mpy=F5 --include_path="C:/ti/ccs1281/ccs/ccs_base/msp430/include" --include_path="C:/-- All Storage Here --/Classwork/Spring 2026/Microproccesors/CCS Workspace/Chp10.1_CodeExample" --include_path="C:/ti/ccs1281/ccs/tools/compiler/ti-cgt-msp430_21.6.1.LTS/include" --advice:power=all --advice:hw_config=all --define=__MSP430FR2355__ --define=_FRWP_ENABLE --define=_INFO_FRWP_ENABLE -g --printf_support=minimal --diag_warning=225 --diag_wrap=off --display_error_number --silicon_errata=CPU21 --silicon_errata=CPU22 --silicon_errata=CPU40 --preproc_with_compile --preproc_dependency="10.1main.d_raw"  "../10.1main.asm"
Finished building: "../10.1main.asm"
 
Building target: "Chp10.1_CodeExample.out"
Invoking: MSP430 Linker
"C:/ti/ccs1281/ccs/tools/compiler/ti-cgt-msp430_21.6.1.LTS/bin/cl430" -vmspx --code_model=small --data_model=small --use_hw_mpy=F5 --advice:power=all --advice:hw_config=all --define=__MSP430FR2355__ --define=_FRWP_ENABLE --define=_INFO_FRWP_ENABLE -g --printf_support=minimal --diag_warning=225 --diag_wrap=off --display_error_number --silicon_errata=CPU21 --silicon_errata=CPU22 --silicon_errata=CPU40 -z -m"Chp10.1_CodeExample.map" --heap_size=0 --stack_size=0 --cinit_hold_wdt=on -i"C:/ti/ccs1281/ccs/ccs_base/msp430/include" -i"C:/ti/ccs1281/ccs/ccs_base/msp430/lib/FR2xx" -i"C:/ti/ccs1281/ccs/tools/compiler/ti-cgt-msp430_21.6.1.LTS/lib" -i"C:/ti/ccs1281/ccs/tools/compiler/ti-cgt-msp430_21.6.1.LTS/include" --priority --reread_libs --define=_FRWP_ENABLE --define=_INFO_FRWP_ENABLE --diag_wrap=off --display_error_number --warn_sections --xml_link_info="Chp10.1_CodeExample_linkInfo.xml" --entry_point=RESET --use_hw_mpy=F5 -o "Chp10.1_CodeExample.out" "./10.1main.obj" "../lnk_msp430fr2355.cmd"  -lfrwp_init.a -llibc.a 
<Linking>
Finished building target: "Chp10.1_CodeExample.out"
 

**** Build Finished ****

**** Build of configuration Debug for project Lab10.1_ASM_StackAndSubroutines_Jones ****

"C:\\ti\\ccs1281\\ccs\\utils\\bin\\gmake" -k -j 16 all -O 
 
Building file: "../main.asm"
Invoking: MSP430 Compiler
"C:/ti/ccs1281/ccs/tools/compiler/ti-cgt-msp430_21.6.1.LTS/bin/cl430" -vmspx --code_model=small --data_model=small --use_hw_mpy=F5 --include_path="C:/ti/ccs1281/ccs/ccs_base/msp430/include" --include_path="C:/-- All Storage Here --/Classwork/Spring 2026/Microproccesors/CCS Workspace/Lab10.1_ASM_StackAndSubroutines_Jones" --include_path="C:/ti/ccs1281/ccs/tools/compiler/ti-cgt-msp430_21.6.1.LTS/include" --advice:power=all --advice:hw_config=all --define=__MSP430FR2355__ --define=_FRWP_ENABLE --define=_INFO_FRWP_ENABLE -g --printf_support=minimal --diag_warning=225 --diag_wrap=off --display_error_number --silicon_errata=CPU21 --silicon_errata=CPU22 --silicon_errata=CPU40 --preproc_with_compile --preproc_dependency="main.d_raw"  "../main.asm"
No Assembly Errors, 1 Assembly Warning
"../main.asm", WARNING! at line 32: [W5369] Silicon Errata CPU40: A jump instruction at the end of a section should be followed by a NOP.
				jmp		Main
 
Finished building: "../main.asm"
 
Building target: "Lab10.1_ASM_StackAndSubroutines_Jones.out"
Invoking: MSP430 Linker
"C:/ti/ccs1281/ccs/tools/compiler/ti-cgt-msp430_21.6.1.LTS/bin/cl430" -vmspx --code_model=small --data_model=small --use_hw_mpy=F5 --advice:power=all --advice:hw_config=all --define=__MSP430FR2355__ --define=_FRWP_ENABLE --define=_INFO_FRWP_ENABLE -g --printf_support=minimal --diag_warning=225 --diag_wrap=off --display_error_number --silicon_errata=CPU21 --silicon_errata=CPU22 --silicon_errata=CPU40 -z -m"Lab10.1_ASM_StackAndSubroutines_Jones.map" --heap_size=0 --stack_size=0 --cinit_hold_wdt=on -i"C:/ti/ccs1281/ccs/ccs_base/msp430/include" -i"C:/ti/ccs1281/ccs/ccs_base/msp430/lib/FR2xx" -i"C:/ti/ccs1281/ccs/tools/compiler/ti-cgt-msp430_21.6.1.LTS/lib" -i"C:/ti/ccs1281/ccs/tools/compiler/ti-cgt-msp430_21.6.1.LTS/include" --priority --reread_libs --define=_FRWP_ENABLE --define=_INFO_FRWP_ENABLE --diag_wrap=off --display_error_number --warn_sections --xml_link_info="Lab10.1_ASM_StackAndSubroutines_Jones_linkInfo.xml" --entry_point=RESET --use_hw_mpy=F5 -o "Lab10.1_ASM_StackAndSubroutines_Jones.out" "./main.obj" "../lnk_msp430fr2355.cmd"  -lfrwp_init.a -llibc.a 
<Linking>
Finished building target: "Lab10.1_ASM_StackAndSubroutines_Jones.out"
 

**** Build Finished ****

**** Build of configuration Debug for project Lab10.1_ASM_StackAndSubroutines_Jones ****

"C:\\ti\\ccs1281\\ccs\\utils\\bin\\gmake" -k -j 16 all -O 
 
Building file: "../Lab10.1main.asm"
Invoking: MSP430 Compiler
"C:/ti/ccs1281/ccs/tools/compiler/ti-cgt-msp430_21.6.1.LTS/bin/cl430" -vmspx --code_model=small --data_model=small --use_hw_mpy=F5 --include_path="C:/ti/ccs1281/ccs/ccs_base/msp430/include" --include_path="C:/-- All Storage Here --/Classwork/Spring 2026/Microproccesors/CCS Workspace/Lab10.1_ASM_StackAndSubroutines_Jones" --include_path="C:/ti/ccs1281/ccs/tools/compiler/ti-cgt-msp430_21.6.1.LTS/include" --advice:power=all --advice:hw_config=all --define=__MSP430FR2355__ --define=_FRWP_ENABLE --define=_INFO_FRWP_ENABLE -g --printf_support=minimal --diag_warning=225 --diag_wrap=off --display_error_number --silicon_errata=CPU21 --silicon_errata=CPU22 --silicon_errata=CPU40 --preproc_with_compile --preproc_dependency="Lab10.1main.d_raw"  "../Lab10.1main.asm"
No Assembly Errors, 1 Assembly Warning
"../Lab10.1main.asm", WARNING! at line 88: [W5369] Silicon Errata CPU40: A jump instruction at the end of a section should be followed by a NOP.
				jmp		Main
 
Finished building: "../Lab10.1main.asm"
 
Building target: "Lab10.1_ASM_StackAndSubroutines_Jones.out"
Invoking: MSP430 Linker
"C:/ti/ccs1281/ccs/tools/compiler/ti-cgt-msp430_21.6.1.LTS/bin/cl430" -vmspx --code_model=small --data_model=small --use_hw_mpy=F5 --advice:power=all --advice:hw_config=all --define=__MSP430FR2355__ --define=_FRWP_ENABLE --define=_INFO_FRWP_ENABLE -g --printf_support=minimal --diag_warning=225 --diag_wrap=off --display_error_number --silicon_errata=CPU21 --silicon_errata=CPU22 --silicon_errata=CPU40 -z -m"Lab10.1_ASM_StackAndSubroutines_Jones.map" --heap_size=0 --stack_size=0 --cinit_hold_wdt=on -i"C:/ti/ccs1281/ccs/ccs_base/msp430/include" -i"C:/ti/ccs1281/ccs/ccs_base/msp430/lib/FR2xx" -i"C:/ti/ccs1281/ccs/tools/compiler/ti-cgt-msp430_21.6.1.LTS/lib" -i"C:/ti/ccs1281/ccs/tools/compiler/ti-cgt-msp430_21.6.1.LTS/include" --priority --reread_libs --define=_FRWP_ENABLE --define=_INFO_FRWP_ENABLE --diag_wrap=off --display_error_number --warn_sections --xml_link_info="Lab10.1_ASM_StackAndSubroutines_Jones_linkInfo.xml" --entry_point=RESET --use_hw_mpy=F5 -o "Lab10.1_ASM_StackAndSubroutines_Jones.out" "./Lab10.1main.obj" "../lnk_msp430fr2355.cmd"  -lfrwp_init.a -llibc.a 
<Linking>
Finished building target: "Lab10.1_ASM_StackAndSubroutines_Jones.out"
 

**** Build Finished ****

**** Build of configuration Debug for project Lab10.1_ASM_StackAndSubroutines_Jones ****

"C:\\ti\\ccs1281\\ccs\\utils\\bin\\gmake" -k -j 16 all -O 
 
gmake[1]: 'Lab10.1_ASM_StackAndSubroutines_Jones.out' is up to date.

**** Build Finished ****

**** Build of configuration Debug for project Lab10.1_ASM_StackAndSubroutines_Jones ****

"C:\\ti\\ccs1281\\ccs\\utils\\bin\\gmake" -k -j 16 all -O 
 
Building file: "../Lab10.1main.asm"
Invoking: MSP430 Compiler
"C:/ti/ccs1281/ccs/tools/compiler/ti-cgt-msp430_21.6.1.LTS/bin/cl430" -vmspx --code_model=small --data_model=small --use_hw_mpy=F5 --include_path="C:/ti/ccs1281/ccs/ccs_base/msp430/include" --include_path="C:/-- All Storage Here --/Classwork/Spring 2026/Microproccesors/CCS Workspace/Lab10.1_ASM_StackAndSubroutines_Jones" --include_path="C:/ti/ccs1281/ccs/tools/compiler/ti-cgt-msp430_21.6.1.LTS/include" --advice:power=all --advice:hw_config=all --define=__MSP430FR2355__ --define=_FRWP_ENABLE --define=_INFO_FRWP_ENABLE -g --printf_support=minimal --diag_warning=225 --diag_wrap=off --display_error_number --silicon_errata=CPU21 --silicon_errata=CPU22 --silicon_errata=CPU40 --preproc_with_compile --preproc_dependency="Lab10.1main.d_raw"  "../Lab10.1main.asm"
No Assembly Errors, 1 Assembly Warning
"../Lab10.1main.asm", WARNING! at line 89: [W5369] Silicon Errata CPU40: A jump instruction at the end of a section should be followed by a NOP.
				jmp		Main
 
Finished building: "../Lab10.1main.asm"
 
Building target: "Lab10.1_ASM_StackAndSubroutines_Jones.out"
Invoking: MSP430 Linker
"C:/ti/ccs1281/ccs/tools/compiler/ti-cgt-msp430_21.6.1.LTS/bin/cl430" -vmspx --code_model=small --data_model=small --use_hw_mpy=F5 --advice:power=all --advice:hw_config=all --define=__MSP430FR2355__ --define=_FRWP_ENABLE --define=_INFO_FRWP_ENABLE -g --printf_support=minimal --diag_warning=225 --diag_wrap=off --display_error_number --silicon_errata=CPU21 --silicon_errata=CPU22 --silicon_errata=CPU40 -z -m"Lab10.1_ASM_StackAndSubroutines_Jones.map" --heap_size=0 --stack_size=0 --cinit_hold_wdt=on -i"C:/ti/ccs1281/ccs/ccs_base/msp430/include" -i"C:/ti/ccs1281/ccs/ccs_base/msp430/lib/FR2xx" -i"C:/ti/ccs1281/ccs/tools/compiler/ti-cgt-msp430_21.6.1.LTS/lib" -i"C:/ti/ccs1281/ccs/tools/compiler/ti-cgt-msp430_21.6.1.LTS/include" --priority --reread_libs --define=_FRWP_ENABLE --define=_INFO_FRWP_ENABLE --diag_wrap=off --display_error_number --warn_sections --xml_link_info="Lab10.1_ASM_StackAndSubroutines_Jones_linkInfo.xml" --entry_point=RESET --use_hw_mpy=F5 -o "Lab10.1_ASM_StackAndSubroutines_Jones.out" "./Lab10.1main.obj" "../lnk_msp430fr2355.cmd"  -lfrwp_init.a -llibc.a 
<Linking>
Finished building target: "Lab10.1_ASM_StackAndSubroutines_Jones.out"
 

**** Build Finished ****

**** Build of configuration Debug for project Chp10.1_CodeExample ****

"C:\\ti\\ccs1281\\ccs\\utils\\bin\\gmake" -k -j 16 all -O 
 
gmake[1]: 'Chp10.1_CodeExample.out' is up to date.

**** Build Finished ****

**** Build of configuration Debug for project Chp10.1_CodeExample ****

"C:\\ti\\ccs1281\\ccs\\utils\\bin\\gmake" -k -j 16 all -O 
 
gmake[1]: 'Chp10.1_CodeExample.out' is up to date.

**** Build Finished ****

**** Build of configuration Debug for project Lab10.1_ASM_StackAndSubroutines_Jones ****

"C:\\ti\\ccs1281\\ccs\\utils\\bin\\gmake" -k -j 16 all -O 
 
gmake[1]: 'Lab10.1_ASM_StackAndSubroutines_Jones.out' is up to date.

**** Build Finished ****

**** Build of configuration Debug for project Lab10.1_ASM_StackAndSubroutines_Jones ****

"C:\\ti\\ccs1281\\ccs\\utils\\bin\\gmake" -k -j 16 all -O 
 
Building file: "../Lab10.1main.asm"
Invoking: MSP430 Compiler
"C:/ti/ccs1281/ccs/tools/compiler/ti-cgt-msp430_21.6.1.LTS/bin/cl430" -vmspx --code_model=small --data_model=small --use_hw_mpy=F5 --include_path="C:/ti/ccs1281/ccs/ccs_base/msp430/include" --include_path="C:/-- All Storage Here --/Classwork/Spring 2026/Microproccesors/CCS Workspace/Lab10.1_ASM_StackAndSubroutines_Jones" --include_path="C:/ti/ccs1281/ccs/tools/compiler/ti-cgt-msp430_21.6.1.LTS/include" --advice:power=all --advice:hw_config=all --define=__MSP430FR2355__ --define=_FRWP_ENABLE --define=_INFO_FRWP_ENABLE -g --printf_support=minimal --diag_warning=225 --diag_wrap=off --display_error_number --silicon_errata=CPU21 --silicon_errata=CPU22 --silicon_errata=CPU40 --preproc_with_compile --preproc_dependency="Lab10.1main.d_raw"  "../Lab10.1main.asm"
2 Assembly Errors, 1 Assembly Warning
 
>> Compilation failure
subdir_rules.mk:9: recipe for target 'Lab10.1main.obj' failed
"../Lab10.1main.asm", ERROR!   at line 105: [E0001] Undefined symbol
				jmp		main
 
"../Lab10.1main.asm", WARNING! at line 105: [W5369] Silicon Errata CPU40: A jump instruction at the end of a section should be followed by a NOP.
				jmp		main
 
"../Lab10.1main.asm", ERROR!   at EOF: [E0300] The following symbols are undefined:
  main
 
Errors in Source - Assembler Aborted
gmake: *** [Lab10.1main.obj] Error 1
gmake: Target 'all' not remade because of errors.

**** Build Finished ****

**** Build of configuration Debug for project Lab10.1_ASM_StackAndSubroutines_Jones ****

"C:\\ti\\ccs1281\\ccs\\utils\\bin\\gmake" -k -j 16 all -O 
 
Building file: "../Lab10.1main.asm"
Invoking: MSP430 Compiler
"C:/ti/ccs1281/ccs/tools/compiler/ti-cgt-msp430_21.6.1.LTS/bin/cl430" -vmspx --code_model=small --data_model=small --use_hw_mpy=F5 --include_path="C:/ti/ccs1281/ccs/ccs_base/msp430/include" --include_path="C:/-- All Storage Here --/Classwork/Spring 2026/Microproccesors/CCS Workspace/Lab10.1_ASM_StackAndSubroutines_Jones" --include_path="C:/ti/ccs1281/ccs/tools/compiler/ti-cgt-msp430_21.6.1.LTS/include" --advice:power=all --advice:hw_config=all --define=__MSP430FR2355__ --define=_FRWP_ENABLE --define=_INFO_FRWP_ENABLE -g --printf_support=minimal --diag_warning=225 --diag_wrap=off --display_error_number --silicon_errata=CPU21 --silicon_errata=CPU22 --silicon_errata=CPU40 --preproc_with_compile --preproc_dependency="Lab10.1main.d_raw"  "../Lab10.1main.asm"
No Assembly Errors, 1 Assembly Warning
"../Lab10.1main.asm", WARNING! at line 105: [W5369] Silicon Errata CPU40: A jump instruction at the end of a section should be followed by a NOP.
				jmp		Main
 
Finished building: "../Lab10.1main.asm"
 
Building target: "Lab10.1_ASM_StackAndSubroutines_Jones.out"
Invoking: MSP430 Linker
"C:/ti/ccs1281/ccs/tools/compiler/ti-cgt-msp430_21.6.1.LTS/bin/cl430" -vmspx --code_model=small --data_model=small --use_hw_mpy=F5 --advice:power=all --advice:hw_config=all --define=__MSP430FR2355__ --define=_FRWP_ENABLE --define=_INFO_FRWP_ENABLE -g --printf_support=minimal --diag_warning=225 --diag_wrap=off --display_error_number --silicon_errata=CPU21 --silicon_errata=CPU22 --silicon_errata=CPU40 -z -m"Lab10.1_ASM_StackAndSubroutines_Jones.map" --heap_size=0 --stack_size=0 --cinit_hold_wdt=on -i"C:/ti/ccs1281/ccs/ccs_base/msp430/include" -i"C:/ti/ccs1281/ccs/ccs_base/msp430/lib/FR2xx" -i"C:/ti/ccs1281/ccs/tools/compiler/ti-cgt-msp430_21.6.1.LTS/lib" -i"C:/ti/ccs1281/ccs/tools/compiler/ti-cgt-msp430_21.6.1.LTS/include" --priority --reread_libs --define=_FRWP_ENABLE --define=_INFO_FRWP_ENABLE --diag_wrap=off --display_error_number --warn_sections --xml_link_info="Lab10.1_ASM_StackAndSubroutines_Jones_linkInfo.xml" --entry_point=RESET --use_hw_mpy=F5 -o "Lab10.1_ASM_StackAndSubroutines_Jones.out" "./Lab10.1main.obj" "../lnk_msp430fr2355.cmd"  -lfrwp_init.a -llibc.a 
<Linking>
Finished building target: "Lab10.1_ASM_StackAndSubroutines_Jones.out"
 

**** Build Finished ****

**** Build of configuration Debug for project Lab10.1_ASM_StackAndSubroutines_Jones ****

"C:\\ti\\ccs1281\\ccs\\utils\\bin\\gmake" -k -j 16 all -O 
 
Building file: "../Lab10.1main.asm"
Invoking: MSP430 Compiler
"C:/ti/ccs1281/ccs/tools/compiler/ti-cgt-msp430_21.6.1.LTS/bin/cl430" -vmspx --code_model=small --data_model=small --use_hw_mpy=F5 --include_path="C:/ti/ccs1281/ccs/ccs_base/msp430/include" --include_path="C:/-- All Storage Here --/Classwork/Spring 2026/Microproccesors/CCS Workspace/Lab10.1_ASM_StackAndSubroutines_Jones" --include_path="C:/ti/ccs1281/ccs/tools/compiler/ti-cgt-msp430_21.6.1.LTS/include" --advice:power=all --advice:hw_config=all --define=__MSP430FR2355__ --define=_FRWP_ENABLE --define=_INFO_FRWP_ENABLE -g --printf_support=minimal --diag_warning=225 --diag_wrap=off --display_error_number --silicon_errata=CPU21 --silicon_errata=CPU22 --silicon_errata=CPU40 --preproc_with_compile --preproc_dependency="Lab10.1main.d_raw"  "../Lab10.1main.asm"
No Assembly Errors, 1 Assembly Warning
"../Lab10.1main.asm", WARNING! at line 103: [W5369] Silicon Errata CPU40: A jump instruction at the end of a section should be followed by a NOP.
				jmp		Main
 
Finished building: "../Lab10.1main.asm"
 
Building target: "Lab10.1_ASM_StackAndSubroutines_Jones.out"
Invoking: MSP430 Linker
"C:/ti/ccs1281/ccs/tools/compiler/ti-cgt-msp430_21.6.1.LTS/bin/cl430" -vmspx --code_model=small --data_model=small --use_hw_mpy=F5 --advice:power=all --advice:hw_config=all --define=__MSP430FR2355__ --define=_FRWP_ENABLE --define=_INFO_FRWP_ENABLE -g --printf_support=minimal --diag_warning=225 --diag_wrap=off --display_error_number --silicon_errata=CPU21 --silicon_errata=CPU22 --silicon_errata=CPU40 -z -m"Lab10.1_ASM_StackAndSubroutines_Jones.map" --heap_size=0 --stack_size=0 --cinit_hold_wdt=on -i"C:/ti/ccs1281/ccs/ccs_base/msp430/include" -i"C:/ti/ccs1281/ccs/ccs_base/msp430/lib/FR2xx" -i"C:/ti/ccs1281/ccs/tools/compiler/ti-cgt-msp430_21.6.1.LTS/lib" -i"C:/ti/ccs1281/ccs/tools/compiler/ti-cgt-msp430_21.6.1.LTS/include" --priority --reread_libs --define=_FRWP_ENABLE --define=_INFO_FRWP_ENABLE --diag_wrap=off --display_error_number --warn_sections --xml_link_info="Lab10.1_ASM_StackAndSubroutines_Jones_linkInfo.xml" --entry_point=RESET --use_hw_mpy=F5 -o "Lab10.1_ASM_StackAndSubroutines_Jones.out" "./Lab10.1main.obj" "../lnk_msp430fr2355.cmd"  -lfrwp_init.a -llibc.a 
<Linking>
Finished building target: "Lab10.1_ASM_StackAndSubroutines_Jones.out"
 

**** Build Finished ****

**** Build of configuration Debug for project Lab10.1_ASM_StackAndSubroutines_Jones ****

"C:\\ti\\ccs1281\\ccs\\utils\\bin\\gmake" -k -j 16 all -O 
 
Building file: "../Lab10.1main.asm"
Invoking: MSP430 Compiler
"C:/ti/ccs1281/ccs/tools/compiler/ti-cgt-msp430_21.6.1.LTS/bin/cl430" -vmspx --code_model=small --data_model=small --use_hw_mpy=F5 --include_path="C:/ti/ccs1281/ccs/ccs_base/msp430/include" --include_path="C:/-- All Storage Here --/Classwork/Spring 2026/Microproccesors/CCS Workspace/Lab10.1_ASM_StackAndSubroutines_Jones" --include_path="C:/ti/ccs1281/ccs/tools/compiler/ti-cgt-msp430_21.6.1.LTS/include" --advice:power=all --advice:hw_config=all --define=__MSP430FR2355__ --define=_FRWP_ENABLE --define=_INFO_FRWP_ENABLE -g --printf_support=minimal --diag_warning=225 --diag_wrap=off --display_error_number --silicon_errata=CPU21 --silicon_errata=CPU22 --silicon_errata=CPU40 --preproc_with_compile --preproc_dependency="Lab10.1main.d_raw"  "../Lab10.1main.asm"
Finished building: "../Lab10.1main.asm"
 
Building target: "Lab10.1_ASM_StackAndSubroutines_Jones.out"
Invoking: MSP430 Linker
"C:/ti/ccs1281/ccs/tools/compiler/ti-cgt-msp430_21.6.1.LTS/bin/cl430" -vmspx --code_model=small --data_model=small --use_hw_mpy=F5 --advice:power=all --advice:hw_config=all --define=__MSP430FR2355__ --define=_FRWP_ENABLE --define=_INFO_FRWP_ENABLE -g --printf_support=minimal --diag_warning=225 --diag_wrap=off --display_error_number --silicon_errata=CPU21 --silicon_errata=CPU22 --silicon_errata=CPU40 -z -m"Lab10.1_ASM_StackAndSubroutines_Jones.map" --heap_size=0 --stack_size=0 --cinit_hold_wdt=on -i"C:/ti/ccs1281/ccs/ccs_base/msp430/include" -i"C:/ti/ccs1281/ccs/ccs_base/msp430/lib/FR2xx" -i"C:/ti/ccs1281/ccs/tools/compiler/ti-cgt-msp430_21.6.1.LTS/lib" -i"C:/ti/ccs1281/ccs/tools/compiler/ti-cgt-msp430_21.6.1.LTS/include" --priority --reread_libs --define=_FRWP_ENABLE --define=_INFO_FRWP_ENABLE --diag_wrap=off --display_error_number --warn_sections --xml_link_info="Lab10.1_ASM_StackAndSubroutines_Jones_linkInfo.xml" --entry_point=RESET --use_hw_mpy=F5 -o "Lab10.1_ASM_StackAndSubroutines_Jones.out" "./Lab10.1main.obj" "../lnk_msp430fr2355.cmd"  -lfrwp_init.a -llibc.a 
<Linking>
Finished building target: "Lab10.1_ASM_StackAndSubroutines_Jones.out"
 

**** Build Finished ****

**** Build of configuration Debug for project Lab10.1_ASM_StackAndSubroutines_Jones ****

"C:\\ti\\ccs1281\\ccs\\utils\\bin\\gmake" -k -j 16 all -O 
 
gmake[1]: 'Lab10.1_ASM_StackAndSubroutines_Jones.out' is up to date.

**** Build Finished ****

**** Build of configuration Debug for project Lab10.1_ASM_StackAndSubroutines_Jones ****

"C:\\ti\\ccs1281\\ccs\\utils\\bin\\gmake" -k -j 16 all -O 
 
gmake[1]: 'Lab10.1_ASM_StackAndSubroutines_Jones.out' is up to date.

**** Build Finished ****

**** Build of configuration Debug for project Lab10.1_ASM_StackAndSubroutines_Jones ****

"C:\\ti\\ccs1281\\ccs\\utils\\bin\\gmake" -k -j 16 all -O 
 
gmake[1]: 'Lab10.1_ASM_StackAndSubroutines_Jones.out' is up to date.

**** Build Finished ****

**** Build of configuration Debug for project Lab10.1_ASM_StackAndSubroutines_Jones ****

"C:\\ti\\ccs1281\\ccs\\utils\\bin\\gmake" -k -j 16 all -O 
 
Building file: "../Lab10.1main.asm"
Invoking: MSP430 Compiler
"C:/ti/ccs1281/ccs/tools/compiler/ti-cgt-msp430_21.6.1.LTS/bin/cl430" -vmspx --code_model=small --data_model=small --use_hw_mpy=F5 --include_path="C:/ti/ccs1281/ccs/ccs_base/msp430/include" --include_path="C:/-- All Storage Here --/Classwork/Spring 2026/Microproccesors/CCS Workspace/Lab10.1_ASM_StackAndSubroutines_Jones" --include_path="C:/ti/ccs1281/ccs/tools/compiler/ti-cgt-msp430_21.6.1.LTS/include" --advice:power=all --advice:hw_config=all --define=__MSP430FR2355__ --define=_FRWP_ENABLE --define=_INFO_FRWP_ENABLE -g --printf_support=minimal --diag_warning=225 --diag_wrap=off --display_error_number --silicon_errata=CPU21 --silicon_errata=CPU22 --silicon_errata=CPU40 --preproc_with_compile --preproc_dependency="Lab10.1main.d_raw"  "../Lab10.1main.asm"
Finished building: "../Lab10.1main.asm"
 
Building target: "Lab10.1_ASM_StackAndSubroutines_Jones.out"
Invoking: MSP430 Linker
"C:/ti/ccs1281/ccs/tools/compiler/ti-cgt-msp430_21.6.1.LTS/bin/cl430" -vmspx --code_model=small --data_model=small --use_hw_mpy=F5 --advice:power=all --advice:hw_config=all --define=__MSP430FR2355__ --define=_FRWP_ENABLE --define=_INFO_FRWP_ENABLE -g --printf_support=minimal --diag_warning=225 --diag_wrap=off --display_error_number --silicon_errata=CPU21 --silicon_errata=CPU22 --silicon_errata=CPU40 -z -m"Lab10.1_ASM_StackAndSubroutines_Jones.map" --heap_size=0 --stack_size=0 --cinit_hold_wdt=on -i"C:/ti/ccs1281/ccs/ccs_base/msp430/include" -i"C:/ti/ccs1281/ccs/ccs_base/msp430/lib/FR2xx" -i"C:/ti/ccs1281/ccs/tools/compiler/ti-cgt-msp430_21.6.1.LTS/lib" -i"C:/ti/ccs1281/ccs/tools/compiler/ti-cgt-msp430_21.6.1.LTS/include" --priority --reread_libs --define=_FRWP_ENABLE --define=_INFO_FRWP_ENABLE --diag_wrap=off --display_error_number --warn_sections --xml_link_info="Lab10.1_ASM_StackAndSubroutines_Jones_linkInfo.xml" --entry_point=RESET --use_hw_mpy=F5 -o "Lab10.1_ASM_StackAndSubroutines_Jones.out" "./Lab10.1main.obj" "../lnk_msp430fr2355.cmd"  -lfrwp_init.a -llibc.a 
<Linking>
Finished building target: "Lab10.1_ASM_StackAndSubroutines_Jones.out"
 

**** Build Finished ****

**** Build of configuration Debug for project Lab10.1_ASM_StackAndSubroutines_Jones ****

"C:\\ti\\ccs1281\\ccs\\utils\\bin\\gmake" -k -j 16 all -O 
 
Building file: "../Lab10.1main.asm"
Invoking: MSP430 Compiler
"C:/ti/ccs1281/ccs/tools/compiler/ti-cgt-msp430_21.6.1.LTS/bin/cl430" -vmspx --code_model=small --data_model=small --use_hw_mpy=F5 --include_path="C:/ti/ccs1281/ccs/ccs_base/msp430/include" --include_path="C:/-- All Storage Here --/Classwork/Spring 2026/Microproccesors/CCS Workspace/Lab10.1_ASM_StackAndSubroutines_Jones" --include_path="C:/ti/ccs1281/ccs/tools/compiler/ti-cgt-msp430_21.6.1.LTS/include" --advice:power=all --advice:hw_config=all --define=__MSP430FR2355__ --define=_FRWP_ENABLE --define=_INFO_FRWP_ENABLE -g --printf_support=minimal --diag_warning=225 --diag_wrap=off --display_error_number --silicon_errata=CPU21 --silicon_errata=CPU22 --silicon_errata=CPU40 --preproc_with_compile --preproc_dependency="Lab10.1main.d_raw"  "../Lab10.1main.asm"
Finished building: "../Lab10.1main.asm"
 
Building target: "Lab10.1_ASM_StackAndSubroutines_Jones.out"
Invoking: MSP430 Linker
"C:/ti/ccs1281/ccs/tools/compiler/ti-cgt-msp430_21.6.1.LTS/bin/cl430" -vmspx --code_model=small --data_model=small --use_hw_mpy=F5 --advice:power=all --advice:hw_config=all --define=__MSP430FR2355__ --define=_FRWP_ENABLE --define=_INFO_FRWP_ENABLE -g --printf_support=minimal --diag_warning=225 --diag_wrap=off --display_error_number --silicon_errata=CPU21 --silicon_errata=CPU22 --silicon_errata=CPU40 -z -m"Lab10.1_ASM_StackAndSubroutines_Jones.map" --heap_size=0 --stack_size=0 --cinit_hold_wdt=on -i"C:/ti/ccs1281/ccs/ccs_base/msp430/include" -i"C:/ti/ccs1281/ccs/ccs_base/msp430/lib/FR2xx" -i"C:/ti/ccs1281/ccs/tools/compiler/ti-cgt-msp430_21.6.1.LTS/lib" -i"C:/ti/ccs1281/ccs/tools/compiler/ti-cgt-msp430_21.6.1.LTS/include" --priority --reread_libs --define=_FRWP_ENABLE --define=_INFO_FRWP_ENABLE --diag_wrap=off --display_error_number --warn_sections --xml_link_info="Lab10.1_ASM_StackAndSubroutines_Jones_linkInfo.xml" --entry_point=RESET --use_hw_mpy=F5 -o "Lab10.1_ASM_StackAndSubroutines_Jones.out" "./Lab10.1main.obj" "../lnk_msp430fr2355.cmd"  -lfrwp_init.a -llibc.a 
<Linking>
Finished building target: "Lab10.1_ASM_StackAndSubroutines_Jones.out"
 

**** Build Finished ****

**** Build of configuration Debug for project Lab10.1_ASM_StackAndSubroutines_Jones ****

"C:\\ti\\ccs1281\\ccs\\utils\\bin\\gmake" -k -j 16 all -O 
 
gmake[1]: 'Lab10.1_ASM_StackAndSubroutines_Jones.out' is up to date.

**** Build Finished ****
